chrom,pos,ref_base,alt_base,base__gene,base__cchange,base__achange,gnomad__af,VEP_varity_r,VEP_revel__score,VEP_alphamissense__pathogenicity,VEP_esm1b__score,clinvar,conf,stars
chr2,168932507,G,T,ABCB11,c.3083C>A,p.Ala1028Glu,NA,0.7854557,0.89145,0.9617,0.95344,VUS,.,1
chr2,168932507,G,A,ABCB11,c.3083C>T,p.Ala1028Val,4.0239505537e-6,0.56090826,0.80842,0.5301,0.75135,Conflicting,Likely_pathogenic(1)|Uncertain_significance(1),1
chr2,168932466,C,A,ABCB11,c.3124G>T,p.Ala1042Ser,1.07431387154e-5,0.30929124,0.79094,0.1023,0.63864,VUS,.,1
chr2,168932460,C,G,ABCB11,c.3130G>C,p.Ala1044Pro,NA,0.9397544,0.99434,0.9848,0.99204,VUS,.,1
chr2,168932445,C,T,ABCB11,c.3145G>A,p.Ala1049Thr,NA,0.30752555,0.78848,0.1941,0.57343,VUS,.,1
chr2,168930747,G,T,ABCB11,c.3329C>A,p.Ala1110Glu,4.03248570484e-6,0.98526984,0.98341,0.9931,0.99295,Conflicting,Likely_pathogenic(1)|Uncertain_significance(1),1
chr2,168930747,G,A,ABCB11,c.3329C>T,p.Ala1110Val,2.50549419083e-5,0.94348764,0.96947,0.8365,0.96241,VUS,.,0
chr2,168927275,C,A,ABCB11,c.3499G>T,p.Ala1167Ser,NA,0.1630556,0.65226,0.0729,0.23609,VUS,.,1
chr2,168927274,G,A,ABCB11,c.3500C>T,p.Ala1167Val,4.01206830145e-6,0.40838584,0.76816,0.2661,0.70223,VUS,.,1
chr2,168927205,G,T,ABCB11,c.3569C>A,p.Ala1190Glu,NA,0.07616411,0.49076,0.0736,0.02739,VUS,.,1
chr2,168927202,G,T,ABCB11,c.3572C>A,p.Ala1191Asp,NA,0.98764694,0.99091,0.9077,0.95065,VUS,.,1
chr2,168927199,G,T,ABCB11,c.3575C>A,p.Ala1192Glu,NA,0.9907273,0.94162,0.9288,0.97785,VUS,.,1
chr2,168924734,C,G,ABCB11,c.3688G>C,p.Ala1230Pro,NA,0.9954808,0.99762,0.995,0.98502,VUS,.,0
chr2,168924727,G,T,ABCB11,c.3695C>A,p.Ala1232Asp,NA,0.99331445,0.99762,0.9909,0.991,Conflicting,Likely_pathogenic(1)|Uncertain_significance(1),1
chr2,168923810,C,G,ABCB11,c.3778G>C,p.Ala1260Pro,1.62056168668e-5,0.92310584,0.97662,0.9765,0.99752,VUS,.,2
chr2,168923741,C,T,ABCB11,c.3847G>A,p.Ala1283Thr,1.43485403947e-5,0.3459586,0.7835,0.1669,0.68114,VUS,.,2
chr2,168923740,G,A,ABCB11,c.3848C>T,p.Ala1283Val,6.81482331674e-5,0.5436921,0.84345,0.2457,0.68645,VUS,.,2
chr2,168923674,G,T,ABCB11,c.3914C>A,p.Ala1305Asp,NA,0.41259152,0.46274,0.1087,0.43443,VUS,.,1
chr2,168996687,G,T,ABCB11,c.425C>A,p.Ala142Asp,NA,0.94378877,0.96539,0.9706,0.87422,VUS,.,0
chr2,168996661,C,T,ABCB11,c.451G>A,p.Ala151Thr,4.76544480662e-6,0.0799693,0.38195,0.0788,0.44154,VUS,.,2
chr2,168995461,C,T,ABCB11,c.499G>A,p.Ala167Thr,1.2132192368e-5,0.5176043,0.93306,0.454,0.63578,P/LP,.,2
chr2,168995460,G,A,ABCB11,c.500C>T,p.Ala167Val,NA,0.7794669,0.9536,0.7838,0.83237,VUS,.,2
chr2,168995457,G,T,ABCB11,c.503C>A,p.Ala168Asp,NA,0.7043158,0.90939,0.6699,0.68695,VUS,.,1
chr2,168993859,G,A,ABCB11,c.635C>T,p.Ala212Val,NA,0.6913234,0.91371,0.5388,0.62955,VUS,.,1
chr2,168993854,C,T,ABCB11,c.640G>A,p.Ala214Thr,NA,0.6258555,0.84719,0.3585,0.54456,VUS,.,1
chr2,168993724,G,A,ABCB11,c.770C>T,p.Ala257Val,NA,0.43714866,0.794,0.1703,0.59327,VUS,.,1
chr2,168990879,G,T,ABCB11,c.830C>A,p.Ala277Glu,NA,0.97910357,0.9899,0.979,0.97773,VUS,.,2
chr2,168990835,C,A,ABCB11,c.874G>T,p.Ala292Ser,NA,0.4507669,0.85511,0.1298,0.6425,VUS,.,1
chr2,168990835,C,T,ABCB11,c.874G>A,p.Ala292Thr,NA,0.29360825,0.82175,0.1206,0.43435,VUS,.,0
chr2,168979955,C,T,ABCB11,c.1108G>A,p.Ala370Thr,4.02003585872e-6,0.3723065,0.86836,0.358,0.59906,VUS,.,1
chr2,168979918,G,C,ABCB11,c.1145C>G,p.Ala382Gly,8.03399988752e-6,0.26166517,0.86686,0.2292,0.84365,VUS,.,1
chr2,168979918,G,A,ABCB11,c.1145C>T,p.Ala382Val,NA,0.13743211,0.60808,0.169,0.5829,VUS,.,1
chr2,168979898,C,G,ABCB11,c.1165G>C,p.Ala389Pro,NA,0.9069854,0.98341,0.9677,0.96525,VUS,.,0
chr2,168971917,G,C,ABCB11,c.1568C>G,p.Ala523Gly,1.20674813557e-5,0.7758617,0.82912,0.2061,0.68337,Conflicting,Likely_pathogenic(2)|Uncertain_significance(1),1
chr2,168971881,G,T,ABCB11,c.1604C>A,p.Ala535Asp,NA,0.9835984,0.97776,0.9377,0.92981,P/LP,.,1
chr2,168970146,C,A,ABCB11,c.1708G>T,p.Ala570Ser,NA,0.88791454,0.96539,0.2122,0.61959,Conflicting,Likely_pathogenic(1)|Uncertain_significance(2),1
chr2,168970146,C,T,ABCB11,c.1708G>A,p.Ala570Thr,4.02566765698e-6,0.88280106,0.98708,0.5021,0.65228,P/LP,.,2
chr2,168970145,G,A,ABCB11,c.1709C>T,p.Ala570Val,NA,0.9616493,0.97662,0.6279,0.77157,P/LP,.,2
chr2,168970100,G,T,ABCB11,c.1754C>A,p.Ala585Asp,NA,0.9768943,0.96576,0.9366,0.96655,P/LP,.,1
chr2,168970091,G,C,ABCB11,c.1763C>G,p.Ala588Gly,4.02213784671e-6,0.957553,0.88867,0.5627,0.83973,Conflicting,Likely_pathogenic(1)|Uncertain_significance(1),1
chr2,168970092,C,G,ABCB11,c.1762G>C,p.Ala588Pro,NA,0.98818505,0.98526,0.851,0.98603,P/LP,.,1
chr2,168970091,G,A,ABCB11,c.1763C>T,p.Ala588Val,8.04427569342e-6,0.97702,0.94579,0.5944,0.91105,P/LP,.,2
chr2,168969520,G,A,ABCB11,c.1841C>T,p.Ala614Val,4.03984907124e-6,0.5974687,0.92948,0.3854,0.83033,VUS,.,1
chr2,168969461,C,T,ABCB11,c.1900G>A,p.Ala634Thr,NA,0.19801974,0.59619,0.1361,0.3465,VUS,.,1
chr2,168969374,C,T,ABCB11,c.1987G>A,p.Ala663Thr,9.32614980666e-5,0.021330351,0.44549,0.0665,0.10409,Conflicting,Uncertain_significance(1)|Likely_benign(1),1
chr2,168968466,G,A,ABCB11,c.2036C>T,p.Ala679Val,4.02828431055e-4,0.059412766,0.58758,0.0764,0.16897,Conflicting,Uncertain_significance(2)|Benign(1),1
chr2,168964307,C,G,ABCB11,c.2077G>C,p.Ala693Pro,1.74410492535e-5,0.3251815,0.72176,0.275,0.47793,Conflicting,Likely_pathogenic(1)|Uncertain_significance(1),1
chr2,168964307,C,T,ABCB11,c.2077G>A,p.Ala693Thr,2.90684154225e-5,0.11047868,0.56562,0.0942,0.40376,VUS,.,2
chr2,168944622,C,T,ABCB11,c.2593G>A,p.Ala865Thr,4.07950132176e-6,0.5016518,0.91626,0.2643,0.65589,VUS,.,1
chr2,168944621,G,A,ABCB11,c.2594C>T,p.Ala865Val,0.00109813389961,0.5582509,0.81601,0.3764,0.78376,B/LB,.,2
chr2,168936268,C,A,ABCB11,c.2776G>T,p.Ala926Ser,NA,0.41591,0.81135,0.1141,0.32732,VUS,.,1
chr2,168935248,C,T,ABCB11,c.2992G>A,p.Ala998Thr,NA,0.374544,0.86736,0.1099,0.72724,VUS,.,1
chr2,168932442,G,A,ABCB11,c.3148C>T,p.Arg1050Cys,1.24330686471e-5,0.35365894,0.97436,0.135,0.69025,P/LP,.,2
chr2,168932441,C,T,ABCB11,c.3149G>A,p.Arg1050His,4.16174193871e-6,0.08544323,0.79156,0.0888,0.50494000000000006,VUS,.,1
chr2,168932420,C,T,ABCB11,c.3170G>A,p.Arg1057Gln,2.97601825291e-4,0.32514325,0.80007,0.0894,0.55553,B/LB,.,1
chr2,168930694,G,A,ABCB11,c.3382C>T,p.Arg1128Cys,1.68081351374e-5,0.9287632,0.94914,0.4183,0.85219,P/LP,.,2
chr2,168930694,G,C,ABCB11,c.3382C>G,p.Arg1128Gly,4.20203378435e-6,0.9620686,0.92046,0.8718,0.9477,P/LP,.,2
chr2,168930693,C,T,ABCB11,c.3383G>A,p.Arg1128His,4.21382640721e-6,0.901677,0.95986,0.4543,0.83476,Conflicting,Pathogenic(1)|Likely_pathogenic(3)|Uncertain_significance(1),1
chr2,168930693,C,A,ABCB11,c.3383G>T,p.Arg1128Leu,NA,0.9081037,0.95839,0.8706,0.92903,VUS,.,1
chr2,168930693,C,G,ABCB11,c.3383G>C,p.Arg1128Pro,NA,0.98807317,0.98955,0.9941,0.99054,P/LP,.,1
chr2,168930694,G,T,ABCB11,c.3382C>A,p.Arg1128Ser,NA,0.9702116,0.94653,0.978,0.89826,Conflicting,Likely_pathogenic(1)|Uncertain_significance(1),1
chr2,168927317,G,A,ABCB11,c.3457C>T,p.Arg1153Cys,1.42562852398e-5,0.77319354,0.9691,0.5314,0.92268,P/LP,.,2
chr2,168927317,G,C,ABCB11,c.3457C>G,p.Arg1153Gly,NA,0.9622926,0.97323,0.9536,0.94304,VUS,.,1
chr2,168927316,C,T,ABCB11,c.3458G>A,p.Arg1153His,8.02600425378e-6,0.92412716,0.97474,0.5694,0.68108,P/LP,.,2
chr2,168927316,C,G,ABCB11,c.3458G>C,p.Arg1153Pro,3.1849162367e-5,0.9909003,0.99571,0.9863,0.96183,Conflicting,Likely_pathogenic(1)|Uncertain_significance(1),1
chr2,168924760,C,T,ABCB11,c.3662G>A,p.Arg1221Lys,NA,0.46474075,0.80247,0.4766,0.52058,P/LP,.,0
chr2,168924746,G,A,ABCB11,c.3676C>T,p.Arg1226Cys,6.41925777332e-5,0.90199494,0.99315,0.5483,0.85238,Conflicting,Likely_pathogenic(2)|Uncertain_significance(2),1
chr2,168924745,C,T,ABCB11,c.3677G>A,p.Arg1226His,2.1381532058e-5,0.93188137,0.98851,0.6839,0.95701,VUS,.,1
chr2,168924745,C,A,ABCB11,c.3677G>T,p.Arg1226Leu,2.40718303417e-5,0.85462075,0.98117,0.8527,0.96638,VUS,.,1
chr2,168924730,C,T,ABCB11,c.3692G>A,p.Arg1231Gln,1.20347563764e-5,0.94667315,0.99346,0.8514,0.80002,P/LP,.,2
chr2,168924731,G,C,ABCB11,c.3691C>G,p.Arg1231Gly,3.18694626809e-5,0.96488744,0.9949,0.9807,0.87489,P/LP,.,2
chr2,168924730,C,A,ABCB11,c.3692G>T,p.Arg1231Leu,NA,0.98253113,0.99918,0.9503,0.85555,P/LP,.,1
chr2,168924731,G,A,ABCB11,c.3691C>T,p.Arg1231Trp,2.0057927294e-5,0.9701577,0.99221,0.9384,0.90374,P/LP,.,2
chr2,168923785,C,T,ABCB11,c.3803G>A,p.Arg1268Gln,NA,0.6605216,0.97965,0.3682,0.686,P/LP,.,2
chr2,168923786,G,A,ABCB11,c.3802C>T,p.Arg1268Trp,4.04851743292e-6,0.86237246,0.96539,0.6471,0.93108,P/LP,.,2
chr2,168923762,G,A,ABCB11,c.3826C>T,p.Arg1276Cys,NA,0.8128052,0.96836,0.8458,0.76415,VUS,.,1
chr2,169013278,C,T,ABCB11,c.383G>A,p.Arg128His,1.9120458891e-4,0.031787153,0.63588,0.0725,0.12739,Conflicting,Uncertain_significance(1)|Likely_benign(2),1
chr2,168995454,C,T,ABCB11,c.506G>A,p.Arg169His,7.52693567696e-5,0.16966099,0.59861,0.0815,0.71765,Conflicting,Uncertain_significance(4)|Likely_benign(1),1
chr2,168995357,T,A,ABCB11,c.603A>T,p.Arg201Ser,NA,0.94522434,0.94691,0.5415,0.78734,VUS,.,1
chr2,168993827,G,A,ABCB11,c.667C>T,p.Arg223Cys,7.9165737069e-5,0.28088024,0.87035,0.2457,0.55373000000000006,Conflicting,Likely_pathogenic(1)|Uncertain_significance(2)|Likely_benign(1),1
chr2,168993826,C,T,ABCB11,c.668G>A,p.Arg223His,5.76364723597e-5,0.31847993,0.86232,0.169,0.5754,VUS,.,1
chr2,168993826,C,A,ABCB11,c.668G>T,p.Arg223Leu,NA,0.49870208,0.90545,0.432,0.5064,VUS,.,0
chr2,168990813,C,T,ABCB11,c.896G>A,p.Arg299Lys,2.14112894592e-4,0.05229387,0.56827,0.0566,0.00365,Conflicting,Uncertain_significance(1)|Likely_benign(2),1
chr2,168990801,C,T,ABCB11,c.908G>A,p.Arg303Lys,NA,0.5486875,0.89468,0.2851,0.50984,VUS,.,1
chr2,168986256,G,A,ABCB11,c.937C>T,p.Arg313Cys,1.20661223505e-5,0.3071192,0.87527,0.1109,0.73618,VUS,.,1
chr2,168986255,C,T,ABCB11,c.938G>A,p.Arg313His,1.60850577856e-5,0.08341899,0.44019,0.0708,0.52051,B/LB,.,1
chr2,168986256,G,T,ABCB11,c.937C>A,p.Arg313Ser,8.04408156699e-6,0.2259222,0.70521,0.1911,0.42874,VUS,.,1
chr2,169014354,C,G,ABCB11,c.99G>C,p.Arg33Ser,4.0201974721e-6,0.19166256,0.6978,0.1286,0.0205,VUS,.,1
chr2,168979903,C,T,ABCB11,c.1160G>A,p.Arg387His,8.03567841215e-6,0.4694682,0.89559,0.2325,0.78286,Conflicting,Pathogenic(1)|Likely_pathogenic(3)|Uncertain_significance(1),1
chr2,168976641,C,T,ABCB11,c.1244G>A,p.Arg415Gln,1.1473564191e-4,0.08844544,0.49076,0.0776,0.06473,VUS,.,2
chr2,168976641,C,G,ABCB11,c.1244G>C,p.Arg415Pro,NA,0.40704516,0.67418,0.4413,0.43906,VUS,.,1
chr2,168976590,C,G,ABCB11,c.1295G>C,p.Arg432Thr,NA,0.8300443,0.9691,0.9482,0.93676,P/LP,.,1
chr2,168973740,C,T,ABCB11,c.1409G>A,p.Arg470Gln,NA,0.92241883,0.9617,0.5312,0.87743,P/LP,.,2
chr2,168973740,C,A,ABCB11,c.1409G>T,p.Arg470Leu,1.20592349621e-5,0.93614143,0.97662,0.8481,0.92764,Conflicting,Likely_pathogenic(1)|Uncertain_significance(1),1
chr2,168973740,C,G,ABCB11,c.1409G>C,p.Arg470Pro,NA,0.9898962,0.97965,0.9841,0.97433,VUS,.,1
chr2,168972026,G,A,ABCB11,c.1459C>T,p.Arg487Cys,2.50777409971e-5,0.8316278,0.93543,0.1554,0.69134,P/LP,.,2
chr2,168972025,C,T,ABCB11,c.1460G>A,p.Arg487His,1.00303777154e-4,0.78614986,0.91626,0.1654,0.63405,P/LP,.,2
chr2,168972025,C,A,ABCB11,c.1460G>T,p.Arg487Leu,NA,0.88131624,0.91155,0.5208,0.80431,Conflicting,Likely_pathogenic(1)|Uncertain_significance(1),1
chr2,168972025,C,G,ABCB11,c.1460G>C,p.Arg487Pro,NA,0.9504652,0.92948,0.9135,0.9281,P/LP,.,1
chr2,168972001,C,A,ABCB11,c.1484G>T,p.Arg495Ile,NA,0.9247336,0.98708,0.9162,0.89722,P/LP,.,1
chr2,168971935,C,T,ABCB11,c.1550G>A,p.Arg517His,1.42928607161e-5,0.8618186,0.94989,0.1253,0.79598,P/LP,.,2
chr2,169013506,C,T,ABCB11,c.155G>A,p.Arg52Gln,5.23627692655e-5,0.12842053,0.78662,0.1327,0.5024,VUS,.,2
chr2,169013507,G,A,ABCB11,c.154C>T,p.Arg52Trp,1.61183733338e-5,0.70151734,0.883,0.2398,0.73594,Conflicting,Pathogenic(1)|Likely_pathogenic(3)|Uncertain_significance(2),1
chr2,168970157,C,T,ABCB11,c.1697G>A,p.Arg566Lys,4.02628357921e-6,0.94944257,0.92623,0.4188,0.7793,VUS,.,1
chr2,168970130,C,T,ABCB11,c.1724G>A,p.Arg575Gln,1.36797804798e-4,0.85919935,0.85563,0.1243,0.90696,VUS,.,2
chr2,168969515,G,A,ABCB11,c.1846C>T,p.Arg616Cys,1.43396929872e-5,0.76396525,0.97286,0.347,0.65955,VUS,.,2
chr2,168969514,C,T,ABCB11,c.1847G>A,p.Arg616His,2.01971239296e-5,0.49789107,0.91498,0.2154,0.69808,VUS,.,2
chr2,168969424,C,T,ABCB11,c.1937G>A,p.Arg646Lys,1.45331234104e-4,0.17277685,0.60574,0.0821,0.01544,B/LB,.,1
chr2,168968463,C,T,ABCB11,c.2039G>A,p.Arg680Lys,1.07848494435e-5,0.08417496,0.41843,0.0684,0.32109,B/LB,.,1
chr2,168964297,C,T,ABCB11,c.2087G>A,p.Arg696Gln,1.87039594843e-4,0.35566354,0.676,0.0991,0.61227,Conflicting,Uncertain_significance(6)|Benign(1),1
chr2,168964298,G,A,ABCB11,c.2086C>T,p.Arg696Trp,4.31513942695e-5,0.3223903,0.94952,0.1227,0.74121,Conflicting,Likely_pathogenic(1)|Uncertain_significance(2),1
chr2,168964292,G,A,ABCB11,c.2092C>T,p.Arg698Cys,5.20645979666e-5,0.36667156,0.83193,0.1284,0.69997,VUS,.,2
chr2,168964291,C,T,ABCB11,c.2093G>A,p.Arg698His,0.00373249950703,0.3006784,0.76289,0.0855,0.5169,B/LB,.,2
chr2,168958079,C,G,ABCB11,c.2228G>C,p.Arg743Thr,4.84175529769e-5,0.5883202,0.92294,0.5327,0.81658,VUS,.,2
chr2,168944721,G,A,ABCB11,c.2494C>T,p.Arg832Cys,7.14484749323e-6,0.8402398,0.96836,0.79,0.84612,P/LP,.,2
chr2,168944720,C,T,ABCB11,c.2495G>A,p.Arg832His,4.02307636604e-6,0.87673926,0.97474,0.8415,0.82497,Conflicting,Pathogenic(2)|Likely_pathogenic(5)|Uncertain_significance(1),1
chr2,168944720,C,A,ABCB11,c.2495G>T,p.Arg832Leu,4.02307636604e-6,0.95527947,0.96725,0.929,0.88535,VUS,.,1
chr2,169018103,C,T,ABCB11,c.23G>A,p.Arg8Gln,1.46218643234e-4,0.034173355,0.46948,0.1032,0.14976,Conflicting,Uncertain_significance(1)|Likely_benign(1),1
chr2,168936286,T,C,ABCB11,c.2758A>G,p.Arg920Gly,3.1843077315e-5,0.30314067,0.65325,0.1759,0.59313,VUS,.,1
chr2,168936261,C,T,ABCB11,c.2783G>A,p.Arg928Gln,3.92725299364e-5,0.049920924,0.79825,0.0633,0.05145,Conflicting,Uncertain_significance(3)|Likely_benign(1),1
chr2,168935398,G,A,ABCB11,c.2842C>T,p.Arg948Cys,NA,0.95034814,0.97097,0.2772,0.71572,P/LP,.,2
chr2,168935397,C,T,ABCB11,c.2843G>A,p.Arg948His,2.00827408925e-5,0.9513206,0.97436,0.2404,0.63844,P/LP,.,2
chr2,168935367,C,T,ABCB11,c.2873G>A,p.Arg958Gln,3.92011518011e-5,0.046602447,0.42395,0.0614,0.14272,B/LB,.,1
chr2,168935368,G,A,ABCB11,c.2872C>T,p.Arg958Trp,2.13827512473e-5,0.15884311,0.60574,0.0776,0.55553,VUS,.,2
chr2,168930858,T,C,ABCB11,c.3218A>G,p.Asn1073Ser,9.22994563562e-6,0.12265108500000001,0.60691,0.0647,0.20015,VUS,.,1
chr2,168927257,T,C,ABCB11,c.3517A>G,p.Asn1173Asp,4.01197172362e-6,0.98544127,0.9789,0.9522,0.92136,VUS,.,2
chr2,169013303,T,G,ABCB11,c.358A>C,p.Asn120His,3.5703064751100003e-05,0.05907814,0.30369,0.0693,0.35179,VUS,.,1
chr2,168924791,T,C,ABCB11,c.3631A>G,p.Asn1211Asp,6.46443751313e-5,0.33255044,0.57741,0.0825,0.31408,Conflicting,Uncertain_significance(1)|Likely_benign(1),1
chr2,169013297,T,C,ABCB11,c.364A>G,p.Asn122Asp,NA,0.17997754,0.65026,0.1345,0.50132,VUS,.,1
chr2,168995365,T,C,ABCB11,c.595A>G,p.Asn199Asp,NA,0.9788294,0.95026,0.3628,0.91853,VUS,.,1
chr2,168979939,T,C,ABCB11,c.1124A>G,p.Asn375Ser,6.75062081602e-4,0.07269536,0.57221,0.0757,0.54005,B/LB,.,2
chr2,168976614,T,G,ABCB11,c.1271A>C,p.Asn424Thr,1.79619637456e-5,0.54056555,0.87576,0.2038,0.70316,VUS,.,1
chr2,168973825,T,A,ABCB11,c.1324A>T,p.Asn442Tyr,2.81669738208e-5,0.79647785,0.8336,0.1955,0.61939,B/LB,.,1
chr2,168972017,T,C,ABCB11,c.1468A>G,p.Asn490Asp,1.43192622716e-5,0.65616053,0.90589,0.2661,0.69419,VUS,.,2
chr2,168971942,T,C,ABCB11,c.1543A>G,p.Asn515Asp,NA,0.9696572,0.98304,0.9041,0.76166,P/LP,.,1
chr2,168971941,T,G,ABCB11,c.1544A>C,p.Asn515Thr,4.02398293831e-6,0.951131,0.98452,0.8776,0.79686,P/LP,.,1
chr2,168971878,T,C,ABCB11,c.1607A>G,p.Asn536Ser,3.18775900542e-5,0.88726765,0.92583,0.103,0.64064,VUS,.,1
chr2,168970082,T,C,ABCB11,c.1772A>G,p.Asn591Ser,0.0126574140874,0.17271739,0.6104,0.1003,0.41587,B/LB,.,2
chr2,168935304,T,C,ABCB11,c.2936A>G,p.Asn979Ser,NA,0.46102998,0.77142,0.1059,0.66953,VUS,.,1
chr2,168930832,C,A,ABCB11,c.3244G>T,p.Asp1082Tyr,4.22675706291e-6,0.61082536,0.92583,0.1288,0.66257,VUS,.,1
chr2,168930802,C,T,ABCB11,c.3274G>A,p.Asp1092Asn,3.18532203606e-5,0.13412224,0.59253,0.0677,0.30203,VUS,.,0
chr2,168927345,G,C,ABCB11,c.3429C>G,p.Asp1143Glu,1.07072495217e-5,0.13255282,0.66863,0.2089,0.25614,VUS,.,2
chr2,168924716,C,A,ABCB11,c.3706G>T,p.Asp1236Tyr,6.37064407212e-5,0.7263408,0.91112,0.129,0.76887,VUS,.,2
chr2,168924694,T,C,ABCB11,c.3728A>G,p.Asp1243Gly,4.01174639344e-6,0.9864087,0.99982,0.9841,0.84939,Conflicting,Pathogenic(1)|Uncertain_significance(2),1
chr2,168923738,C,T,ABCB11,c.3850G>A,p.Asp1284Asn,1.21217998448e-5,0.6427057,0.76023,0.0854,0.55107,VUS,.,1
chr2,168979871,C,T,ABCB11,c.1192G>A,p.Asp398Asn,NA,0.3651167,0.75483,0.1083,0.33801,VUS,.,1
chr2,168972041,C,T,ABCB11,c.1444G>A,p.Asp482Asn,NA,0.645302,0.85196,0.4056,0.8952,Conflicting,Likely_pathogenic(1)|Uncertain_significance(1),1
chr2,168972040,T,C,ABCB11,c.1445A>G,p.Asp482Gly,2.15288342854e-5,0.6731662,0.96688,0.3775,0.89077,P/LP,.,2
chr2,168971998,T,A,ABCB11,c.1487A>T,p.Asp496Val,NA,0.6491508,0.79217,0.1335,0.68331,Conflicting,Pathogenic(1)|Uncertain_significance(2),1
chr2,168971857,T,C,ABCB11,c.1628A>G,p.Asp543Gly,3.20492276136e-5,0.14521883,0.54781,0.0789,0.23248,VUS,.,1
chr2,169013488,T,G,ABCB11,c.173A>C,p.Asp58Ala,NA,0.8952757,0.91626,0.6085,0.83702,VUS,.,1
chr2,168970085,T,C,ABCB11,c.1769A>G,p.Asp590Gly,4.02191137316e-6,0.94340485,0.99058,0.831,0.94364,VUS,.,2
chr2,168969490,T,A,ABCB11,c.1871A>T,p.Asp624Val,NA,0.88092273,0.97776,0.4424,0.79405,VUS,.,1
chr2,168968478,T,C,ABCB11,c.2024A>G,p.Asp675Gly,NA,0.091189355,0.51112,0.058,0.26519,VUS,.,1
chr2,168944946,C,T,ABCB11,c.2359G>A,p.Asp787Asn,NA,0.21874349,0.68582,0.0708,0.49063,VUS,.,1
chr2,169013398,T,A,ABCB11,c.263A>T,p.Asp88Val,NA,0.92707145,0.98563,0.8533,0.83687,Conflicting,Likely_pathogenic(1)|Uncertain_significance(1),1
chr2,169013381,C,T,ABCB11,c.280G>A,p.Asp94Asn,1.00466970479e-4,0.23562357,0.71714,0.1744,0.44878,Conflicting,Uncertain_significance(1)|Likely_benign(1),1
chr2,169013342,A,G,ABCB11,c.319T>C,p.Cys107Arg,4.0156772038e-6,0.61074233,0.93306,0.9822,0.58834,P/LP,.,1
chr2,168930829,A,G,ABCB11,c.3247T>C,p.Cys1083Arg,NA,0.85282147,0.97549,0.9488,0.75466,VUS,.,1
chr2,168930828,C,T,ABCB11,c.3248G>A,p.Cys1083Tyr,NA,0.675416,0.92623,0.8395,0.69909,VUS,.,1
chr2,168930726,C,T,ABCB11,c.3350G>A,p.Cys1117Tyr,NA,0.9807091,0.96947,0.9092,0.81616,VUS,.,2
chr2,169013275,C,T,ABCB11,c.386G>A,p.Cys129Tyr,NA,0.22680709,0.82912,0.9527,0.55165,P/LP,.,1
chr2,168995479,A,G,ABCB11,c.481T>C,p.Cys161Arg,NA,0.37944475,0.47777,0.424,0.78834,VUS,.,1
chr2,168976672,A,G,ABCB11,c.1213T>C,p.Cys405Arg,NA,0.568399,0.84773,0.3776,0.68459,VUS,.,2
chr2,168976672,A,C,ABCB11,c.1213T>G,p.Cys405Gly,NA,0.33524036,0.85718,0.1053,0.57399,VUS,.,1
chr2,169013458,C,T,ABCB11,c.203G>A,p.Cys68Tyr,NA,0.8278991,0.92336,0.6764,0.66014,P/LP,.,1
chr2,169013300,G,T,ABCB11,c.361C>A,p.Gln121Lys,2.14262757562e-5,0.20481792,0.59861,0.0819,0.32818,B/LB,.,1
chr2,168923671,T,C,ABCB11,c.3917A>G,p.Gln1306Arg,1.20459674116e-5,0.082126416,0.10527,0.0636,0.38065,B/LB,.,1
chr2,168995451,T,C,ABCB11,c.509A>G,p.Gln170Arg,NA,0.95048845,0.97814,0.737,0.94802,VUS,.,1
chr2,168986257,C,A,ABCB11,c.936G>T,p.Gln312His,NA,0.7930728,0.94276,0.7651,0.62128,Conflicting,Uncertain_significance(8)|Likely_benign(1),1
chr2,168973753,G,T,ABCB11,c.1396C>A,p.Gln466Lys,1.78422318491e-4,0.9606701,0.91879,0.3407,0.65661,Conflicting,Uncertain_significance(4)|Likely_benign(1),1
chr2,169014306,T,A,ABCB11,c.147A>T,p.Gln49His,4.01500004015e-6,0.0769513,0.69946,0.1772,0.5361,VUS,.,1
chr2,168971848,T,C,ABCB11,c.1637A>G,p.Gln546Arg,NA,0.18478782,0.56562,0.0864,0.47598,VUS,.,1
chr2,168971849,G,T,ABCB11,c.1636C>A,p.Gln546Lys,3.46728243696e-4,0.18037087,0.63588,0.0864,0.28414,B/LB,.,2
chr2,168969547,T,G,ABCB11,c.1814A>C,p.Gln605Pro,NA,0.57072026,0.79461,0.0937,0.59892,VUS,.,1
chr2,168969385,T,C,ABCB11,c.1976A>G,p.Gln659Arg,4.03590339662e-6,0.06869627,0.55061,0.0735,0.62593,VUS,.,1
chr2,168957975,G,C,ABCB11,c.2332C>G,p.Gln778Glu,1.22729504173e-5,0.0927768,0.61616,0.0687,0.0483,Conflicting,Uncertain_significance(1)|Likely_benign(1),1
chr2,168944924,T,C,ABCB11,c.2381A>G,p.Gln794Arg,1.08746479333e-5,0.23588473,0.65226,0.0914,0.17684,VUS,.,1
chr2,168944858,T,G,ABCB11,c.2447A>C,p.Gln816Pro,NA,0.9905792,0.98041,0.8968,0.98696,VUS,.,1
chr2,168944609,T,G,ABCB11,c.2606A>C,p.Gln869Pro,NA,0.97273797,0.96985,0.7503,0.97811,VUS,.,1
chr2,168936421,G,C,ABCB11,c.2623C>G,p.Gln875Glu,NA,0.89224225,0.9536,0.186,0.86033,VUS,.,1
chr2,168935313,T,C,ABCB11,c.2927A>G,p.Gln976Arg,5.34446883106e-4,0.04173554,0.41658,0.0506,0.00939,Conflicting,Uncertain_significance(2)|Benign(1)|Likely_benign(1),1
chr2,168927228,T,G,ABCB11,c.3546A>C,p.Glu1182Asp,4.01242245994e-6,0.045466334,0.57612,0.0606,0.32058,VUS,.,1
chr2,168927217,T,C,ABCB11,c.3557A>G,p.Glu1186Gly,1.20381368174e-5,0.6487679,0.90677,0.0781,0.68868,VUS,.,1
chr2,168927218,C,T,ABCB11,c.3556G>A,p.Glu1186Lys,0.00287241625089,0.63494396,0.73517,0.0868,0.63851,B/LB,.,2
chr2,168924753,C,G,ABCB11,c.3669G>C,p.Glu1223Asp,2.49451207344e-5,0.4814771,0.89559,0.7214,0.63719,Conflicting,Likely_pathogenic(1)|Uncertain_significance(2),1
chr2,168923687,C,T,ABCB11,c.3901G>A,p.Glu1301Lys,NA,0.06484609,0.31313,0.0646,0.22497,VUS,.,1
chr2,168996708,T,G,ABCB11,c.404A>C,p.Glu135Ala,5.04627433566e-6,0.38146737,0.86586,0.5745,0.71597,VUS,.,2
chr2,168996709,C,T,ABCB11,c.403G>A,p.Glu135Lys,3.07043579719e-5,0.3355096,0.87135,0.312,0.63311,P/LP,.,2
chr2,168996703,C,T,ABCB11,c.409G>A,p.Glu137Lys,NA,0.34995225,0.83081,0.2578,0.64931,Conflicting,Likely_pathogenic(1)|Uncertain_significance(2),1
chr2,169018065,C,T,ABCB11,c.61G>A,p.Glu21Lys,1.12445283322e-4,0.071934484,0.66202,0.0965,0.12863,Conflicting,Uncertain_significance(2)|Likely_benign(1),1
chr2,168990819,T,C,ABCB11,c.890A>G,p.Glu297Gly,2.3192584082e-4,0.8339084,0.99189,0.4178,0.76027,P/LP,.,2
chr2,168990820,C,T,ABCB11,c.889G>A,p.Glu297Lys,NA,0.80292255,0.9547,0.4593,0.7471,VUS,.,1
chr2,168986134,T,A,ABCB11,c.1059A>T,p.Glu353Asp,NA,0.22744676,0.81018,0.1332,0.41312,VUS,.,1
chr2,168979878,C,A,ABCB11,c.1185G>T,p.Glu395Asp,NA,0.054785594,0.3358,0.1151,0.39346,VUS,.,1
chr2,168971885,C,T,ABCB11,c.1600G>A,p.Glu534Lys,NA,0.2927522,0.60338,0.0731,0.50502,VUS,.,1
chr2,168970080,C,G,ABCB11,c.1774G>C,p.Glu592Gln,9.64306377994e-5,0.32400972,0.88867,0.1323,0.14762,VUS,.,2
chr2,168969454,T,C,ABCB11,c.1907A>G,p.Glu636Gly,4.03596855173e-6,0.865825,0.98563,0.8016,0.85388,P/LP,.,2
chr2,168969455,C,T,ABCB11,c.1906G>A,p.Glu636Lys,4.03580566789e-6,0.88032573,0.97738,0.883,0.9277,P/LP,.,1
chr2,168969454,T,A,ABCB11,c.1907A>T,p.Glu636Val,4.03596855173e-6,0.8304168,0.97323,0.9055,0.93549,Conflicting,Pathogenic(1)|Uncertain_significance(1),1
chr2,168964259,C,T,ABCB11,c.2125G>A,p.Glu709Lys,1.89518712717e-4,0.216231,0.53788,0.076,0.26519,Conflicting,Uncertain_significance(6)|Likely_benign(1),1
chr2,168958105,T,G,ABCB11,c.2202A>C,p.Glu734Asp,5.25078559831e-5,0.14002529,0.52323,0.1052,0.43578,Conflicting,Uncertain_significance(2)|Likely_benign(1),1
chr2,168944936,T,C,ABCB11,c.2369A>G,p.Glu790Gly,NA,0.15149012,0.67782,0.1174,0.55186,VUS,.,2
chr2,168936244,C,T,ABCB11,c.2800G>A,p.Glu934Lys,4.02531115655e-6,0.62839156,0.88205,0.2714,0.73594,VUS,.,1
chr2,168935233,C,T,ABCB11,c.3007G>A,p.Gly1003Arg,NA,0.97689337,0.99942,0.9822,0.98894,VUS,.,1
chr2,168935230,C,G,ABCB11,c.3010G>C,p.Gly1004Arg,NA,0.96629745,0.94162,0.9575,0.89047,VUS,.,1
chr2,168935229,C,T,ABCB11,c.3011G>A,p.Gly1004Asp,NA,0.95791847,0.96243,0.9614,0.94438,P/LP,.,2
chr2,168932496,C,G,ABCB11,c.3094G>C,p.Gly1032Arg,NA,0.93719953,0.98636,0.9504,0.93249,P/LP,.,2
chr2,168930729,C,T,ABCB11,c.3347G>A,p.Gly1116Glu,NA,0.97004086,0.99976,0.9884,0.88281,VUS,.,1
chr2,168930724,C,T,ABCB11,c.3352G>A,p.Gly1118Ser,NA,0.97427577,0.99874,0.8718,0.63578,VUS,.,2
chr2,168930672,C,T,ABCB11,c.3404G>A,p.Gly1135Glu,NA,0.92233264,0.99858,0.9268,0.89609,VUS,.,1
chr2,168924785,C,T,ABCB11,c.3637G>A,p.Gly1213Arg,4.08870862227e-6,0.92786926,0.98154,0.9015,0.92684,VUS,.,1
chr2,168924775,C,G,ABCB11,c.3647G>C,p.Gly1216Ala,1.63040376949e-5,0.92022175,0.97965,0.5456,0.76374,VUS,.,1
chr2,168923788,C,T,ABCB11,c.3800G>A,p.Gly1267Asp,NA,0.9228623,0.91371,0.2186,0.73738,VUS,.,1
chr2,168923713,C,T,ABCB11,c.3875G>A,p.Gly1292Glu,NA,0.8983036,0.98267,0.9527,0.88259,P/LP,.,1
chr2,168923713,C,A,ABCB11,c.3875G>T,p.Gly1292Val,NA,0.94830537,0.9878,0.9693,0.97001,VUS,.,1
chr2,169018071,C,G,ABCB11,c.55G>C,p.Gly19Arg,NA,0.07374369,0.75347,0.1193,0.30613,VUS,.,1
chr2,168993781,C,G,ABCB11,c.713G>C,p.Gly238Ala,NA,0.7481335,0.9617,0.8008,0.84832,VUS,.,1
chr2,168993781,C,T,ABCB11,c.713G>A,p.Gly238Asp,NA,0.90213823,0.98154,0.9335,0.94307,VUS,.,1
chr2,168993782,C,T,ABCB11,c.712G>A,p.Gly238Ser,NA,0.56129515,0.95876,0.669,0.77522,VUS,.,1
chr2,168993781,C,A,ABCB11,c.713G>T,p.Gly238Val,NA,0.9723796,0.98079,0.9565,0.93405,P/LP,.,1
chr2,168993737,C,T,ABCB11,c.757G>A,p.Gly253Arg,NA,0.96283317,0.97928,0.9848,0.95533,VUS,.,1
chr2,168993715,C,T,ABCB11,c.779G>A,p.Gly260Asp,NA,0.7660089,0.86586,0.9383,0.84177,P/LP,.,1
chr2,168990876,C,T,ABCB11,c.833G>A,p.Gly278Glu,NA,0.94694126,0.98041,0.8806,0.86356,VUS,.,1
chr2,168990826,C,G,ABCB11,c.883G>C,p.Gly295Arg,2.00927481253e-5,0.71814173,0.98003,0.321,0.88863,VUS,.,1
chr2,168990825,C,T,ABCB11,c.884G>A,p.Gly295Asp,2.85457374078e-5,0.7058351,0.98672,0.4164,0.71554,VUS,.,1
chr2,168986250,C,T,ABCB11,c.943G>A,p.Gly315Arg,NA,0.9683455,0.9789,0.9582,0.75752,VUS,.,0
chr2,168986226,C,T,ABCB11,c.967G>A,p.Gly323Arg,NA,0.9450057,0.96614,0.9761,0.98034,VUS,.,1
chr2,168986213,C,T,ABCB11,c.980G>A,p.Gly327Glu,8.03722844214e-6,0.96710956,0.9949,0.9916,0.98647,VUS,.,1
chr2,168986163,C,T,ABCB11,c.1030G>A,p.Gly344Ser,1.20761279103e-5,0.7819178,0.97286,0.7719,0.74336,VUS,.,0
chr2,168986139,C,T,ABCB11,c.1054G>A,p.Gly352Arg,4.04282156603e-6,0.16905819,0.4843,0.1001,0.03363,VUS,.,1
chr2,168986138,C,T,ABCB11,c.1055G>A,p.Gly352Glu,2.86983161263e-5,0.050694965,0.37593,0.0653,0.03095,Conflicting,Uncertain_significance(1)|Likely_benign(1),1
chr2,168986124,C,T,ABCB11,c.1069G>A,p.Gly357Arg,3.186336987e-5,0.94096637,0.98599,0.9446,0.81246,VUS,.,1
chr2,169014334,C,T,ABCB11,c.119G>A,p.Gly40Asp,1.78348492955e-5,0.042479046,0.53644,0.0682,0.06176,VUS,.,1
chr2,168973785,C,G,ABCB11,c.1364G>C,p.Gly455Ala,NA,0.95365524,0.99346,0.819,0.78712,VUS,.,1
chr2,168973785,C,T,ABCB11,c.1364G>A,p.Gly455Glu,4.02016514838e-6,0.93275315,0.9984,0.9817,0.85055,VUS,.,2
chr2,168971990,C,A,ABCB11,c.1495G>T,p.Gly499Trp,NA,0.9546136,0.99545,0.8587,0.9829,VUS,.,1
chr2,168970190,C,G,ABCB11,c.1664G>C,p.Gly555Ala,5.25082801519e-5,0.44937056,0.84666,0.1747,0.45867,VUS,.,1
chr2,168970184,C,T,ABCB11,c.1670G>A,p.Gly557Asp,NA,0.68576926,0.8743,0.3525,0.402,VUS,.,1
chr2,168970185,C,T,ABCB11,c.1669G>A,p.Gly557Ser,4.03655504246e-6,0.072983496,0.64926,0.0621,0.39155,VUS,.,1
chr2,168970172,C,T,ABCB11,c.1682G>A,p.Gly561Asp,NA,0.9682197,0.97173,0.7328,0.78572,VUS,.,1
chr2,168970169,C,T,ABCB11,c.1685G>A,p.Gly562Asp,NA,0.97252595,0.9984,0.8057,0.77134,P/LP,.,1
chr2,168969418,C,T,ABCB11,c.1943G>A,p.Gly648Asp,NA,0.88244593,0.98672,0.4459,0.62114,VUS,.,1
chr2,168958035,C,G,ABCB11,c.2272G>C,p.Gly758Arg,NA,0.9530972,0.9617,0.982,0.86897,P/LP,.,1
chr2,168958011,C,T,ABCB11,c.2296G>A,p.Gly766Arg,2.83070751512e-5,0.9367396,0.95802,0.9837,0.96075,P/LP,.,2
chr2,168944744,C,T,ABCB11,c.2471G>A,p.Gly824Glu,NA,0.9364677,0.98489,0.8596,0.93779,VUS,.,1
chr2,169013410,C,T,ABCB11,c.251G>A,p.Gly84Asp,4.0192926045e-6,0.9667048,0.94989,0.9796,0.84325,Conflicting,Likely_pathogenic(1)|Uncertain_significance(2),1
chr2,168944607,C,T,ABCB11,c.2608G>A,p.Gly870Arg,NA,0.9331329,0.95323,0.8651,0.89306,VUS,.,1
chr2,168944606,C,A,ABCB11,c.2609G>T,p.Gly870Val,2.47304382234e-5,0.9630744,0.94123,0.54990000000000006,0.74229,VUS,.,1
chr2,168936427,C,T,ABCB11,c.2617G>A,p.Gly873Ser,7.62770382028e-5,0.7874828,0.93816,0.2985,0.66563,Conflicting,Likely_pathogenic(1)|Uncertain_significance(2),1
chr2,168936415,C,T,ABCB11,c.2629G>A,p.Gly877Arg,4.01325981041e-6,0.9473104,0.98744,0.9438,0.92202,Conflicting,Pathogenic(1)|Uncertain_significance(4),1
chr2,168935386,C,T,ABCB11,c.2854G>A,p.Gly952Arg,NA,0.92578346,0.95618,0.6061,0.91295,VUS,.,1
chr2,168935296,C,T,ABCB11,c.2944G>A,p.Gly982Arg,4.01239026113e-6,0.9605304,0.95101,0.9581,0.98195,P/LP,.,2
chr2,168927348,A,C,ABCB11,c.3426T>G,p.His1142Gln,1.20611742759e-5,0.11407178,0.78036,0.1275,0.33051,VUS,.,1
chr2,168927181,T,C,ABCB11,c.3593A>G,p.His1198Arg,NA,0.9455009,0.9974,0.471,0.93976,VUS,.,2
chr2,168976617,T,C,ABCB11,c.1268A>G,p.His423Arg,1.6522869807e-4,0.1721051,0.79704,0.083,0.04705,B/LB,.,1
chr2,168969517,T,C,ABCB11,c.1844A>G,p.His615Arg,4.03903321701e-6,0.7926188,0.9721,0.8347,0.80942,VUS,.,2
chr2,168964235,G,A,ABCB11,c.2149C>T,p.His717Tyr,NA,0.046777386,0.50959,0.0675,0.15683,VUS,.,1
chr2,168932454,T,A,ABCB11,c.3136A>T,p.Ile1046Leu,NA,0.17908388,0.53499,0.11,0.24772,VUS,.,1
chr2,168930843,A,T,ABCB11,c.3233T>A,p.Ile1078Asn,NA,0.91646874,0.97436,0.7867,0.95187,P/LP,.,1
chr2,168930843,A,G,ABCB11,c.3233T>C,p.Ile1078Thr,1.52975370965e-5,0.37115765,0.94914,0.3055,0.80517,VUS,.,2
chr2,168930768,A,G,ABCB11,c.3308T>C,p.Ile1103Thr,8.03942534188e-6,0.5799724,0.88205,0.3015,0.68962,VUS,.,2
chr2,169013326,A,G,ABCB11,c.335T>C,p.Ile112Thr,NA,0.15207657,0.88867,0.6686,0.18715,VUS,.,2
chr2,169013327,T,C,ABCB11,c.334A>G,p.Ile112Val,3.56625749806e-5,0.09178484,0.75551,0.0898,0.15518,B/LB,.,1
chr2,168927307,A,G,ABCB11,c.3467T>C,p.Ile1156Thr,NA,0.6700125,0.97097,0.1896,0.67807,VUS,.,1
chr2,168927266,T,A,ABCB11,c.3508A>T,p.Ile1170Leu,1.06891661738e-5,0.55042064,0.86333,0.2157,0.627,VUS,.,1
chr2,168927226,A,G,ABCB11,c.3548T>C,p.Ile1183Thr,3.74192812647e-4,0.17335173,0.65026,0.2049,0.53196,Conflicting,Uncertain_significance(3)|Benign(1),1
chr2,168924735,A,C,ABCB11,c.3687T>G,p.Ile1229Met,3.20960313257e-5,0.9012985,0.94765,0.3022,0.78252,VUS,.,1
chr2,168923776,A,T,ABCB11,c.3812T>A,p.Ile1271Asn,NA,0.9368987,0.95212,0.9529,0.95665,P/LP,.,0
chr2,168923771,T,C,ABCB11,c.3817A>G,p.Ile1273Val,4.04615857705e-6,0.17160775,0.7293,0.1486,0.17713,VUS,.,1
chr2,168923734,A,T,ABCB11,c.3854T>A,p.Ile1285Asn,8.07780542182e-6,0.61921924,0.86936,0.1607,0.54573,VUS,.,1
chr2,168996696,A,G,ABCB11,c.416T>C,p.Ile139Thr,9.56562497011e-6,0.07549067,0.46444,0.108,0.00832,VUS,.,1
chr2,168996697,T,C,ABCB11,c.415A>G,p.Ile139Val,1.25864267973e-5,0.095236436,0.53354,0.073,0.21898,B/LB,.,1
chr2,168995482,T,G,ABCB11,c.478A>C,p.Ile160Leu,NA,0.719325,0.81427,0.2371,0.51758,VUS,.,1
chr2,168995482,T,C,ABCB11,c.478A>G,p.Ile160Val,3.9941032512e-5,0.12466575,0.56827,0.1154,0.0291,VUS,.,2
chr2,168995449,T,C,ABCB11,c.511A>G,p.Ile171Val,NA,0.06274126,0.50185,0.0785,0.36093,VUS,.,1
chr2,168995415,A,C,ABCB11,c.545T>G,p.Ile182Arg,NA,0.9816366,0.97097,0.6061,0.98073,VUS,.,1
chr2,168993878,T,C,ABCB11,c.616A>G,p.Ile206Val,8.23051370269e-4,0.06835741,0.45073,0.0741,0.32159,B/LB,.,2
chr2,168990855,A,G,ABCB11,c.854T>C,p.Ile285Thr,8.0373576383e-6,0.5185954,0.87576,0.8256,0.80463,VUS,.,1
chr2,168986195,A,T,ABCB11,c.998T>A,p.Ile333Asn,NA,0.93824404,0.96725,0.6638,0.78297,VUS,.,1
chr2,168979886,T,C,ABCB11,c.1177A>G,p.Ile393Val,1.60797555877e-5,0.1069276,0.68582,0.0817,0.40327,B/LB,.,1
chr2,168976681,T,C,ABCB11,c.1204A>G,p.Ile402Val,NA,0.032353863,0.4843,0.0542,0.08028,B/LB,.,1
chr2,168976626,A,T,ABCB11,c.1259T>A,p.Ile420Asn,NA,0.91980046,0.9878,0.8415,0.99259,Conflicting,Likely_pathogenic(1)|Uncertain_significance(1),1
chr2,168976626,A,G,ABCB11,c.1259T>C,p.Ile420Thr,NA,0.62747014,0.98378,0.3401,0.88259,Conflicting,Pathogenic(1)|Uncertain_significance(1),1
chr2,168973816,T,A,ABCB11,c.1333A>T,p.Ile445Phe,4.02187902188e-6,0.68630457,0.83193,0.1983,0.40678,B/LB,.,1
chr2,168973747,T,G,ABCB11,c.1402A>C,p.Ile468Leu,3.21509810068e-5,0.36223722,0.76156,0.093,0.1578,VUS,.,1
chr2,168972013,A,C,ABCB11,c.1472T>G,p.Ile491Ser,NA,0.8760787,0.95912,0.3797,0.9287,VUS,.,1
chr2,168971992,A,G,ABCB11,c.1493T>C,p.Ile498Thr,6.79474158525e-5,0.68941057,0.98154,0.1373,0.6921,P/LP,.,2
chr2,168971950,A,G,ABCB11,c.1535T>C,p.Ile512Thr,NA,0.90049374,0.99189,0.5736,0.89662,VUS,.,2
chr2,168971902,A,G,ABCB11,c.1583T>C,p.Ile528Thr,NA,0.8224572,0.942,0.1926,0.83948,VUS,.,2
chr2,168971864,T,G,ABCB11,c.1621A>C,p.Ile541Leu,4.02570006924e-6,0.8094144,0.90721,0.3554,0.75723,P/LP,.,2
chr2,168971862,G,C,ABCB11,c.1623C>G,p.Ile541Met,NA,0.91883874,0.93148,0.3119,0.80496,P/LP,.,0
chr2,168971863,A,G,ABCB11,c.1622T>C,p.Ile541Thr,NA,0.85899216,0.97928,0.8372,0.91648,Conflicting,Likely_pathogenic(1)|Uncertain_significance(1),1
chr2,168971864,T,C,ABCB11,c.1621A>G,p.Ile541Val,NA,0.38021398,0.83691,0.1981,0.60579,VUS,.,1
chr2,168970148,A,G,ABCB11,c.1706T>C,p.Ile569Thr,NA,0.94507205,0.99718,0.5836,0.81785,VUS,.,1
chr2,168970119,T,A,ABCB11,c.1735A>T,p.Ile579Phe,NA,0.9268204,0.98563,0.2093,0.834,VUS,.,1
chr2,168969529,A,G,ABCB11,c.1832T>C,p.Ile611Thr,NA,0.607066,0.89514,0.7188,0.80561,VUS,.,1
chr2,168969481,A,G,ABCB11,c.1880T>C,p.Ile627Thr,4.03486120077e-6,0.15635014,0.73226,0.1574,0.67323,VUS,.,2
chr2,168969356,T,C,ABCB11,c.2005A>G,p.Ile669Val,NA,0.0382185129999999,0.59375,0.0605,0.14285,VUS,.,1
chr2,168958119,T,G,ABCB11,c.2188A>C,p.Ile730Leu,3.19182891797e-5,0.056437094,0.50959,0.0678,0.14074,VUS,.,1
chr2,168936408,A,C,ABCB11,c.2636T>G,p.Ile879Arg,4.01313096452e-6,0.87321573,0.95286,0.746,0.93172,VUS,.,1
chr2,168936372,A,T,ABCB11,c.2672T>A,p.Ile891Asn,2.00629173087e-5,0.97552854,0.92623,0.5473,0.97576,VUS,.,0
chr2,168935362,T,A,ABCB11,c.2878A>T,p.Ile960Phe,NA,0.18110178,0.75211,0.15310000000000001,0.42526,VUS,.,1
chr2,168932513,A,C,ABCB11,c.3077T>G,p.Leu1026Arg,NA,0.65135556,0.83582,0.6568,0.89127,VUS,.,1
chr2,168932426,A,G,ABCB11,c.3164T>C,p.Leu1055Pro,4.45291487808e-6,0.92451817,0.98489,0.8232,0.95151,Conflicting,Pathogenic(1)|Uncertain_significance(2),1
chr2,168930750,A,G,ABCB11,c.3326T>C,p.Leu1109Pro,NA,0.9723427,0.9949,0.9813,0.94278,VUS,.,1
chr2,168927320,G,A,ABCB11,c.3454C>T,p.Leu1152Phe,1.2039199634e-5,0.6851194,0.91069,0.2639,0.76519,VUS,.,1
chr2,168927279,C,A,ABCB11,c.3495G>T,p.Leu1165Phe,NA,0.8701364,0.94008,0.8026,0.83888,VUS,.,1
chr2,169013306,G,C,ABCB11,c.355C>G,p.Leu119Val,NA,0.040939756,0.38986,0.0748,0.16727,VUS,.,1
chr2,168924700,A,G,ABCB11,c.3722T>C,p.Leu1241Pro,NA,0.9961373,0.99315,0.9914,0.99117,P/LP,.,1
chr2,168924698,G,T,ABCB11,c.3724C>A,p.Leu1242Ile,4.01181077091e-6,0.9279224,0.96725,0.7667,0.97706,VUS,.,1
chr2,168923806,A,G,ABCB11,c.3782T>C,p.Leu1261Pro,NA,0.9649302,0.99695,0.9941,0.9625,VUS,.,1
chr2,168993796,A,G,ABCB11,c.698T>C,p.Leu233Ser,2.83952620477e-5,0.2858176,0.88913,0.4346,0.55128,Conflicting,Pathogenic(1)|Uncertain_significance(2),1
chr2,168986271,G,A,ABCB11,c.922C>T,p.Leu308Phe,NA,0.80645066,0.91962,0.9503,0.86019,VUS,.,1
chr2,168986270,A,G,ABCB11,c.923T>C,p.Leu308Pro,NA,0.9902576,0.9721,0.9917,0.99251,VUS,.,1
chr2,168986271,G,C,ABCB11,c.922C>G,p.Leu308Val,NA,0.7076392,0.87381,0.3179,0.74959,VUS,.,1
chr2,168986199,G,A,ABCB11,c.994C>T,p.Leu332Phe,NA,0.11307438,0.72176,0.1914,0.48101,VUS,.,1
chr2,168972020,G,C,ABCB11,c.1465C>G,p.Leu489Val,1.43240823635e-5,0.40588483,0.88585,0.2149,0.69437,Conflicting,Uncertain_significance(2)|Likely_benign(1),1
chr2,169014304,A,G,ABCB11,c.149T>C,p.Leu50Ser,4.01496779996e-6,0.50365525,0.91626,0.9029,0.8622,Conflicting,Likely_pathogenic(1)|Uncertain_significance(2),1
chr2,168970115,A,G,ABCB11,c.1739T>C,p.Leu580Pro,NA,0.9917651,0.99346,0.9547,0.96159,VUS,.,0
chr2,168970113,G,C,ABCB11,c.1741C>G,p.Leu581Val,5.22865301854e-5,0.80737644,0.89238,0.1664,0.64037,VUS,.,2
chr2,168970052,A,G,ABCB11,c.1802T>C,p.Leu601Pro,NA,0.9546288,0.99545,0.6875,0.81948,VUS,.,1
chr2,168969510,C,A,ABCB11,c.1851G>T,p.Leu617Phe,4.03798940432e-6,0.57521063,0.82346,0.3596,0.89368,VUS,.,1
chr2,168969430,A,G,ABCB11,c.1931T>C,p.Leu644Pro,4.03590339662e-6,0.9288096,0.95323,0.8857,0.92202,VUS,.,1
chr2,168964249,A,G,ABCB11,c.2135T>C,p.Leu712Ser,2.63610194333e-5,0.07265961,0.55615,0.0796,0.19215,VUS,.,2
chr2,169013422,A,G,ABCB11,c.239T>C,p.Leu80Pro,NA,0.8182122,0.87381,0.9372,0.78337,VUS,.,2
chr2,169013420,G,A,ABCB11,c.241C>T,p.Leu81Phe,1.20573931916e-5,0.23805839,0.77528,0.108,0.50078,VUS,.,1
chr2,168944738,A,G,ABCB11,c.2477T>C,p.Leu826Pro,4.02382102044e-6,0.9406896,0.96576,0.9726,0.99558,VUS,.,0
chr2,168944696,A,C,ABCB11,c.2519T>G,p.Leu840Arg,NA,0.9738374,0.95026,0.8876,0.98176,VUS,.,1
chr2,168932457,T,C,ABCB11,c.3133A>G,p.Lys1045Glu,8.09264459533e-6,0.8223983,0.94765,0.4418,0.88354,VUS,.,1
chr2,168930847,T,C,ABCB11,c.3229A>G,p.Lys1077Glu,8.8575528353e-6,0.116251424,0.60808,0.0744,0.23308,VUS,.,1
chr2,168930669,T,C,ABCB11,c.3407A>G,p.Lys1136Arg,5.50564787711e-5,0.058465704,0.65226,0.0689,0.33754,Conflicting,Uncertain_significance(2)|Likely_benign(1),1
chr2,168930668,C,G,ABCB11,c.3408G>C,p.Lys1136Asn,1.20849815905e-5,0.13626552,0.53788,0.1686,0.46288,VUS,.,1
chr2,168927250,T,G,ABCB11,c.3524A>C,p.Lys1175Thr,5.95051452353e-4,0.12186914,0.68319,0.1169,0.35847,Conflicting,Uncertain_significance(1)|Benign(1)|Likely_benign(2),1
chr2,169018056,T,C,ABCB11,c.70A>G,p.Lys24Glu,1.42627919415e-5,0.05147144,0.47942,0.0712,0.07413,B/LB,.,1
chr2,168986276,T,C,ABCB11,c.917A>G,p.Lys306Arg,NA,0.120549545,0.52023,0.0677,0.3451,VUS,.,0
chr2,168986241,T,C,ABCB11,c.952A>G,p.Lys318Glu,8.03845597338e-6,0.94437987,0.95544,0.8802,0.81816,VUS,.,1
chr2,168976577,C,G,ABCB11,c.1308G>C,p.Lys436Asn,NA,0.35607305,0.66488,0.2582,0.59389,VUS,.,1
chr2,168973768,T,C,ABCB11,c.1381A>G,p.Lys461Glu,4.01890492879e-6,0.92008567,0.99762,0.9052,0.92313,P/LP,.,1
chr2,168970121,T,C,ABCB11,c.1733A>G,p.Lys578Arg,8.04440511624e-6,0.111611955,0.54074,0.0667,0.24281,VUS,.,1
chr2,168970122,T,C,ABCB11,c.1732A>G,p.Lys578Glu,NA,0.7724989,0.87283,0.143,0.70341,VUS,.,1
chr2,168970047,T,C,ABCB11,c.1807A>G,p.Lys603Glu,NA,0.43355018,0.84666,0.1103,0.66086,VUS,.,1
chr2,168969351,C,G,ABCB11,c.2010G>C,p.Lys670Asn,NA,0.06331931,0.42943,0.1224,0.19052,VUS,.,1
chr2,168958069,T,A,ABCB11,c.2238A>T,p.Lys746Asn,NA,0.39970383,0.59497,0.3613,0.65772,VUS,.,1
chr2,168935333,C,G,ABCB11,c.2907G>C,p.Lys969Asn,4.01177858192e-6,0.16326095,0.37795,0.1804,0.44956,VUS,.,1
chr2,168935335,T,C,ABCB11,c.2905A>G,p.Lys969Glu,4.01190734099e-6,0.18341218,0.52768,0.1129,0.22753,VUS,.,1
chr2,168935325,T,A,ABCB11,c.2915A>T,p.Lys972Met,NA,0.5173654,0.7934,0.1564,0.69006,VUS,.,1
chr2,168927262,A,G,ABCB11,c.3512T>C,p.Met1171Thr,2.03101393917e-4,0.088527635,0.53931,0.0665,0.27169,Conflicting,Uncertain_significance(3)|Likely_benign(1),1
chr2,168927221,T,C,ABCB11,c.3553A>G,p.Met1185Val,NA,0.19391356,0.50959,0.0612,0.64091,VUS,.,0
chr2,169013293,A,G,ABCB11,c.368T>C,p.Met123Thr,2.01429342615e-5,0.12437423,0.54074,0.09,0.05761,VUS,.,1
chr2,168995412,A,G,ABCB11,c.548T>C,p.Met183Thr,NA,0.93356436,0.98672,0.4997,0.62747,VUS,.,1
chr2,168995405,C,T,ABCB11,c.555G>A,p.Met185Ile,NA,0.88116187,0.9617,0.8353,0.65491,VUS,.,2
chr2,168995406,A,T,ABCB11,c.554T>A,p.Met185Lys,NA,0.9369004,0.92419,0.312,0.66713,VUS,.,1
chr2,168995406,A,G,ABCB11,c.554T>C,p.Met185Thr,4.02884654124e-6,0.93604344,0.9706,0.5463,0.74757,VUS,.,1
chr2,168993843,C,A,ABCB11,c.651G>T,p.Met217Ile,NA,0.036790185,0.45933,0.2181,0.01053,VUS,.,1
chr2,168973799,C,A,ABCB11,c.1350G>T,p.Met450Ile,1.20605924163e-5,0.4187025,0.64826,0.2021,0.23218,Conflicting,Uncertain_significance(1)|Likely_benign(1),1
chr2,168973800,A,G,ABCB11,c.1349T>C,p.Met450Thr,2.41223485519e-5,0.043689016,0.52323,0.1167,0.01829,Conflicting,Uncertain_significance(1)|Likely_benign(1),1
chr2,168973716,A,G,ABCB11,c.1433T>C,p.Met478Thr,8.04388744993e-6,0.29742345,0.69946,0.2024,0.23368,VUS,.,1
chr2,168971912,T,C,ABCB11,c.1573A>G,p.Met525Val,4.02255850811e-6,0.44622794,0.69696,0.0792,0.64111,VUS,.,1
chr2,168970102,C,A,ABCB11,c.1752G>T,p.Met584Ile,NA,0.77740365,0.92787,0.913,0.79157,VUS,.,1
chr2,169013476,A,T,ABCB11,c.185T>A,p.Met62Lys,NA,0.97892773,0.99157,0.6885,0.90985,VUS,.,1
chr2,168968473,T,C,ABCB11,c.2029A>G,p.Met677Val,0.0273051660756,0.09229762,0.50185,0.0538,0.04917,B/LB,.,2
chr2,168944892,T,C,ABCB11,c.2413A>G,p.Met805Val,NA,0.079984844,0.56024,0.061,0.29773,VUS,.,1
chr2,168944700,T,C,ABCB11,c.2515A>G,p.Met839Val,6.78833264259e-5,0.5848453,0.86485,0.0894,0.61892,Conflicting,Uncertain_significance(2)|Likely_benign(1),1
chr2,169013404,A,T,ABCB11,c.257T>A,p.Met86Lys,NA,0.98254967,0.96465,0.937,0.99351,Conflicting,Likely_pathogenic(1)|Uncertain_significance(1),1
chr2,168930837,A,G,ABCB11,c.3239T>C,p.Phe1080Ser,NA,0.92223966,0.98599,0.9269,0.87962,VUS,.,1
chr2,168930690,A,G,ABCB11,c.3386T>C,p.Phe1129Ser,NA,0.97347486,0.98921,0.92,0.90051,VUS,.,1
chr2,168996690,A,G,ABCB11,c.422T>C,p.Phe141Ser,NA,0.731886,0.96836,0.778,0.61002,VUS,.,1
chr2,168993802,A,G,ABCB11,c.692T>C,p.Phe231Ser,1.21586460132e-5,0.85835356,0.97286,0.8063,0.70728,VUS,.,1
chr2,168993787,A,G,ABCB11,c.707T>C,p.Phe236Ser,4.06712381138e-6,0.12037078,0.64826,0.1016,0.09988,VUS,.,1
chr2,168986193,A,C,ABCB11,c.1000T>G,p.Phe334Val,NA,0.8702997,0.97135,0.7954,0.90707,VUS,.,1
chr2,168971962,A,G,ABCB11,c.1523T>C,p.Phe508Ser,NA,0.9811832,0.99315,0.9071,0.9138,VUS,.,1
chr2,169013453,A,G,ABCB11,c.208T>C,p.Phe70Leu,NA,0.05656913,0.39764,0.1964,0.03339,VUS,.,1
chr2,168944757,A,G,ABCB11,c.2458T>C,p.Phe820Leu,NA,0.82686186,0.95655,0.9686,0.78751,VUS,.,1
chr2,169013354,G,A,ABCB11,c.307C>T,p.Pro103Ser,NA,0.11488297,0.70112,0.1219,0.14259,P/LP,.,1
chr2,168927287,G,T,ABCB11,c.3487C>A,p.Pro1163Thr,NA,0.90443903,0.95839,0.8297,0.92034,VUS,.,1
chr2,168976588,G,C,ABCB11,c.1297C>G,p.Pro433Ala,NA,0.2946456,0.87234,0.1217,0.52974,VUS,.,1
chr2,168976588,G,A,ABCB11,c.1297C>T,p.Pro433Ser,NA,0.3648862,0.86333,0.1767,0.50709,VUS,.,1
chr2,168973810,G,A,ABCB11,c.1339C>T,p.Pro447Ser,8.04259357558e-6,0.07128705,0.35528,0.076,0.39043,B/LB,.,1
chr2,168973728,G,C,ABCB11,c.1421C>G,p.Pro474Arg,NA,0.92919797,0.98003,0.7972,0.94876,VUS,.,1
chr2,168973728,G,A,ABCB11,c.1421C>T,p.Pro474Leu,4.01990657737e-6,0.7200995,0.92583,0.3691,0.78026,VUS,.,2
chr2,168971972,G,T,ABCB11,c.1513C>A,p.Pro505Thr,NA,0.93857384,0.97814,0.5216,0.78928,VUS,.,1
chr2,168958116,G,A,ABCB11,c.2191C>T,p.Pro731Ser,4.7739721602e-4,0.022942882,0.7835,0.077,0.1892,VUS,.,2
chr2,168935332,G,A,ABCB11,c.2908C>T,p.Pro970Ser,2.38723010048e-4,0.1479916,0.71163,0.1607,0.7563,Conflicting,Uncertain_significance(1)|Benign(1),1
chr2,168932509,A,T,ABCB11,c.3081T>A,p.Ser1027Arg,4.02508432552e-6,0.96497357,0.96022,0.9973,0.81022,P/LP,.,2
chr2,168930798,G,A,ABCB11,c.3278C>T,p.Ser1093Leu,2.15191053791e-5,0.0314067,0.36365,0.0644,0.03343,B/LB,.,1
chr2,168930799,A,G,ABCB11,c.3277T>C,p.Ser1093Pro,1.7919605482e-5,0.26025137,0.45592,0.5057,0.72023,B/LB,.,1
chr2,168930771,G,C,ABCB11,c.3305C>G,p.Ser1102Trp,NA,0.5304027,0.89786,0.2963,0.87579,VUS,.,1
chr2,168930717,C,A,ABCB11,c.3359G>T,p.Ser1120Ile,NA,0.9819093,0.99315,0.9805,0.99824,VUS,.,1
chr2,168930711,C,T,ABCB11,c.3365G>A,p.Ser1122Asn,NA,0.90741503,0.80367,0.7098,0.77117,VUS,.,0
chr2,168927314,A,G,ABCB11,c.3460T>C,p.Ser1154Pro,NA,0.9235756,0.98003,0.8337,0.72954,P/LP,.,2
chr2,168923626,C,T,ABCB11,c.3962G>A,p.Ser1321Asn,1.44454163891e-4,0.58529794,0.81544,0.266,0.15504,Conflicting,Uncertain_significance(2)|Likely_benign(1),1
chr2,168923626,C,G,ABCB11,c.3962G>C,p.Ser1321Thr,NA,0.5944772,0.81485,0.1117,0.27768,VUS,.,1
chr2,168996684,C,T,ABCB11,c.428G>A,p.Ser143Asn,2.32759503571e-5,0.14325127000000001,0.45933,0.2047,0.38718,B/LB,.,1
chr2,168993817,G,A,ABCB11,c.677C>T,p.Ser226Leu,4.05268490375e-6,0.48294717,0.86536,0.2478,0.55596,Conflicting,Pathogenic(2)|Likely_pathogenic(2)|Uncertain_significance(3),1
chr2,168986159,G,A,ABCB11,c.1034C>T,p.Ser345Phe,NA,0.89322126,0.96725,0.8502,0.71659,VUS,.,1
chr2,168973765,T,G,ABCB11,c.1384A>C,p.Ser462Arg,NA,0.94603395,0.99762,0.9876,0.99924,VUS,.,1
chr2,168970175,C,T,ABCB11,c.1679G>A,p.Ser560Asn,NA,0.97193503,0.9899,0.8429,0.75094,VUS,.,1
chr2,168970176,T,C,ABCB11,c.1678A>G,p.Ser560Gly,NA,0.9379981,0.99284,0.6649,0.77477,VUS,.,1
chr2,169013494,G,A,ABCB11,c.167C>T,p.Ser56Leu,5.28560102284e-4,0.05993433,0.43303,0.093,0.15752,Conflicting,Uncertain_significance(3)|Likely_benign(2),1
chr2,169013495,A,G,ABCB11,c.166T>C,p.Ser56Pro,2.8571020414e-5,0.16805272,0.35316,0.0727,0.166,VUS,.,1
chr2,169013464,C,T,ABCB11,c.197G>A,p.Ser66Asn,NA,0.48364517,0.75956,0.5187,0.54202,VUS,.,1
chr2,168968434,T,C,ABCB11,c.2068A>G,p.Ser690Gly,NA,0.18169415,0.74235,0.1003,0.47379,VUS,.,1
chr2,168964289,A,G,ABCB11,c.2095T>C,p.Ser699Pro,5.47777120445e-6,0.6165652,0.81659,0.2998,0.59361,Conflicting,Likely_pathogenic(4)|Uncertain_significance(3),1
chr2,168964283,A,G,ABCB11,c.2101T>C,p.Ser701Pro,3.03906580959e-4,0.536931,0.86078,0.1482,0.66237,Conflicting,Uncertain_significance(1)|Benign(1)|Likely_benign(2),1
chr2,168964274,A,G,ABCB11,c.2110T>C,p.Ser704Pro,NA,0.4682735,0.84398,0.1211,0.47769,VUS,.,1
chr2,168936424,A,G,ABCB11,c.2620T>C,p.Ser874Pro,1.48518030892e-4,0.6955925,0.64624,0.1724,0.45204,Conflicting,Uncertain_significance(2)|Likely_benign(1),1
chr2,168936341,G,C,ABCB11,c.2703C>G,p.Ser901Arg,NA,0.96479255,0.91498,0.9959,0.96751,P/LP,.,1
chr2,168936342,C,T,ABCB11,c.2702G>A,p.Ser901Asn,NA,0.9156544,0.77399,0.8696,0.7195,P/LP,.,1
chr2,168936342,C,A,ABCB11,c.2702G>T,p.Ser901Ile,NA,0.9324662,0.88632,0.8681,0.73504,P/LP,.,1
chr2,168935406,C,T,ABCB11,c.2834G>A,p.Ser945Asn,1.39421151976e-4,0.13919201,0.59253,0.0877,0.41793,Conflicting,Uncertain_significance(1)|Likely_benign(1),1
chr2,169018100,C,T,ABCB11,c.26G>A,p.Ser9Asn,NA,0.12546024,0.69016,0.271,0.07071,VUS,.,1
chr2,168924794,T,G,ABCB11,c.3628A>C,p.Thr1210Pro,NA,0.99171257,0.99874,0.9171,0.8815,P/LP,.,2
chr2,168924793,G,C,ABCB11,c.3629C>G,p.Thr1210Ser,1.07635674768e-5,0.66342485,0.96059,0.3117,0.58178,Conflicting,Likely_pathogenic(1)|Uncertain_significance(2),1
chr2,169013290,G,T,ABCB11,c.371C>A,p.Thr124Lys,7.15363869832e-6,0.10623415,0.63694,0.1282,0.6154,VUS,.,0
chr2,168923821,G,C,ABCB11,c.3767C>G,p.Thr1256Arg,4.05403214037e-6,0.7756023,0.84986,0.1444,0.73371,VUS,.,1
chr2,168923821,G,A,ABCB11,c.3767C>T,p.Thr1256Met,7.29725785266e-5,0.112126656,0.76685,0.0803,0.42774,VUS,.,1
chr2,168923782,G,A,ABCB11,c.3806C>T,p.Thr1269Ile,NA,0.83118314,0.95581,0.864,0.80122,VUS,.,1
chr2,168923644,G,A,ABCB11,c.3944C>T,p.Thr1315Ile,8.02510252068e-6,0.24136817,0.54217,0.1465,0.63612,VUS,.,1
chr2,168923642,T,C,ABCB11,c.3946A>G,p.Thr1316Ala,NA,0.16862872,0.71084,0.0951,0.19274,VUS,.,0
chr2,168923641,G,A,ABCB11,c.3947C>T,p.Thr1316Ile,NA,0.31235537,0.74447,0.319,0.42148,VUS,.,1
chr2,168993820,G,T,ABCB11,c.674C>A,p.Thr225Asn,NA,0.8340316,0.83471,0.3784,0.82714,VUS,.,1
chr2,168993769,G,A,ABCB11,c.725C>T,p.Thr242Ile,3.18552497452e-5,0.9653153,0.99221,0.966,0.82178,VUS,.,1
chr2,168990909,G,A,ABCB11,c.800C>T,p.Thr267Met,8.06393084373e-6,0.7998364,0.95433,0.3167,0.83486,VUS,.,1
chr2,168990840,G,C,ABCB11,c.869C>G,p.Thr290Arg,4.01854962507e-6,0.9896034,0.99376,0.8699,0.96143,VUS,.,1
chr2,168986129,G,A,ABCB11,c.1064C>T,p.Thr355Ile,4.05669638873e-6,0.43224847,0.8336,0.5615,0.75589,VUS,.,2
chr2,168979876,G,A,ABCB11,c.1187C>T,p.Thr396Ile,NA,0.09408256,0.75143,0.1742,0.13493,VUS,.,1
chr2,168976609,T,C,ABCB11,c.1276A>G,p.Thr426Ala,NA,0.075236216,0.63269,0.0784,0.38962,VUS,.,1
chr2,168973761,G,A,ABCB11,c.1388C>T,p.Thr463Ile,3.18755578223e-5,0.9661506,0.98816,0.9322,0.91269,P/LP,.,2
chr2,168971956,G,A,ABCB11,c.1529C>T,p.Thr510Ile,NA,0.7851777,0.95912,0.4599,0.52507,VUS,.,1
chr2,168970205,G,T,ABCB11,c.1649C>A,p.Thr550Asn,4.05768403626e-6,0.94890964,0.94653,0.5747,0.82142,VUS,.,2
chr2,168970097,G,A,ABCB11,c.1757C>T,p.Thr586Ile,NA,0.9515811,0.95691,0.6407,0.83466,VUS,.,1
chr2,168969506,T,C,ABCB11,c.1855A>G,p.Thr619Ala,8.07311008493e-6,0.17109756,0.49236,0.0787,0.60995,VUS,.,0
chr2,168969505,G,A,ABCB11,c.1856C>T,p.Thr619Met,3.22650032265e-5,0.69591415,0.79094,0.1268,0.74378,VUS,.,1
chr2,168969397,G,A,ABCB11,c.1964C>T,p.Thr655Ile,2.01759341458e-5,0.42311978,0.93582,0.3374,0.71114,VUS,.,2
chr2,168958007,G,A,ABCB11,c.2300C>T,p.Thr767Ile,4.04308309344e-6,0.0846393999999999,0.59253,0.1101,0.21674,VUS,.,1
chr2,168944639,G,C,ABCB11,c.2576C>G,p.Thr859Arg,4.04828797901e-6,0.973478,0.9628,0.4673,0.94535,VUS,.,1
chr2,168944627,G,T,ABCB11,c.2588C>A,p.Thr863Lys,NA,0.83014953,0.85924,0.4447,0.89503,VUS,.,0
chr2,168936294,G,C,ABCB11,c.2750C>G,p.Thr917Arg,NA,0.3958406,0.65522,0.2493,0.90564,VUS,.,1
chr2,168936276,G,A,ABCB11,c.2768C>T,p.Thr923Ile,7.84834150274e-5,0.33284074,0.81946,0.3165,0.72912,Conflicting,Uncertain_significance(2)|Likely_benign(1),1
chr2,168936277,T,G,ABCB11,c.2767A>C,p.Thr923Pro,4.01725814097e-6,0.94912803,0.97549,0.4676,0.99168,VUS,.,1
chr2,168935347,T,A,ABCB11,c.2893A>T,p.Thr965Ser,6.82035193016e-5,0.0608332679999999,0.56159,0.0922,0.17625,B/LB,.,1
chr2,168932378,C,G,ABCB11,c.3212G>C,p.Trp1071Ser,NA,0.5794307,0.91962,0.7014,0.68943,VUS,.,1
chr2,168986205,A,G,ABCB11,c.988T>C,p.Trp330Arg,NA,0.8779926,0.98229,0.9382,0.63997,VUS,.,1
chr2,168986169,A,C,ABCB11,c.1024T>G,p.Trp342Gly,NA,0.9633956,0.9878,0.6473,0.72078,VUS,.,1
chr2,168944677,C,A,ABCB11,c.2538G>T,p.Trp846Cys,NA,0.9744451,0.96985,0.9293,0.85703,VUS,.,2
chr2,168935241,T,C,ABCB11,c.2999A>G,p.Tyr1000Cys,8.02516692347e-6,0.8673782,0.93188,0.6694,0.67245,VUS,.,1
chr2,168935235,T,C,ABCB11,c.3005A>G,p.Tyr1002Cys,3.56374107283e-6,0.804683,0.97248,0.4837,0.48445,VUS,.,1
chr2,168932469,A,G,ABCB11,c.3121T>C,p.Tyr1041His,NA,0.83772457,0.98599,0.6355,0.82425,VUS,.,1
chr2,168932400,A,G,ABCB11,c.3190T>C,p.Tyr1064His,NA,0.37447733,0.70276,0.1665,0.53351,VUS,.,1
chr2,168932399,T,A,ABCB11,c.3191A>T,p.Tyr1064Phe,5.47327400304e-6,0.39991724,0.61843,0.1219,0.41886,VUS,.,1
chr2,168927247,T,C,ABCB11,c.3527A>G,p.Tyr1176Cys,8.02439415824e-6,0.9213023,0.98341,0.6924,0.91469,VUS,.,1
chr2,168927247,T,G,ABCB11,c.3527A>C,p.Tyr1176Ser,4.01219707912e-6,0.9600088,0.99284,0.8957,0.96798,VUS,.,1
chr2,168996682,A,T,ABCB11,c.430T>A,p.Tyr144Asn,4.64162048254e-6,0.75067836,0.86886,0.1338,0.67833,VUS,.,1
chr2,168996678,T,C,ABCB11,c.434A>G,p.Tyr145Cys,NA,0.83944815,0.96688,0.4643,0.63244,VUS,.,1
chr2,168996642,T,C,ABCB11,c.470A>G,p.Tyr157Cys,NA,0.8536703,0.98041,0.3209,0.66707,VUS,.,1
chr2,169018050,A,T,ABCB11,c.76T>A,p.Tyr26Asn,4.01580621326e-6,0.028636051,0.6751,0.0528,0.01795,VUS,.,1
chr2,168973734,T,C,ABCB11,c.1415A>G,p.Tyr472Cys,4.01926029534e-6,0.9470536,0.99315,0.5699,0.92097,P/LP,.,2
chr2,168971932,T,C,ABCB11,c.1553A>G,p.Tyr518Cys,4.02297925752e-6,0.86891925,0.9246,0.1359,0.8337,VUS,.,1
chr2,168964222,T,C,ABCB11,c.2162A>G,p.Tyr721Cys,5.76554968751e-6,0.15890393,0.51112,0.0728,0.24162,VUS,.,0
chr2,168944762,T,A,ABCB11,c.2453A>T,p.Tyr818Phe,3.93292573921e-5,0.38464585,0.73951,0.0735,0.02653,Conflicting,Uncertain_significance(1)|Likely_benign(1),1
chr2,168935191,C,T,ABCB11,c.3049G>A,p.Val1017Met,NA,0.5667896,0.92787,0.4023,0.64852,VUS,.,1
chr2,168927298,A,G,ABCB11,c.3476T>C,p.Val1159Ala,NA,0.95063007,0.99463,0.9378,0.98901,VUS,.,2
chr2,168924788,C,T,ABCB11,c.3634G>A,p.Val1212Ile,3.59984160697e-5,0.33827925,0.80007,0.1529,0.52066,VUS,.,1
chr2,168924788,C,A,ABCB11,c.3634G>T,p.Val1212Phe,NA,0.9091438,0.98341,0.8114,0.97235,Conflicting,Likely_pathogenic(1)|Uncertain_significance(2),1
chr2,168923813,C,T,ABCB11,c.3775G>A,p.Val1259Ile,5.03419657818e-5,0.04833299,0.45592,0.0633,0.35077,B/LB,.,1
chr2,168995377,C,A,ABCB11,c.583G>T,p.Val195Leu,NA,0.637268,0.86435,0.2527,0.53983,VUS,.,1
chr2,168990874,C,T,ABCB11,c.835G>A,p.Val279Met,4.02090872537e-6,0.102020085,0.61502,0.0922,0.37357,VUS,.,1
chr2,168990858,A,G,ABCB11,c.851T>C,p.Val284Ala,2.60498444146e-4,0.50917894,0.88726,0.304,0.58882,Conflicting,Uncertain_significance(3)|Likely_benign(1),1
chr2,168986208,C,T,ABCB11,c.985G>A,p.Val329Met,4.01893723224e-6,0.0614878129999999,0.45763,0.089,0.00243,B/LB,.,1
chr2,169014326,C,T,ABCB11,c.127G>A,p.Val43Ile,0.00177258169212,0.01987441,0.35103,0.0636,0.2064,Conflicting,Uncertain_significance(5)|Likely_benign(2),1
chr2,169014326,C,A,ABCB11,c.127G>T,p.Val43Phe,4.01632233397e-6,0.056213185,0.46613,0.0665,0.36403,VUS,.,1
chr2,168973818,A,G,ABCB11,c.1331T>C,p.Val444Ala,0.56937366431,0.10429642,0.57352,0.1104,0.56989,B/LB,.,2
chr2,168973788,A,C,ABCB11,c.1361T>G,p.Val454Gly,NA,0.97508985,0.99622,0.6853,0.81995,VUS,.,1
chr2,168973789,C,A,ABCB11,c.1360G>T,p.Val454Leu,1.78497479616e-5,0.9305651,0.90146,0.6559,0.75922,VUS,.,2
chr2,168972050,C,T,ABCB11,c.1435G>A,p.Val479Met,NA,0.43786633,0.93028,0.4706,0.67161,VUS,.,1
chr2,168972043,A,T,ABCB11,c.1442T>A,p.Val481Glu,NA,0.924427,0.95691,0.7527,0.93001,P/LP,.,1
chr2,168972044,C,T,ABCB11,c.1441G>A,p.Val481Met,1.11364975356e-4,0.16480958,0.65718,0.1025,0.40259,B/LB,.,1
chr2,168970155,C,T,ABCB11,c.1699G>A,p.Val567Ile,1.78754013028e-5,0.030521467,0.65126,0.0652,0.01922,Conflicting,Uncertain_significance(1)|Likely_benign(1),1
chr2,168969524,C,T,ABCB11,c.1837G>A,p.Val613Ile,1.21200368449e-5,0.0272168679999999,0.24743,0.0876,0.0487,VUS,.,1
chr2,168958113,C,G,ABCB11,c.2194G>C,p.Val732Leu,3.22913975717e-5,0.05010507,0.33137,0.0755,0.28079,VUS,.,1
chr2,168958113,C,T,ABCB11,c.2194G>A,p.Val732Met,NA,0.04115957,0.41098,0.0793,0.46322,VUS,.,1
chr2,168958086,C,T,ABCB11,c.2221G>A,p.Val741Ile,8.07122044924e-6,0.04042186,0.28662,0.0818,0.03453,VUS,.,1
chr2,169013425,A,T,ABCB11,c.236T>A,p.Val79Glu,NA,0.4190094,0.68844,0.6068,0.61778,Conflicting,Likely_pathogenic(1)|Uncertain_significance(1),1
chr2,169013426,C,T,ABCB11,c.235G>A,p.Val79Met,5.35400693879e-5,0.025583694,0.56294,0.0889,7.7e-4,Conflicting,Uncertain_significance(2)|Likely_benign(1),1
chr2,169013377,A,G,ABCB11,c.284T>C,p.Val95Ala,4.01758093417e-6,0.047913797,0.5534,0.082,0.27811,VUS,.,1
chr2,169013378,C,T,ABCB11,c.283G>A,p.Val95Ile,9.64490668553e-5,0.03210396,0.42578,0.0598,0.01913,Conflicting,Uncertain_significance(1)|Likely_benign(1),1
