chrom,pos,ref_base,alt_base,base__gene,base__cchange,base__achange,gnomad__af,VEP_varity_r,VEP_revel__score,VEP_alphamissense__pathogenicity,VEP_esm1b__score,clinvar,conf,stars
chr4,83469123,C,T,ABRAXAS1,c.505G>A,p.Ala169Thr,NA,0.03355565,0.21317,0.0949,0.08935,VUS,.,1
chr4,83485024,C,G,ABRAXAS1,c.49G>C,p.Ala17Pro,3.18979266348e-5,0.62087375,0.5534,0.9616,0.78561,VUS,.,2
chr4,83485024,C,A,ABRAXAS1,c.49G>T,p.Ala17Ser,NA,0.10041618,0.18567,0.1062,0.24504,VUS,.,1
chr4,83485023,G,A,ABRAXAS1,c.50C>T,p.Ala17Val,NA,0.21322824,0.32689,0.7405,0.6709,VUS,.,1
chr4,83469048,C,G,ABRAXAS1,c.580G>C,p.Ala194Pro,NA,0.74393296,0.50496,0.9302,0.55589,VUS,.,1
chr4,83469048,C,A,ABRAXAS1,c.580G>T,p.Ala194Ser,2.47545760602e-5,0.09681469,0.20116,0.2188,0.34392,VUS,.,2
chr4,83469047,G,A,ABRAXAS1,c.581C>T,p.Ala194Val,NA,0.1604804,0.27141,0.2096,0.00444,VUS,.,1
chr4,83485017,G,C,ABRAXAS1,c.56C>G,p.Ala19Gly,NA,0.06389323,0.06676,0.2562,0.55424,VUS,.,1
chr4,83485018,C,A,ABRAXAS1,c.55G>T,p.Ala19Ser,NA,0.053508572,0.02506,0.0978,0.10763,VUS,.,1
chr4,83467477,C,T,ABRAXAS1,c.658G>A,p.Ala220Thr,8.11095790413e-6,0.032662217,0.07022,0.0708,0.05926,Conflicting,Uncertain_significance(2)|Likely_benign(1),1
chr4,83467476,G,A,ABRAXAS1,c.659C>T,p.Ala220Val,6.47188684265e-5,0.10062162,0.19503,0.1017,0.09809,VUS,.,2
chr4,83463574,G,T,ABRAXAS1,c.716C>A,p.Ala239Glu,NA,0.0648411,0.11227,0.0976,0.35111,B/LB,.,1
chr4,83463575,C,T,ABRAXAS1,c.715G>A,p.Ala239Thr,4.02670510828e-6,0.03761652,0.09122,0.084,0.16926,VUS,.,1
chr4,83463512,C,G,ABRAXAS1,c.778G>C,p.Ala260Pro,NA,0.16057204,0.4072,0.1741,0.45528,VUS,.,1
chr4,83463512,C,T,ABRAXAS1,c.778G>A,p.Ala260Thr,4.04154710423e-6,0.023787994,0.13305,0.0726,0.32222,VUS,.,2
chr4,83463511,G,A,ABRAXAS1,c.779C>T,p.Ala260Val,NA,0.0246498029999999,0.07718,0.0837,0.27327,VUS,.,1
chr4,83463497,C,G,ABRAXAS1,c.793G>C,p.Ala265Pro,NA,0.2102182,0.2102,0.1465,0.44303,VUS,.,1
chr4,83463497,C,T,ABRAXAS1,c.793G>A,p.Ala265Thr,NA,0.03030275,0.07022,0.0727,0.23953,VUS,.,2
chr4,83462852,C,T,ABRAXAS1,c.847G>A,p.Ala283Thr,NA,0.27621558,0.49714,0.4723,0.12322,VUS,.,1
chr4,83462696,C,T,ABRAXAS1,c.1003G>A,p.Ala335Thr,NA,0.0230911239999999,0.23632,0.0717,0.1248,VUS,.,1
chr4,83462695,G,A,ABRAXAS1,c.1004C>T,p.Ala335Val,NA,0.03052072,0.26621,0.0889,0.12826,VUS,.,1
chr4,83462686,G,C,ABRAXAS1,c.1013C>G,p.Ala338Gly,NA,0.022235626,0.13987,0.0962,0.27712,VUS,.,1
chr4,83462687,C,T,ABRAXAS1,c.1012G>A,p.Ala338Thr,NA,0.016689109,0.05988,0.0709,0.13391,VUS,.,2
chr4,83462656,G,C,ABRAXAS1,c.1043C>G,p.Ala348Gly,NA,0.03517194,0.19193,0.0928,0.24117,VUS,.,1
chr4,83462657,C,A,ABRAXAS1,c.1042G>T,p.Ala348Ser,5.17202966358e-5,0.027340421,0.08419,0.0816,0.07261,B/LB,.,2
chr4,83462657,C,T,ABRAXAS1,c.1042G>A,p.Ala348Thr,0.434450529235,0.03484239,0.38789,0.077,0.1694,B/LB,.,2
chr4,83462656,G,A,ABRAXAS1,c.1043C>T,p.Ala348Val,3.18552497452e-5,0.022641156,0.03691,0.091,0.26534,B/LB,.,1
chr4,83462584,G,T,ABRAXAS1,c.1115C>A,p.Ala372Glu,NA,0.046138037,0.2072,0.0829,0.06046,VUS,.,1
chr4,83462585,C,G,ABRAXAS1,c.1114G>C,p.Ala372Pro,NA,0.06757083,0.04649,0.0818,0.19185,Conflicting,Uncertain_significance(1)|Likely_benign(1),1
chr4,83462554,G,C,ABRAXAS1,c.1145C>G,p.Ala382Gly,NA,0.04290318,0.21907,0.089,0.13519,VUS,.,1
chr4,83462555,C,G,ABRAXAS1,c.1144G>C,p.Ala382Pro,NA,0.07899259,0.39764,0.0807,0.1851,VUS,.,1
chr4,83482211,C,T,ABRAXAS1,c.121G>A,p.Ala41Thr,NA,0.087047875,0.31546,0.5694,0.00661,VUS,.,1
chr4,83482210,G,A,ABRAXAS1,c.122C>T,p.Ala41Val,1.21042905675e-5,0.13671595,0.30843,0.6025,0.17915,VUS,.,2
chr4,83472254,C,G,ABRAXAS1,c.250G>C,p.Ala84Pro,NA,0.4585008,0.38592,0.5836,0.75975,VUS,.,1
chr4,83472254,C,T,ABRAXAS1,c.250G>A,p.Ala84Thr,NA,0.079046324,0.32913,0.0997,0.34847,VUS,.,2
chr4,83472253,G,A,ABRAXAS1,c.251C>T,p.Ala84Val,NA,0.049312927,0.15993,0.1145,0.40494,VUS,.,1
chr4,83485050,G,T,ABRAXAS1,c.23C>A,p.Ala8Glu,3.189996172e-5,0.38346177,0.63162,0.9849,0.81086,VUS,.,2
chr4,83485050,G,C,ABRAXAS1,c.23C>G,p.Ala8Gly,NA,0.13718025,0.14996,0.2441,0.35892,VUS,.,1
chr4,83470372,G,A,ABRAXAS1,c.307C>T,p.Arg103Cys,1.59786525202e-5,0.68678075,0.83024,0.8098,0.74929,VUS,.,2
chr4,83470371,C,T,ABRAXAS1,c.308G>A,p.Arg103His,7.09320470989e-6,0.5891041,0.7835,0.7731,0.80722,VUS,.,1
chr4,83470371,C,A,ABRAXAS1,c.308G>T,p.Arg103Leu,NA,0.75481856,0.83024,0.973,0.87945,VUS,.,1
chr4,83470369,G,A,ABRAXAS1,c.310C>T,p.Arg104Cys,1.19695494662e-5,0.33586326,0.63269,0.4475,0.78404,VUS,.,1
chr4,83470368,C,T,ABRAXAS1,c.311G>A,p.Arg104His,1.06421471596e-5,0.20772347,0.38195,0.2794,0.73828,VUS,.,2
chr4,83470341,C,G,ABRAXAS1,c.338G>C,p.Arg113Thr,NA,0.7691109,0.79947,0.974,0.80786,VUS,.,1
chr4,83470335,C,T,ABRAXAS1,c.344G>A,p.Arg115Lys,NA,0.09277927,0.11924,0.1098,0.09663,VUS,.,1
chr4,83470334,C,G,ABRAXAS1,c.345G>C,p.Arg115Ser,NA,0.36855114,0.35738,0.5665,0.71808,VUS,.,1
chr4,83470236,C,T,ABRAXAS1,c.443G>A,p.Arg148Gln,1.19630580767e-5,0.11553191,0.13987,0.1031,0.6198,VUS,.,2
chr4,83470236,C,A,ABRAXAS1,c.443G>T,p.Arg148Leu,3.98768602555e-6,0.20892172,0.32236,0.2909,0.7276,VUS,.,2
chr4,83469139,C,A,ABRAXAS1,c.489G>T,p.Arg163Ser,3.98276260345e-5,0.17228071,0.32008,0.5088,0.04138,VUS,.,1
chr4,83469050,C,T,ABRAXAS1,c.578G>A,p.Arg193Gln,5.56930200734e-5,0.04363451,0.14661,0.0832,0.13828,Conflicting,Uncertain_significance(2)|Likely_benign(1),1
chr4,83463544,C,A,ABRAXAS1,c.746G>T,p.Arg249Ile,NA,0.08644067,0.08068,0.0905,0.1503,VUS,.,1
chr4,83463544,C,T,ABRAXAS1,c.746G>A,p.Arg249Lys,NA,0.03625877,0.0877,0.0827,0.03246,VUS,.,1
chr4,83463543,T,A,ABRAXAS1,c.747A>T,p.Arg249Ser,NA,0.15671065,0.13987,0.186,0.02882,VUS,.,2
chr4,83463535,C,T,ABRAXAS1,c.755G>A,p.Arg252Gln,7.28008807131e-4,0.018878937,0.05312,0.0573,0.0349,Conflicting,Uncertain_significance(1)|Likely_benign(2),1
chr4,83463521,T,C,ABRAXAS1,c.769A>G,p.Arg257Gly,NA,0.4569799,0.42395,0.1741,0.43685,VUS,.,1
chr4,83463520,C,A,ABRAXAS1,c.770G>T,p.Arg257Met,4.00914084112e-6,0.15399963,0.44549,0.1784,0.37035,VUS,.,1
chr4,83463517,C,G,ABRAXAS1,c.773G>C,p.Arg258Thr,NA,0.10606297,0.26093,0.1181,0.54347,VUS,.,1
chr4,83462845,C,T,ABRAXAS1,c.854G>A,p.Arg285Gln,7.2583162158e-6,0.029367642,0.27141,0.071,0.18582,VUS,.,2
chr4,83462846,G,A,ABRAXAS1,c.853C>T,p.Arg285Trp,7.99058563729e-5,0.39067093,0.60219,0.1225,0.60455,Conflicting,Uncertain_significance(3)|Likely_benign(1),1
chr4,83462787,T,A,ABRAXAS1,c.912A>T,p.Arg304Ser,7.96330509014e-6,0.09421647,0.48915,0.2338,0.18103,VUS,.,2
chr4,83462623,C,T,ABRAXAS1,c.1076G>A,p.Arg359Lys,NA,0.03714696,0.10877,0.0676,0.08037,B/LB,.,1
chr4,83462617,C,T,ABRAXAS1,c.1082G>A,p.Arg361Gln,1.09636713445e-4,0.1719171,0.48268,0.1046,0.30941,Conflicting,Likely_pathogenic(1)|Uncertain_significance(2),1
chr4,83462617,C,A,ABRAXAS1,c.1082G>T,p.Arg361Leu,NA,0.24081369,0.46274,0.1878,0.21689,VUS,.,1
chr4,83462617,C,G,ABRAXAS1,c.1082G>C,p.Arg361Pro,NA,0.3908553,0.48915,0.2408,0.23023,VUS,.,2
chr4,83462618,G,A,ABRAXAS1,c.1081C>T,p.Arg361Trp,3.97838938884e-6,0.16926195,0.53644,0.102,0.5247,VUS,.,1
chr4,83462593,C,T,ABRAXAS1,c.1106G>A,p.Arg369Gln,7.95848852386e-6,0.018065602,0.03383,0.0627,0.10552,VUS,.,2
chr4,83462593,C,A,ABRAXAS1,c.1106G>T,p.Arg369Leu,3.97924426193e-6,0.044196997,0.03083,0.0646,0.05754,VUS,.,2
chr4,83462485,C,T,ABRAXAS1,c.1214G>A,p.Arg405Gln,4.40299403594e-5,0.049683113,0.02506,0.0648,0.13151,Conflicting,Uncertain_significance(2)|Likely_benign(1),1
chr4,83462485,C,G,ABRAXAS1,c.1214G>C,p.Arg405Pro,1.42235371092e-4,0.43080327,0.08068,0.0776,0.03778,B/LB,.,2
chr4,83462486,G,A,ABRAXAS1,c.1213C>T,p.Arg405Trp,1.4214540053e-5,0.15657471,0.14661,0.0892,0.3438,VUS,.,2
chr4,83470320,T,A,ABRAXAS1,c.359A>T,p.Asn120Ile,NA,0.7638668,0.58758,0.3866,0.71232,VUS,.,1
chr4,83470319,G,C,ABRAXAS1,c.360C>G,p.Asn120Lys,NA,0.30629712,0.30607,0.2876,0.19067,VUS,.,1
chr4,83470321,T,A,ABRAXAS1,c.358A>T,p.Asn120Tyr,NA,0.69252867,0.42028,0.2178,0.76253,VUS,.,1
chr4,83470298,G,C,ABRAXAS1,c.381C>G,p.Asn127Lys,1.19471458269e-5,0.07761363,0.14661,0.1916,0.62714,VUS,.,1
chr4,83469120,T,C,ABRAXAS1,c.508A>G,p.Asn170Asp,NA,0.6330779,0.79094,0.9261,0.71653,VUS,.,1
chr4,83469119,T,C,ABRAXAS1,c.509A>G,p.Asn170Ser,NA,0.5064312,0.72555,0.3183,0.55939,VUS,.,1
chr4,83467488,T,C,ABRAXAS1,c.647A>G,p.Asn216Ser,NA,0.040819712,0.08068,0.074,0.18729,VUS,.,1
chr4,83485002,T,A,ABRAXAS1,c.71A>T,p.Asn24Ile,NA,0.7071743,0.38986,0.4865,0.89331,VUS,.,1
chr4,83485002,T,C,ABRAXAS1,c.71A>G,p.Asn24Ser,3.06016280066e-5,0.2164173,0.36572,0.0628,0.64944,B/LB,.,1
chr4,83462831,T,G,ABRAXAS1,c.868A>C,p.Asn290His,NA,0.036444932,0.28911,0.074,0.35464,VUS,.,1
chr4,83462792,T,C,ABRAXAS1,c.907A>G,p.Asn303Asp,NA,0.0646682,0.19811,0.0921,0.21388,VUS,.,2
chr4,83462791,T,A,ABRAXAS1,c.908A>T,p.Asn303Ile,3.18390219052e-5,0.18526801,0.21907,0.1919,0.32008,VUS,.,1
chr4,83462758,T,C,ABRAXAS1,c.941A>G,p.Asn314Ser,2.78553748936e-5,0.013745416,0.09825,0.0634,0.04316,Conflicting,Uncertain_significance(1)|Likely_benign(2),1
chr4,83462735,T,C,ABRAXAS1,c.964A>G,p.Asn322Asp,NA,0.042680074,0.07369,0.079,0.1042,VUS,.,1
chr4,83462734,T,C,ABRAXAS1,c.965A>G,p.Asn322Ser,2.47565021184e-5,0.021544635,0.16972,0.072,0.0959,VUS,.,2
chr4,83482205,T,C,ABRAXAS1,c.127A>G,p.Asn43Asp,NA,0.1485077,0.20419,0.489,0.33002,VUS,.,1
chr4,83482204,T,C,ABRAXAS1,c.128A>G,p.Asn43Ser,4.03463329218e-6,0.0481676979999999,0.33359,0.4095,0.03809,VUS,.,1
chr4,83472279,A,C,ABRAXAS1,c.225T>G,p.Asn75Lys,NA,0.40592575,0.53499,0.6422,0.84978,VUS,.,1
chr4,83472233,T,C,ABRAXAS1,c.271A>G,p.Asn91Asp,6.83274799459e-6,0.061592218,0.05648,0.0634,0.31045,VUS,.,2
chr4,83472232,T,A,ABRAXAS1,c.272A>T,p.Asn91Ile,2.25580870742e-5,0.236203,0.11227,0.1112,0.63169,VUS,.,2
chr4,83470396,T,C,ABRAXAS1,c.283A>G,p.Asn95Asp,NA,0.11021148,0.07718,0.0782,0.5643,B/LB,.,1
chr4,83470395,T,C,ABRAXAS1,c.284A>G,p.Asn95Ser,NA,0.037682045,0.0877,0.0762,0.37197,VUS,.,1
chr4,83470359,T,C,ABRAXAS1,c.320A>G,p.Asp107Gly,NA,0.4047659,0.41098,0.3548,0.46936,VUS,.,1
chr4,83470359,T,A,ABRAXAS1,c.320A>T,p.Asp107Val,NA,0.41302422,0.47612,0.5301,0.6321,VUS,.,1
chr4,83470293,T,C,ABRAXAS1,c.386A>G,p.Asp129Gly,NA,0.10874866,0.34673,0.1227,0.50201,VUS,.,1
chr4,83467517,A,T,ABRAXAS1,c.618T>A,p.Asp206Glu,NA,0.29003137,0.45247,0.3834,0.13634,VUS,.,1
chr4,83467518,T,C,ABRAXAS1,c.617A>G,p.Asp206Gly,NA,0.5672893,0.55061,0.1449,0.31279,VUS,.,1
chr4,83467519,C,G,ABRAXAS1,c.616G>C,p.Asp206His,NA,0.6780189,0.61157,0.4291,0.50762,VUS,.,1
chr4,83463586,T,C,ABRAXAS1,c.704A>G,p.Asp235Gly,NA,0.16605718,0.17616,0.0764,0.31767,VUS,.,1
chr4,83463568,T,G,ABRAXAS1,c.722A>C,p.Asp241Ala,NA,0.28053364,0.16647,0.1108,0.41388,VUS,.,1
chr4,83463569,C,T,ABRAXAS1,c.721G>A,p.Asp241Asn,NA,0.24880922,0.23632,0.0888,0.36655,VUS,.,1
chr4,83463554,C,T,ABRAXAS1,c.736G>A,p.Asp246Asn,NA,0.21696657,0.35738,0.1767,0.45588,VUS,.,1
chr4,83484997,C,G,ABRAXAS1,c.76G>C,p.Asp26His,NA,0.18248023,0.12618,0.4149,0.28344,VUS,.,1
chr4,83484997,C,A,ABRAXAS1,c.76G>T,p.Asp26Tyr,NA,0.20636746,0.36157,0.3307,0.49196,VUS,.,2
chr4,83462882,C,G,ABRAXAS1,c.817G>C,p.Asp273His,NA,0.04273308,0.05648,0.1235,0.32559,VUS,.,1
chr4,83484989,G,C,ABRAXAS1,c.84C>G,p.Asp28Glu,NA,0.71861154,0.5787,0.9311,0.60537,VUS,.,1
chr4,83484991,C,G,ABRAXAS1,c.82G>C,p.Asp28His,1.77703537189e-5,0.87201935,0.74093,0.9779,0.87739,VUS,.,2
chr4,83462747,C,T,ABRAXAS1,c.952G>A,p.Asp318Asn,3.97889593596e-5,0.015547867,0.02506,0.0697,0.25128,Conflicting,Uncertain_significance(1)|Likely_benign(2),1
chr4,83462747,C,G,ABRAXAS1,c.952G>C,p.Asp318His,NA,0.03752596,0.12618,0.1047,0.34521,VUS,.,1
chr4,83462707,T,G,ABRAXAS1,c.992A>C,p.Asp331Ala,NA,0.0339145729999999,0.12618,0.0926,0.2061,VUS,.,1
chr4,83462706,G,T,ABRAXAS1,c.993C>A,p.Asp331Glu,NA,0.026729967,0.23065,0.1293,0.09193,VUS,.,1
chr4,83462650,T,G,ABRAXAS1,c.1049A>C,p.Asp350Ala,NA,0.047728278,0.02232,0.0931,0.32892,VUS,.,1
chr4,83462651,C,T,ABRAXAS1,c.1048G>A,p.Asp350Asn,NA,0.058088675,0.29403,0.0835,0.31201,VUS,.,1
chr4,83462650,T,C,ABRAXAS1,c.1049A>G,p.Asp350Gly,NA,0.055483107,0.00259,0.0826,0.3164,VUS,.,1
chr4,83462645,C,T,ABRAXAS1,c.1054G>A,p.Asp352Asn,NA,0.03953075,0.17616,0.0748,0.28775,VUS,.,1
chr4,83462643,A,T,ABRAXAS1,c.1056T>A,p.Asp352Glu*,NA,0.03284865,0.04979,0.0938,0.07481,VUS,.,2
chr4,83462643,A,C,ABRAXAS1,c.1056T>G,p.Asp352Glu*,1.0964524458e-4,0.03284865,0.05988,0.0938,0.07481,Conflicting,Uncertain_significance(1)|Likely_benign(2),1
chr4,83462644,T,C,ABRAXAS1,c.1055A>G,p.Asp352Gly,NA,0.045896687,0.00375,0.0633,0.22047,VUS,.,1
chr4,83462645,C,G,ABRAXAS1,c.1054G>C,p.Asp352His,NA,0.0509181659999999,0.12272,0.0969,0.37759,VUS,.,1
chr4,83462642,C,T,ABRAXAS1,c.1057G>A,p.Asp353Asn,NA,0.060147975,0.23913,0.0768,0.23308,VUS,.,1
chr4,83462641,T,C,ABRAXAS1,c.1058A>G,p.Asp353Gly,3.9784843566e-6,0.08037425,0.11227,0.0727,0.21749,VUS,.,1
chr4,83462608,T,C,ABRAXAS1,c.1091A>G,p.Asp364Gly,9.14891247275e-5,0.10077785,0.21613,0.0708,0.22377,Conflicting,Uncertain_significance(2)|Likely_benign(1),1
chr4,83462582,C,T,ABRAXAS1,c.1117G>A,p.Asp373Asn,0.0437267467357,0.0927593999999999,0.4034,0.0754,0.23683,B/LB,.,2
chr4,83462581,T,C,ABRAXAS1,c.1118A>G,p.Asp373Gly,NA,0.052034564,0.11924,0.0685,0.20595,VUS,.,1
chr4,83462582,C,G,ABRAXAS1,c.1117G>C,p.Asp373His,NA,0.1298473,0.36778,0.1171,0.34121,VUS,.,1
chr4,83462560,T,C,ABRAXAS1,c.1139A>G,p.Asp380Gly,2.38674877082e-5,0.15452164,0.10176,0.068,0.19776,VUS,.,2
chr4,83462527,T,C,ABRAXAS1,c.1172A>G,p.Asp391Gly,NA,0.32641697,0.27654,0.1177,0.24132,VUS,.,1
chr4,83482193,C,G,ABRAXAS1,c.139G>C,p.Asp47His,4.04927153605e-6,0.85000134,0.81717,0.9967,0.82241,VUS,.,2
chr4,83482192,T,A,ABRAXAS1,c.140A>T,p.Asp47Val,NA,0.8550062,0.87722,0.9948,0.80995,VUS,.,1
chr4,83470249,A,T,ABRAXAS1,c.430T>A,p.Cys144Ser,NA,0.06284449,0.14996,0.1957,0.00487,VUS,.,1
chr4,83470248,C,T,ABRAXAS1,c.431G>A,p.Cys144Tyr,3.1843077315e-5,0.101593494,0.24743,0.1781,0.43497,VUS,.,2
chr4,83469072,A,G,ABRAXAS1,c.556T>C,p.Cys186Arg,NA,0.75237525,0.56428,0.3616,0.09335,VUS,.,2
chr4,83463602,A,G,ABRAXAS1,c.688T>C,p.Cys230Arg,NA,0.94957614,0.69863,0.6529,0.71443,VUS,.,2
chr4,83463601,C,T,ABRAXAS1,c.689G>A,p.Cys230Tyr,NA,0.9157558,0.64318,0.7122,0.66008,VUS,.,1
chr4,83462857,C,T,ABRAXAS1,c.842G>A,p.Cys281Tyr,NA,0.5554022,0.74447,0.653,0.40091,VUS,.,1
chr4,83462810,A,G,ABRAXAS1,c.889T>C,p.Cys297Arg,8.02916191608e-6,0.30851257,0.34673,0.1935,0.36938,VUS,.,2
chr4,83462809,C,A,ABRAXAS1,c.890G>T,p.Cys297Phe,NA,0.22579417,0.57221,0.1994,0.01345,VUS,.,2
chr4,83462767,C,T,ABRAXAS1,c.932G>A,p.Cys311Tyr,3.98047972742e-6,0.827331,0.84613,0.5203,0.17553,VUS,.,1
chr4,83476657,G,C,ABRAXAS1,c.201C>G,p.Cys67Trp,NA,0.908891,0.81252,0.9207,0.96961,VUS,.,1
chr4,83476658,C,T,ABRAXAS1,c.200G>A,p.Cys67Tyr,NA,0.9517017,0.85144,0.8825,0.88548,VUS,.,1
chr4,83470357,G,C,ABRAXAS1,c.322C>G,p.Gln108Glu,1.41638043979e-5,0.53714085,0.61502,0.2285,0.82043,VUS,.,2
chr4,83470356,T,A,ABRAXAS1,c.323A>T,p.Gln108Leu,NA,0.58434564,0.72252,0.537,0.70129,VUS,.,2
chr4,83470315,G,C,ABRAXAS1,c.364C>G,p.Gln122Glu,5.13212569107e-4,0.12532163,0.29158,0.0968,0.55215,Conflicting,Uncertain_significance(1)|Benign(1)|Likely_benign(1),1
chr4,83470296,T,C,ABRAXAS1,c.383A>G,p.Gln128Arg,NA,0.0576217029999999,0.04323,0.0666,0.48563,VUS,.,1
chr4,83470297,G,C,ABRAXAS1,c.382C>G,p.Gln128Glu,NA,0.11737509,0.28662,0.0624,0.40386,VUS,.,1
chr4,83470209,T,C,ABRAXAS1,c.470A>G,p.Gln157Arg,4.02032677216e-6,0.18547533,0.3402,0.1017,0.57215,VUS,.,1
chr4,83469042,G,T,ABRAXAS1,c.586C>A,p.Gln196Lys,NA,0.03642472,0.11924,0.05,0.0134,VUS,.,1
chr4,83485011,T,C,ABRAXAS1,c.62A>G,p.Gln21Arg,NA,0.2634526,0.2102,0.3072,0.73081,VUS,.,1
chr4,83485011,T,A,ABRAXAS1,c.62A>T,p.Gln21Leu,NA,0.30990654,0.30607,0.4158,0.85142,VUS,.,1
chr4,83463509,G,C,ABRAXAS1,c.781C>G,p.Gln261Glu,4.05304626958e-6,0.0614775459999999,0.19193,0.0651,0.11891,VUS,.,1
chr4,83463507,C,G,ABRAXAS1,c.783G>C,p.Gln261His,NA,0.055325452,0.23632,0.1636,0.38263,VUS,.,1
chr4,83463509,G,T,ABRAXAS1,c.781C>A,p.Gln261Lys,NA,0.06382612,0.18881,0.0655,0.11609,VUS,.,1
chr4,83463503,G,C,ABRAXAS1,c.787C>G,p.Gln263Glu,4.11431204588e-6,0.03574216,0.11227,0.0554,0.18161,Conflicting,Uncertain_significance(1)|Likely_benign(1),1
chr4,83462854,T,C,ABRAXAS1,c.845A>G,p.Gln282Arg,NA,0.15071878,0.14661,0.1246,0.3164,VUS,.,1
chr4,83462855,G,C,ABRAXAS1,c.844C>G,p.Gln282Glu,NA,0.09825259,0.13647,0.073,0.21328,VUS,.,1
chr4,83462853,C,A,ABRAXAS1,c.846G>T,p.Gln282His,NA,0.12665182,0.41843,0.3579,0.42692,VUS,.,2
chr4,83462673,T,G,ABRAXAS1,c.1026A>C,p.Gln342His,NA,0.0280740929999999,0.13647,0.1131,0.26228,VUS,.,1
chr4,83462633,G,T,ABRAXAS1,c.1066C>A,p.Gln356Lys,NA,0.057494782,0.15663,0.0729,0.10831,VUS,.,1
chr4,83462602,T,C,ABRAXAS1,c.1097A>G,p.Gln366Arg,3.97807286238e-6,0.032737736,0.10176,0.0633,0.22348,VUS,.,2
chr4,83462562,T,G,ABRAXAS1,c.1137A>C,p.Gln379His,NA,0.074568115,0.35528,0.1086,0.331,VUS,.,1
chr4,83476674,G,C,ABRAXAS1,c.184C>G,p.Gln62Glu,NA,0.4863649,0.4072,0.1541,0.69374,VUS,.,1
chr4,83476672,C,G,ABRAXAS1,c.186G>C,p.Gln62His,NA,0.16385138,0.54358,0.6523,0.5766,VUS,.,1
chr4,83476651,C,G,ABRAXAS1,c.207G>C,p.Gln69His,NA,0.085344315,0.4034,0.1485,0.13724,VUS,.,1
chr4,83472256,T,A,ABRAXAS1,c.248A>T,p.Gln83Leu,NA,0.16429377,0.25287,0.0792,0.26243,VUS,.,1
chr4,83470337,C,G,ABRAXAS1,c.342G>C,p.Glu114Asp,NA,0.6904444,0.62838,0.9139,0.53749,VUS,.,2
chr4,83470311,T,C,ABRAXAS1,c.368A>G,p.Glu123Gly,NA,0.06897237,0.12962,0.0706,0.54106,VUS,.,1
chr4,83470255,C,G,ABRAXAS1,c.424G>C,p.Glu142Gln,3.98453998486e-6,0.060083,0.32236,0.2104,0.27669,VUS,.,1
chr4,83467525,C,T,ABRAXAS1,c.610G>A,p.Glu204Lys,NA,0.034939732,0.09474,0.0684,0.03911,B/LB,.,1
chr4,83467520,T,A,ABRAXAS1,c.615A>T,p.Glu205Asp,NA,0.13415535,0.23913,0.0903,0.39094,VUS,.,1
chr4,83467522,C,T,ABRAXAS1,c.613G>A,p.Glu205Lys,NA,0.18963987,0.26882,0.0722,0.38728,VUS,.,1
chr4,83467464,T,G,ABRAXAS1,c.671A>C,p.Glu224Ala,NA,0.13161585,0.35528,0.1039,0.36215,VUS,.,1
chr4,83467465,C,T,ABRAXAS1,c.670G>A,p.Glu224Lys,NA,0.22681893,0.30607,0.0962,0.33489,VUS,.,1
chr4,83463581,C,G,ABRAXAS1,c.709G>C,p.Glu237Gln,NA,0.47608438,0.50185,0.64,0.53771,VUS,.,1
chr4,83462871,C,G,ABRAXAS1,c.828G>C,p.Glu276Asp,NA,0.2395153,0.45247,0.4331,0.20909,VUS,.,2
chr4,83462824,T,G,ABRAXAS1,c.875A>C,p.Glu292Ala,NA,0.050042547,0.05312,0.0983,0.25614,VUS,.,1
chr4,83485068,T,G,ABRAXAS1,c.5A>C,p.Glu2Ala,3.19427585766e-5,0.2792365,0.47447,0.1684,0.10376,VUS,.,2
chr4,83485067,C,G,ABRAXAS1,c.6G>C,p.Glu2Asp,4.44199641087e-6,0.08064437,0.4384,0.2464,0.23038,VUS,.,2
chr4,83485068,T,C,ABRAXAS1,c.5A>G,p.Glu2Gly,NA,0.3279787,0.5065,0.2268,0.39864,VUS,.,1
chr4,83485069,C,T,ABRAXAS1,c.4G>A,p.Glu2Lys,NA,0.36677656,0.41286,0.5363,0.72613,VUS,.,1
chr4,83485068,T,A,ABRAXAS1,c.5A>T,p.Glu2Val,8.92490584224e-6,0.3926318,0.54781,0.4904,0.56031,VUS,.,1
chr4,83482243,T,G,ABRAXAS1,c.89A>C,p.Glu30Ala,NA,0.52884704,0.79886,0.8589,0.79284,VUS,.,1
chr4,83482244,C,T,ABRAXAS1,c.88G>A,p.Glu30Lys,3.18552497452e-5,0.48673007,0.69443,0.9538,0.87888,VUS,.,1
chr4,83462698,T,C,ABRAXAS1,c.1001A>G,p.Glu334Gly,NA,0.12459185,0.31546,0.097,0.31019,VUS,.,1
chr4,83462523,T,G,ABRAXAS1,c.1176A>C,p.Glu392Asp,NA,0.042650364,0.27909,0.0931,0.25261,VUS,.,1
chr4,83462520,T,G,ABRAXAS1,c.1179A>C,p.Glu393Asp,NA,0.046566777,0.03383,0.0656,0.22377,B/LB,.,1
chr4,83462515,T,G,ABRAXAS1,c.1184A>C,p.Glu395Ala,NA,0.045806944,0.14661,0.1292,0.30613,VUS,.,1
chr4,83485061,C,A,ABRAXAS1,c.12G>T,p.Glu4Asp,4.41150520558e-6,0.05116719,0.35103,0.4279,0.0761,VUS,.,2
chr4,83485063,C,G,ABRAXAS1,c.10G>C,p.Glu4Gln,NA,0.11788049,0.3739,0.3391,0.50472,VUS,.,1
chr4,83485062,T,C,ABRAXAS1,c.11A>G,p.Glu4Gly,1.33236218934e-5,0.12565883,0.43123,0.3345,0.29585,VUS,.,2
chr4,83485063,C,T,ABRAXAS1,c.10G>A,p.Glu4Lys,8.84603476492e-6,0.1394863,0.38789,0.6139,0.55093,VUS,.,1
chr4,83485062,T,A,ABRAXAS1,c.11A>T,p.Glu4Val,NA,0.1547475,0.47115,0.4678,0.44826,VUS,.,1
chr4,83482172,C,G,ABRAXAS1,c.160G>C,p.Glu54Gln,NA,0.0484034979999999,0.09122,0.2436,0.39033,VUS,.,1
chr4,83472269,C,T,ABRAXAS1,c.235G>A,p.Glu79Lys,NA,0.18228103,0.28413,0.1034,0.27811,VUS,.,1
chr4,83472260,C,T,ABRAXAS1,c.244G>A,p.Glu82Lys,NA,0.0421100629999999,0.222,0.0591,0.67129,VUS,.,1
chr4,83485039,C,G,ABRAXAS1,c.34G>C,p.Gly12Arg,NA,0.8069235,0.794,0.993,0.9065,VUS,.,2
chr4,83485038,C,T,ABRAXAS1,c.35G>A,p.Gly12Asp,NA,0.8760565,0.794,0.9909,0.84008,VUS,.,1
chr4,83470204,C,T,ABRAXAS1,c.475G>A,p.Gly159Arg,NA,0.16249979,0.58758,0.5835,0.45333,VUS,.,1
chr4,83485027,C,G,ABRAXAS1,c.46G>C,p.Gly16Arg,NA,0.2511875,0.64826,0.9941,0.9024,VUS,.,1
chr4,83485027,C,T,ABRAXAS1,c.46G>A,p.Gly16Ser,NA,0.1030657,0.57221,0.4243,0.49775,VUS,.,2
chr4,83469113,C,A,ABRAXAS1,c.515G>T,p.Gly172Val,NA,0.9201082,0.82232,0.8961,0.87078,VUS,.,1
chr4,83469095,C,T,ABRAXAS1,c.533G>A,p.Gly178Asp,NA,0.09763393,0.55478,0.4569,0.55996,VUS,.,2
chr4,83469095,C,A,ABRAXAS1,c.533G>T,p.Gly178Val,7.95393083262e-6,0.3876091,0.61616,0.4251,0.56664,VUS,.,2
chr4,83469077,C,A,ABRAXAS1,c.551G>T,p.Gly184Val,7.95424717028e-6,0.0780261159999999,0.07369,0.13,0.50472,VUS,.,1
chr4,83467516,C,T,ABRAXAS1,c.619G>A,p.Gly207Arg,NA,0.7467574,0.72855,0.5786,0.244,VUS,.,1
chr4,83467515,C,T,ABRAXAS1,c.620G>A,p.Gly207Glu,NA,0.7753501,0.77592,0.6632,0.07865,VUS,.,2
chr4,83463514,C,G,ABRAXAS1,c.776G>C,p.Gly259Ala,7.50214346956e-5,0.03387634,0.05312,0.0752,0.0169,B/LB,.,2
chr4,83463514,C,T,ABRAXAS1,c.776G>A,p.Gly259Glu,NA,0.045312226,0.05648,0.0615,0.00623,VUS,.,1
chr4,83482241,C,A,ABRAXAS1,c.91G>T,p.Gly31Cys,NA,0.9005115,0.88157,0.982,0.95708,VUS,.,1
chr4,83482240,C,A,ABRAXAS1,c.92G>T,p.Gly31Val,NA,0.9476096,0.87674,0.9781,0.95667,VUS,.,1
chr4,83482229,C,G,ABRAXAS1,c.103G>C,p.Gly35Arg,NA,0.8365458,0.84345,0.9943,0.93795,VUS,.,2
chr4,83462575,C,G,ABRAXAS1,c.1124G>C,p.Gly375Ala,NA,0.041110132,0.10527,0.0715,0.14245,VUS,.,2
chr4,83462576,C,G,ABRAXAS1,c.1123G>C,p.Gly375Arg,1.19348832768e-5,0.034010053,0.17616,0.0888,0.24117,VUS,.,2
chr4,83462575,C,T,ABRAXAS1,c.1124G>A,p.Gly375Asp,4.37619350732e-5,0.034625996,0.14996,0.0491,0.08101,Conflicting,Uncertain_significance(1)|Likely_benign(1),1
chr4,83462504,C,T,ABRAXAS1,c.1195G>A,p.Gly399Ser,3.98444472778e-6,0.101656884,0.14661,0.083,0.07387,VUS,.,1
chr4,83482217,C,T,ABRAXAS1,c.115G>A,p.Gly39Ser,NA,0.17662741,0.50496,0.5392,0.02762,VUS,.,1
chr4,83482216,C,A,ABRAXAS1,c.116G>T,p.Gly39Val,2.86861732645e-5,0.5311743,0.63799,0.6349,0.03019,VUS,.,2
chr4,83485065,C,G,ABRAXAS1,c.8G>C,p.Gly3Ala,4.43368536795e-6,0.08218351,0.46104,0.2669,0.11867,VUS,.,2
chr4,83485066,C,T,ABRAXAS1,c.7G>A,p.Gly3Arg*,4.43620296516e-6,0.12738696,0.48592,0.7205,0.46221,VUS,.,2
chr4,83485066,C,G,ABRAXAS1,c.7G>C,p.Gly3Arg*,1.98618240165e-4,0.12738696,0.48754,0.7205,0.46221,Conflicting,Uncertain_significance(1)|Benign(1)|Likely_benign(1),1
chr4,83485065,C,T,ABRAXAS1,c.8G>A,p.Gly3Glu,NA,0.075064525000000007,0.49714,0.4091,0.0461,VUS,.,1
chr4,83485066,C,A,ABRAXAS1,c.7G>T,p.Gly3Trp,5.84171294601e-5,0.17228507,0.46444,0.7335,0.65609,VUS,.,2
chr4,83462497,C,G,ABRAXAS1,c.1202G>C,p.Gly401Ala,NA,0.16335419,0.02232,0.0836,0.17813,VUS,.,1
chr4,83462497,C,T,ABRAXAS1,c.1202G>A,p.Gly401Asp,3.98679573253e-6,0.15587968,0.00375,0.0719,0.13789,B/LB,.,1
chr4,83462498,C,T,ABRAXAS1,c.1201G>A,p.Gly401Ser,NA,0.12893434,0.10877,0.0765,0.04988,VUS,.,1
chr4,83472271,C,T,ABRAXAS1,c.233G>A,p.Gly78Asp,5.50854926846e-6,0.76430064,0.81831,0.9739,0.87042,VUS,.,2
chr4,83470386,C,T,ABRAXAS1,c.293G>A,p.Gly98Asp,NA,0.89585894,0.81717,0.9972,0.99697,VUS,.,1
chr4,83470386,C,A,ABRAXAS1,c.293G>T,p.Gly98Val,NA,0.9423186,0.86027,0.9877,0.97009,VUS,.,1
chr4,83470365,T,C,ABRAXAS1,c.314A>G,p.His105Arg,NA,0.3606358,0.3402,0.3818,0.51795,VUS,.,1
chr4,83470325,G,C,ABRAXAS1,c.354C>G,p.His118Gln,NA,0.89135313,0.80782,0.9224,0.66875,VUS,.,1
chr4,83470308,T,C,ABRAXAS1,c.371A>G,p.His124Arg,NA,0.053180896,0.07022,0.0935,0.47068,VUS,.,1
chr4,83470309,G,T,ABRAXAS1,c.370C>A,p.His124Asn,NA,0.080024846,0.26621,0.1159,0.30468,VUS,.,1
chr4,83470309,G,C,ABRAXAS1,c.370C>G,p.His124Asp,NA,0.12314055,0.44549,0.2526,0.6105,VUS,.,1
chr4,83470227,T,C,ABRAXAS1,c.452A>G,p.His151Arg,NA,0.5932587,0.61843,0.7851,0.81027,VUS,.,1
chr4,83469144,G,C,ABRAXAS1,c.484C>G,p.His162Asp,NA,0.11466739,0.37995,0.2693,0.29312,VUS,.,1
chr4,83467497,T,C,ABRAXAS1,c.638A>G,p.His213Arg,8.21604923057e-6,0.1392778,0.11227,0.0672,0.25231,VUS,.,1
chr4,83467497,T,G,ABRAXAS1,c.638A>C,p.His213Pro,NA,0.56726235,0.52174,0.1503,0.49595,VUS,.,1
chr4,83467498,G,A,ABRAXAS1,c.637C>T,p.His213Tyr,NA,0.2362416,0.222,0.1007,0.33537,VUS,.,1
chr4,83485009,G,T,ABRAXAS1,c.64C>A,p.His22Asn,8.68583340572e-6,0.37570938,0.38789,0.4823,0.63418,VUS,.,1
chr4,83485009,G,A,ABRAXAS1,c.64C>T,p.His22Tyr,8.68583340572e-6,0.4427979,0.50959,0.6764,0.41849,VUS,.,2
chr4,83462815,T,C,ABRAXAS1,c.884A>G,p.His295Arg,NA,0.0522998759999999,0.1533,0.0792,0.19569,VUS,.,1
chr4,83462816,G,C,ABRAXAS1,c.883C>G,p.His295Asp,NA,0.2820652,0.50496,0.2657,0.00892,VUS,.,1
chr4,83462816,G,A,ABRAXAS1,c.883C>T,p.His295Tyr,NA,0.18838891,0.57482,0.1069,0.3373,VUS,.,1
chr4,83462785,T,C,ABRAXAS1,c.914A>G,p.His305Arg,NA,0.021799166,0.05988,0.0696,0.23639,VUS,.,2
chr4,83462786,G,T,ABRAXAS1,c.913C>A,p.His305Asn,NA,0.03762091,0.13987,0.0809,0.15354,VUS,.,2
chr4,83462784,A,T,ABRAXAS1,c.915T>A,p.His305Gln,NA,0.0175133219999999,0.0877,0.0997,0.07523,VUS,.,2
chr4,83462755,T,C,ABRAXAS1,c.944A>G,p.His315Arg,NA,0.6148279,0.66297,0.1186,0.1375,VUS,.,1
chr4,83462754,G,C,ABRAXAS1,c.945C>G,p.His315Gln,NA,0.51059324,0.55061,0.2345,0.08425,VUS,.,2
chr4,83462756,G,A,ABRAXAS1,c.943C>T,p.His315Tyr,NA,0.49004912,0.59253,0.1317,0.21403,VUS,.,1
chr4,83462752,T,C,ABRAXAS1,c.947A>G,p.His316Arg,NA,0.023474721,0.12962,0.0715,0.19466,VUS,.,1
chr4,83462751,A,C,ABRAXAS1,c.948T>G,p.His316Gln,NA,0.022804873,0.0104,0.0968,0.11761,VUS,.,1
chr4,83462753,G,A,ABRAXAS1,c.946C>T,p.His316Tyr,NA,0.03538039,0.04649,0.0746,0.28121,VUS,.,1
chr4,83462713,T,C,ABRAXAS1,c.986A>G,p.His329Arg,1.19355480406e-5,0.032591242,0.05648,0.0776,0.0836,Conflicting,Uncertain_significance(1)|Likely_benign(1),1
chr4,83462712,G,C,ABRAXAS1,c.987C>G,p.His329Gln,NA,0.0255761279999999,0.11227,0.1008,0.04389,VUS,.,1
chr4,83462714,G,A,ABRAXAS1,c.985C>T,p.His329Tyr,3.9784843566e-6,0.013668665,0.27141,0.0625,0.31006,Conflicting,Uncertain_significance(1)|Likely_benign(1),1
chr4,83462662,T,C,ABRAXAS1,c.1037A>G,p.His346Arg,NA,0.026484424,0.17295,0.053,0.00331,B/LB,.,1
chr4,83462663,G,A,ABRAXAS1,c.1036C>T,p.His346Tyr,2.78511633829e-5,0.09513873,0.19503,0.0723,0.43551,VUS,.,2
chr4,83470352,G,C,ABRAXAS1,c.327C>G,p.Ile109Met,3.98168425244e-6,0.027618857,0.03691,0.0934,0.25716,Conflicting,Uncertain_significance(2)|Likely_benign(1),1
chr4,83470262,T,C,ABRAXAS1,c.417A>G,p.Ile139Met,NA,0.1015109,0.25558,0.1277,0.37067,VUS,.,1
chr4,83470263,A,G,ABRAXAS1,c.416T>C,p.Ile139Thr,7.0812001218e-6,0.10624382,0.1533,0.2911,0.2912,VUS,.,1
chr4,83470264,T,C,ABRAXAS1,c.415A>G,p.Ile139Val,NA,0.0229768229999999,0.12618,0.0719,0.20015,VUS,.,1
chr4,83470260,A,G,ABRAXAS1,c.419T>C,p.Ile140Thr,NA,0.025939003,0.38592,0.1135,0.00476,VUS,.,1
chr4,83467492,T,A,ABRAXAS1,c.643A>T,p.Ile215Leu,NA,0.44137642,0.46948,0.3399,0.28816,VUS,.,2
chr4,83463605,T,A,ABRAXAS1,c.685A>T,p.Ile229Leu,NA,0.0898206,0.13987,0.1,0.03246,VUS,.,2
chr4,83463605,T,C,ABRAXAS1,c.685A>G,p.Ile229Val,NA,0.033155136,0.05312,0.0649,0.14829,VUS,.,1
chr4,83463529,A,G,ABRAXAS1,c.761T>C,p.Ile254Thr,1.42303176918e-5,0.24396586,0.31079,0.1504,0.40871,VUS,.,1
chr4,83462866,A,C,ABRAXAS1,c.833T>G,p.Ile278Ser,NA,0.10879678,0.09122,0.1243,0.31006,VUS,.,2
chr4,83462866,A,G,ABRAXAS1,c.833T>C,p.Ile278Thr,NA,0.03868158,0.05312,0.1009,0.35385,VUS,.,2
chr4,83462867,T,C,ABRAXAS1,c.832A>G,p.Ile278Val,4.25850849998e-6,0.022255834,0.08419,0.0666,0.19289,VUS,.,2
chr4,83462705,T,A,ABRAXAS1,c.994A>T,p.Ile332Phe,NA,0.031778842,0.05988,0.064,0.24206,VUS,.,1
chr4,83462669,T,C,ABRAXAS1,c.1030A>G,p.Ile344Val,3.97854767096e-6,0.0104156294999999,0.00165,0.0688,0.13621,VUS,.,1
chr4,83462519,T,G,ABRAXAS1,c.1180A>C,p.Ile394Leu,NA,0.07323065,0.03383,0.0776,0.08138,VUS,.,2
chr4,83462518,A,G,ABRAXAS1,c.1181T>C,p.Ile394Thr,NA,0.050120022,0.15993,0.0571,0.07946,VUS,.,1
chr4,83462519,T,C,ABRAXAS1,c.1180A>G,p.Ile394Val,NA,0.0373852479999999,0.01476,0.0746,0.12444,VUS,.,1
chr4,83482199,T,G,ABRAXAS1,c.133A>C,p.Ile45Leu,NA,0.3965899,0.36984,0.81,0.21388,VUS,.,1
chr4,83482156,A,T,ABRAXAS1,c.176T>A,p.Ile59Asn,4.12718327996e-6,0.7546737,0.69273,0.9382,0.79953,VUS,.,2
chr4,83482156,A,G,ABRAXAS1,c.176T>C,p.Ile59Thr,1.65087331198e-5,0.21511501,0.63694,0.4623,0.52088,VUS,.,2
chr4,83482157,T,C,ABRAXAS1,c.175A>G,p.Ile59Val,NA,0.03457577,0.29158,0.084,0.1895,VUS,.,1
chr4,83476677,T,G,ABRAXAS1,c.181A>C,p.Ile61Leu,NA,0.13095553,0.49396,0.422,0.59561,VUS,.,1
chr4,83476675,A,C,ABRAXAS1,c.183T>G,p.Ile61Met,NA,0.22355206,0.63694,0.4752,0.65208,VUS,.,1
chr4,83476665,T,C,ABRAXAS1,c.193A>G,p.Ile65Val,NA,0.055237994,0.05312,0.0898,0.38594,VUS,.,1
chr4,83472241,A,G,ABRAXAS1,c.263T>C,p.Ile88Thr,NA,0.172911,0.56959,0.4351,0.56615,VUS,.,1
chr4,83485044,A,G,ABRAXAS1,c.29T>C,p.Leu10Pro,8.69466929825e-6,0.8233322,0.66956,0.9735,0.86258,VUS,.,2
chr4,83485045,G,C,ABRAXAS1,c.28C>G,p.Leu10Val,NA,0.06695085,0.10877,0.0865,0.26795,VUS,.,2
chr4,83470333,G,T,ABRAXAS1,c.346C>A,p.Leu116Met,NA,0.096899174,0.2249,0.1421,0.45195,VUS,.,1
chr4,83470330,G,T,ABRAXAS1,c.349C>A,p.Leu117Ile,3.98206478023e-6,0.0646611,0.23913,0.1092,0.29462,VUS,.,2
chr4,83470329,A,G,ABRAXAS1,c.350T>C,p.Leu117Pro,NA,0.9215447,0.87965,0.9756,0.97064,VUS,.,1
chr4,83470291,G,C,ABRAXAS1,c.388C>G,p.Leu130Val,NA,0.22045127,0.62179,0.1821,0.56337,VUS,.,1
chr4,83470278,A,C,ABRAXAS1,c.401T>G,p.Leu134Arg,NA,0.91056347,0.91285,0.9669,0.95979,VUS,.,1
chr4,83470234,G,C,ABRAXAS1,c.445C>G,p.Leu149Val,3.98727262578e-6,0.2882578,0.59861,0.2255,0.71857,VUS,.,1
chr4,83485030,G,A,ABRAXAS1,c.43C>T,p.Leu15Phe,4.31406384814e-6,0.08682542,0.05648,0.0968,0.35282,VUS,.,1
chr4,83485029,A,G,ABRAXAS1,c.44T>C,p.Leu15Pro,NA,0.84050435,0.66956,0.9682,0.8971,VUS,.,2
chr4,83469131,A,G,ABRAXAS1,c.497T>C,p.Leu166Ser,NA,0.7990135,0.88157,0.8247,0.80669,VUS,.,1
chr4,83469098,A,G,ABRAXAS1,c.530T>C,p.Leu177Pro,3.9769021523e-6,0.17994133,0.47942,0.2098,0.30639,VUS,.,1
chr4,83485020,A,G,ABRAXAS1,c.53T>C,p.Leu18Pro,NA,0.8533639,0.73299,0.9877,0.97696,VUS,.,1
chr4,83485021,G,C,ABRAXAS1,c.52C>G,p.Leu18Val,1.73089738375e-5,0.13308844,0.49714,0.163,0.69576,VUS,.,2
chr4,83467509,A,G,ABRAXAS1,c.626T>C,p.Leu209Ser,NA,0.76776695,0.82003,0.8962,0.52492,VUS,.,1
chr4,83467459,A,C,ABRAXAS1,c.676T>G,p.Leu226Val,NA,0.12049145,0.40148,0.325,0.42194,VUS,.,1
chr4,83485006,G,A,ABRAXAS1,c.67C>T,p.Leu23Phe,NA,0.1502329,0.13647,0.1581,0.53851,VUS,.,2
chr4,83485005,A,G,ABRAXAS1,c.68T>C,p.Leu23Pro,NA,0.82943773,0.49555,0.9748,0.94593,VUS,.,1
chr4,83463563,G,C,ABRAXAS1,c.727C>G,p.Leu243Val,2.49540133183e-5,0.18352182,0.65913,0.2229,0.5497,VUS,.,2
chr4,83462848,A,G,ABRAXAS1,c.851T>C,p.Leu284Ser,NA,0.20717824,0.72176,0.8417,0.43488,VUS,.,1
chr4,83462797,A,G,ABRAXAS1,c.902T>C,p.Leu301Ser,NA,0.12809837,0.6893,0.368,0.37823,VUS,.,1
chr4,83462725,A,G,ABRAXAS1,c.974T>C,p.Leu325Ser,NA,0.15672623,0.60338,0.407,0.06375,VUS,.,1
chr4,83462652,T,G,ABRAXAS1,c.1047A>C,p.Leu349Phe,NA,0.03459443,0.17616,0.0743,0.31344,VUS,.,1
chr4,83482232,G,T,ABRAXAS1,c.100C>A,p.Leu34Ile,NA,0.17169094,0.22779,0.0922,0.50263,VUS,.,1
chr4,83462647,A,G,ABRAXAS1,c.1052T>C,p.Leu351Ser,NA,0.0229249339999999,0.10527,0.0725,0.05653,VUS,.,1
chr4,83462614,A,G,ABRAXAS1,c.1085T>C,p.Leu362Ser,NA,0.05975273,0.16321,0.10780000000000001,0.0639,VUS,.,1
chr4,83472250,A,G,ABRAXAS1,c.254T>C,p.Leu85Pro,NA,0.87608695,0.80901,0.9515,0.98738,VUS,.,1
chr4,83472238,A,G,ABRAXAS1,c.266T>C,p.Leu89Ser,NA,0.62181026,0.76023,0.5101,0.67122,VUS,.,1
chr4,83470377,T,C,ABRAXAS1,c.302A>G,p.Lys101Arg,NA,0.2074812,0.49076,0.1269,0.03092,VUS,.,1
chr4,83470215,T,G,ABRAXAS1,c.464A>C,p.Lys155Thr,4.01058795219e-6,0.12644255,0.45073,0.4505,0.61791,VUS,.,1
chr4,83470206,T,A,ABRAXAS1,c.473A>T,p.Lys158Ile,8.04673543943e-6,0.16018079,0.32913,0.2595,0.64184,VUS,.,2
chr4,83467532,T,A,ABRAXAS1,c.603A>T,p.Lys201Asn,4.1700026688e-6,0.07920603,0.06676,0.1358,0.56841,VUS,.,2
chr4,83467534,T,G,ABRAXAS1,c.601A>C,p.Lys201Gln,8.35317211711e-6,0.0621192459999999,0.07369,0.0873,0.46431,VUS,.,2
chr4,83467534,T,C,ABRAXAS1,c.601A>G,p.Lys201Glu,NA,0.05082217,0.09122,0.0617,0.50194,Conflicting,Uncertain_significance(1)|Likely_benign(1),1
chr4,83467533,T,G,ABRAXAS1,c.602A>C,p.Lys201Thr,NA,0.11307323,0.11227,0.0805,0.55517,VUS,.,1
chr4,83467455,T,G,ABRAXAS1,c.680A>C,p.Lys227Thr,1.2235057037e-4,0.53191423,0.47777,0.2495,0.13776,Conflicting,Uncertain_significance(1)|Likely_benign(2),1
chr4,83463595,T,G,ABRAXAS1,c.695A>C,p.Lys232Thr,NA,0.09825711,0.16647,0.0825,0.2953,VUS,.,1
chr4,83463566,T,C,ABRAXAS1,c.724A>G,p.Lys242Glu,NA,0.13999122,0.2072,0.0947,0.04069,VUS,.,1
chr4,83463555,C,A,ABRAXAS1,c.735G>T,p.Lys245Asn,1.20260725252e-5,0.050028063,0.11924,0.1479,0.20387,VUS,.,1
chr4,83462895,C,G,ABRAXAS1,c.804G>C,p.Lys268Asn,4.90961400615e-6,0.07740948,0.00846,0.1248,0.33428,VUS,.,1
chr4,83462885,T,C,ABRAXAS1,c.814A>G,p.Lys272Glu,NA,0.045545213,0.13305,0.0573,0.11986,VUS,.,1
chr4,83462795,T,C,ABRAXAS1,c.904A>G,p.Lys302Glu,1.9914923447e-5,0.07979572,0.04004,0.0949,0.36786,VUS,.,1
chr4,83462777,T,C,ABRAXAS1,c.922A>G,p.Lys308Glu,NA,0.034641013,0.04004,0.0765,0.10932,VUS,.,1
chr4,83462665,T,C,ABRAXAS1,c.1034A>G,p.Lys345Arg,NA,0.30118632,0.43303,0.0852,0.37099,VUS,.,1
chr4,83462666,T,C,ABRAXAS1,c.1033A>G,p.Lys345Glu,NA,0.4423453,0.545,0.1576,0.37442,VUS,.,1
chr4,83462588,T,G,ABRAXAS1,c.1111A>C,p.Lys371Gln,NA,0.050328776,0.09825,0.0918,0.14523,VUS,.,1
chr4,83462587,T,G,ABRAXAS1,c.1112A>C,p.Lys371Thr,3.97807286238e-6,0.04893548,0.17295,0.0814,0.13532,VUS,.,1
chr4,83462558,T,C,ABRAXAS1,c.1141A>G,p.Lys381Glu,NA,0.11444112,0.05988,0.0664,0.10898,VUS,.,1
chr4,83462547,T,G,ABRAXAS1,c.1152A>C,p.Lys384Asn,3.97835773393e-6,0.0546973459999999,0.11227,0.1145,0.18364,Conflicting,Uncertain_significance(2)|Likely_benign(1),1
chr4,83462549,T,G,ABRAXAS1,c.1150A>C,p.Lys384Gln,NA,0.060646623,0.01968,0.0846,0.15057,VUS,.,1
chr4,83482220,T,G,ABRAXAS1,c.112A>C,p.Lys38Gln,NA,0.1057567,0.15663,0.2651,0.58841,VUS,.,1
chr4,83482219,T,G,ABRAXAS1,c.113A>C,p.Lys38Thr,NA,0.09700741,0.20116,0.3668,0.55646,VUS,.,2
chr4,83462505,C,G,ABRAXAS1,c.1194G>C,p.Lys398Asn,3.98371457482e-6,0.062542856,0.02506,0.1448,0.22348,VUS,.,1
chr4,83482207,T,C,ABRAXAS1,c.125A>G,p.Lys42Arg,2.97188524942e-4,0.060428325,0.23632,0.0992,0.20015,Conflicting,Uncertain_significance(2)|Likely_benign(2),1
chr4,83472245,T,G,ABRAXAS1,c.259A>C,p.Lys87Gln,NA,0.28574196,0.47281,0.1266,0.58701,VUS,.,1
chr4,83472226,T,C,ABRAXAS1,c.278A>G,p.Lys93Arg,5.68420813296e-6,0.06348565,0.13305,0.0712,0.52395,VUS,.,2
chr4,83470351,T,C,ABRAXAS1,c.328A>G,p.Met110Val,3.98165254507e-6,0.21736078,0.57482,0.1483,0.72882,VUS,.,2
chr4,83469110,A,G,ABRAXAS1,c.518T>C,p.Met173Thr,3.97721849248e-6,0.27759504,0.30843,0.6213,0.33549,VUS,.,2
chr4,83469111,T,C,ABRAXAS1,c.517A>G,p.Met173Val,NA,0.2762529,0.45933,0.2445,0.3697,VUS,.,1
chr4,83467482,A,G,ABRAXAS1,c.653T>C,p.Met218Thr,NA,0.7567318,0.75211,0.7639,0.08147,VUS,.,1
chr4,83462803,A,C,ABRAXAS1,c.896T>G,p.Met299Arg,NA,0.70410556,0.36778,0.362,0.01259,VUS,.,1
chr4,83462802,C,T,ABRAXAS1,c.897G>A,p.Met299Ile,3.40396561995e-4,0.024315942,0.04979,0.1523,0.00429,B/LB,.,2
chr4,83462803,A,G,ABRAXAS1,c.896T>C,p.Met299Thr,7.98294842217e-6,0.20168643,0.29889,0.2041,0.00128,VUS,.,2
chr4,83462804,T,C,ABRAXAS1,c.895A>G,p.Met299Val,NA,0.021819456,0.17295,0.0782,0.00357,VUS,.,1
chr4,83462722,A,G,ABRAXAS1,c.977T>C,p.Met326Thr,NA,0.54989034,0.5262,0.554,0.01432,VUS,.,1
chr4,83462544,C,G,ABRAXAS1,c.1155G>C,p.Met385Ile,NA,0.060572177,0.12962,0.1234,0.05182,VUS,.,1
chr4,83462545,A,G,ABRAXAS1,c.1154T>C,p.Met385Thr,3.97845270018e-6,0.05286848,0.04004,0.0871,0.02175,VUS,.,2
chr4,83462508,C,A,ABRAXAS1,c.1191G>T,p.Met397Ile,3.98355588132e-6,0.059127748,0.15663,0.1948,0.08184,VUS,.,1
chr4,83462510,T,C,ABRAXAS1,c.1189A>G,p.Met397Val,3.98215992354e-6,0.0380140579999999,0.14661,0.0896,0.06989,VUS,.,1
chr4,83470304,A,C,ABRAXAS1,c.375T>G,p.Phe125Leu,NA,0.03930454,0.26358,0.3044,0.00623,Conflicting,Uncertain_significance(1)|Likely_benign(1),1
chr4,83485036,A,G,ABRAXAS1,c.37T>C,p.Phe13Leu,NA,0.37490818,0.45933,0.9739,0.58868,VUS,.,1
chr4,83469057,A,C,ABRAXAS1,c.571T>G,p.Phe191Val,3.97743996054e-6,0.37153935,0.61272,0.4338,0.5766,VUS,.,1
chr4,83485014,A,G,ABRAXAS1,c.59T>C,p.Phe20Ser,NA,0.85318804,0.64215,0.9336,0.8291,VUS,.,1
chr4,83462863,A,C,ABRAXAS1,c.836T>G,p.Phe279Cys,6.76326868776e-5,0.15928198,0.34456,0.2162,0.22122,VUS,.,2
chr4,83462864,A,T,ABRAXAS1,c.835T>A,p.Phe279Ile,NA,0.053624988,0.11924,0.1091,0.0619,VUS,.,1
chr4,83462864,A,G,ABRAXAS1,c.835T>C,p.Phe279Leu,1.11921923266e-5,0.034163818,0.07369,0.3877,0.01189,VUS,.,2
chr4,83462836,A,G,ABRAXAS1,c.863T>C,p.Phe288Ser,NA,0.75459313,0.6867,0.6988,0.22303,VUS,.,1
chr4,83482236,A,C,ABRAXAS1,c.96T>G,p.Phe32Leu,NA,0.105719306,0.31079,0.9007,0.36829,VUS,.,1
chr4,83462628,G,C,ABRAXAS1,c.1071C>G,p.Phe357Leu,NA,0.029758822,0.01715,0.3265,0.02527,VUS,.,1
chr4,83462501,A,C,ABRAXAS1,c.1198T>G,p.Phe400Val,NA,0.16488762,0.24469,0.0644,0.10898,VUS,.,1
chr4,83472286,A,G,ABRAXAS1,c.218T>C,p.Phe73Ser,NA,0.908208,0.88867,0.9765,0.9216,VUS,.,1
chr4,83470269,G,A,ABRAXAS1,c.410C>T,p.Pro137Leu,NA,0.28031617,0.74306,0.5888,0.70341,VUS,.,2
chr4,83470270,G,A,ABRAXAS1,c.409C>T,p.Pro137Ser,NA,0.06315773,0.2072,0.2145,0.30889,VUS,.,1
chr4,83470212,G,T,ABRAXAS1,c.467C>A,p.Pro156His,NA,0.3654091,0.58381,0.4308,0.6319,VUS,.,1
chr4,83470212,G,A,ABRAXAS1,c.467C>T,p.Pro156Leu,NA,0.24394253,0.56694,0.2111,0.56968,VUS,.,1
chr4,83469134,G,A,ABRAXAS1,c.494C>T,p.Pro165Leu,NA,0.75601333,0.82118,0.5891,0.73142,VUS,.,1
chr4,83469135,G,A,ABRAXAS1,c.493C>T,p.Pro165Ser,NA,0.4181067,0.71163,0.4289,0.59237,VUS,.,1
chr4,83462879,G,C,ABRAXAS1,c.820C>G,p.Pro274Ala,2.00412047169e-5,0.032207817,0.14325,0.0779,0.0325,VUS,.,2
chr4,83462878,G,A,ABRAXAS1,c.821C>T,p.Pro274Leu,NA,0.19043453,0.49076,0.0879,7.2e-4,VUS,.,1
chr4,83462879,G,A,ABRAXAS1,c.820C>T,p.Pro274Ser,1.37559150435e-5,0.045273297,0.28911,0.0842,0.029,VUS,.,2
chr4,83462834,G,A,ABRAXAS1,c.865C>T,p.Pro289Ser,NA,0.21568033,0.66769,0.3497,0.0983,VUS,.,1
chr4,83462702,G,C,ABRAXAS1,c.997C>G,p.Pro333Ala,NA,0.057736855,0.19811,0.0827,0.26301,VUS,.,1
chr4,83462701,G,A,ABRAXAS1,c.998C>T,p.Pro333Leu,NA,0.060851824,0.2102,0.0818,0.18074,VUS,.,1
chr4,83462702,G,A,ABRAXAS1,c.997C>T,p.Pro333Ser,NA,0.055836387,0.21907,0.0983,0.13051,VUS,.,1
chr4,83462689,G,C,ABRAXAS1,c.1010C>G,p.Pro337Arg,NA,0.037713856,0.06676,0.0869,0.29353,VUS,.,1
chr4,83462689,G,A,ABRAXAS1,c.1010C>T,p.Pro337Leu,3.18694626809e-5,0.03302476,0.05648,0.0678,0.18364,VUS,.,1
chr4,83462677,G,A,ABRAXAS1,c.1022C>T,p.Pro341Leu,NA,0.0170778969999999,0.03383,0.0764,0.31729,Conflicting,Uncertain_significance(2)|Likely_benign(1),1
chr4,83462537,G,C,ABRAXAS1,c.1162C>G,p.Pro388Ala,3.97927593095e-6,0.03510577,0.10877,0.0716,0.18016,VUS,.,1
chr4,83462536,G,A,ABRAXAS1,c.1163C>T,p.Pro388Leu,3.97908592438e-6,0.028522832,0.10877,0.0819,0.10876,VUS,.,1
chr4,83462537,G,T,ABRAXAS1,c.1162C>A,p.Pro388Thr,1.98963796548e-5,0.04561786,0.15663,0.0702,0.09642,VUS,.,2
chr4,83462479,G,A,ABRAXAS1,c.1220C>T,p.Pro407Leu,NA,0.77885777,0.69188,0.4908,0.11147,VUS,.,1
chr4,83476662,G,A,ABRAXAS1,c.196C>T,p.Pro66Ser,NA,0.29397646,0.35103,0.2238,0.58855,VUS,.,1
chr4,83470363,A,C,ABRAXAS1,c.316T>G,p.Ser106Ala,NA,0.11103552,0.24743,0.2527,0.47395,VUS,.,1
chr4,83485041,G,A,ABRAXAS1,c.32C>T,p.Ser11Leu,8.66896683253e-6,0.27938065,0.68582,0.7831,0.76916,VUS,.,2
chr4,83485042,A,G,ABRAXAS1,c.31T>C,p.Ser11Pro,NA,0.33585894,0.45247,0.2465,0.69406,VUS,.,1
chr4,83485041,G,C,ABRAXAS1,c.32C>G,p.Ser11Trp,NA,0.37988222,0.70029,0.9195,0.91395,VUS,.,1
chr4,83470265,A,C,ABRAXAS1,c.414T>G,p.Ser138Arg,NA,0.38788217,0.56959,0.8621,0.88938,VUS,.,2
chr4,83470266,C,T,ABRAXAS1,c.413G>A,p.Ser138Asn,NA,0.22267379,0.31313,0.2869,0.64931,VUS,.,1
chr4,83470246,A,G,ABRAXAS1,c.433T>C,p.Ser145Pro,7.08300574432e-6,0.76815486,0.84019,0.9361,0.82528,VUS,.,2
chr4,83470245,G,T,ABRAXAS1,c.434C>A,p.Ser145Tyr,3.98450823199e-6,0.837854,0.73879,0.9168,0.87449,VUS,.,2
chr4,83470224,G,T,ABRAXAS1,c.455C>A,p.Ser152Tyr,NA,0.15378462,0.3013,0.469,0.61261,VUS,.,2
chr4,83469108,A,G,ABRAXAS1,c.520T>C,p.Ser174Pro,NA,0.26664868,0.46781,0.4155,0.27697,VUS,.,1
chr4,83469066,A,G,ABRAXAS1,c.562T>C,p.Ser188Pro,3.97702868233e-6,0.81983775,0.79947,0.3865,0.65628,VUS,.,2
chr4,83469053,C,T,ABRAXAS1,c.575G>A,p.Ser192Asn,7.95576594137e-6,0.0439505059999999,0.0877,0.0961,0.55337,Conflicting,Uncertain_significance(1)|Likely_benign(1),1
chr4,83469033,T,G,ABRAXAS1,c.595A>C,p.Ser199Arg,NA,0.19226983,0.26093,0.1916,0.39165,VUS,.,2
chr4,83469032,C,T,ABRAXAS1,c.596G>A,p.Ser199Asn,NA,0.118101634,0.3013,0.1639,0.03842,VUS,.,2
chr4,83467536,G,C,ABRAXAS1,c.599C>G,p.Ser200Cys,NA,0.13507505,0.44373,0.0856,0.5054,VUS,.,1
chr4,83467512,G,A,ABRAXAS1,c.623C>T,p.Ser208Phe,NA,0.20626153,0.46781,0.2559,0.50915,VUS,.,1
chr4,83467513,A,G,ABRAXAS1,c.622T>C,p.Ser208Pro,NA,0.31863433,0.37593,0.7133,0.5166,VUS,.,1
chr4,83467473,G,A,ABRAXAS1,c.662C>T,p.Ser221Leu,NA,0.20491366,0.34456,0.1063,0.30534,VUS,.,2
chr4,83467474,A,G,ABRAXAS1,c.661T>C,p.Ser221Pro,NA,0.3863928,0.48754,0.7563,0.71634,VUS,.,1
chr4,83463607,C,T,ABRAXAS1,c.683G>A,p.Ser228Asn,NA,0.08750583,0.05988,0.0627,0.15931,VUS,.,1
chr4,83484993,G,A,ABRAXAS1,c.80C>T,p.Ser27Leu,NA,0.25629666,0.35528,0.1382,0.66733,VUS,.,2
chr4,83462827,G,C,ABRAXAS1,c.872C>G,p.Ser291Cys,NA,0.046197914,0.07718,0.0699,0.38656,VUS,.,1
chr4,83462828,A,T,ABRAXAS1,c.871T>A,p.Ser291Thr,NA,0.03058426,0.1533,0.0831,0.10596,VUS,.,2
chr4,83462812,G,A,ABRAXAS1,c.887C>T,p.Ser296Leu,NA,0.27385792,0.54641,0.2685,0.3884,VUS,.,1
chr4,83462779,G,C,ABRAXAS1,c.920C>G,p.Ser307Cys,5.1751180325e-5,0.040008962,0.10176,0.0902,0.42241,VUS,.,2
chr4,83462773,C,T,ABRAXAS1,c.926G>A,p.Ser309Asn,3.98127209606e-6,0.032066092,0.14996,0.0836,0.23909,VUS,.,2
chr4,83462770,C,T,ABRAXAS1,c.929G>A,p.Ser310Asn,NA,0.0222770139999999,0.02232,0.0739,0.25819,VUS,.,1
chr4,83462771,T,C,ABRAXAS1,c.928A>G,p.Ser310Gly,3.98063817591e-6,0.016098538,0.05648,0.0664,0.29719,VUS,.,1
chr4,83462691,A,T,ABRAXAS1,c.1008T>A,p.Ser336Arg,NA,0.044315167,0.07718,0.1946,0.37367,VUS,.,1
chr4,83462684,T,C,ABRAXAS1,c.1015A>G,p.Ser339Gly,NA,0.016266454,0.00669,0.0591,0.34997,VUS,.,1
chr4,83462620,G,C,ABRAXAS1,c.1079C>G,p.Ser360Cys,NA,0.04945726,0.10176,0.0901,0.46753,VUS,.,1
chr4,83462591,A,C,ABRAXAS1,c.1108T>G,p.Ser370Ala,NA,0.05569483,0.24743,0.0706,0.26722,VUS,.,1
chr4,83462590,G,A,ABRAXAS1,c.1109C>T,p.Ser370Phe,NA,0.037065987,0.26358,0.0829,0.37261,VUS,.,1
chr4,83462591,A,T,ABRAXAS1,c.1108T>A,p.Ser370Thr,7.95684208851e-6,0.056857944,0.24469,0.0743,0.19732,VUS,.,2
chr4,83462573,T,C,ABRAXAS1,c.1126A>G,p.Ser376Gly,NA,0.041210353,0.10527,0.062,0.30283,Conflicting,Uncertain_significance(1)|Likely_benign(1),1
chr4,83462572,C,A,ABRAXAS1,c.1127G>T,p.Ser376Ile,NA,0.13732186,0.15993,0.0814,0.30784,VUS,.,1
chr4,83462569,C,T,ABRAXAS1,c.1130G>A,p.Ser377Asn,3.97816781503e-6,0.04514228,0.26358,0.0762,0.31856,VUS,.,1
chr4,83462569,C,G,ABRAXAS1,c.1130G>C,p.Ser377Thr,NA,0.05777648,0.25016,0.0769,0.28093,VUS,.,1
chr4,83462551,G,A,ABRAXAS1,c.1148C>T,p.Ser383Phe,NA,0.05842169,0.19811,0.1,0.37293,VUS,.,2
chr4,83462552,A,T,ABRAXAS1,c.1147T>A,p.Ser383Thr,NA,0.037677497,0.21613,0.0769,0.22662,VUS,.,2
chr4,83462488,G,A,ABRAXAS1,c.1211C>T,p.Ser404Leu,NA,0.34884062,0.37187,0.1019,0.11539,VUS,.,2
chr4,83462482,G,A,ABRAXAS1,c.1217C>T,p.Ser406Phe,NA,0.5028963,0.58633,0.4753,0.3299,VUS,.,1
chr4,83462482,G,T,ABRAXAS1,c.1217C>A,p.Ser406Tyr,NA,0.5881557,0.56694,0.395,0.40611,VUS,.,2
chr4,83485058,A,C,ABRAXAS1,c.15T>G,p.Ser5Arg,4.39904628677e-6,0.075150385,0.19811,0.3724,0.52819,VUS,.,2
chr4,83485059,C,T,ABRAXAS1,c.14G>A,p.Ser5Asn,NA,0.039084073,0.23913,0.1414,0.3246,VUS,.,1
chr4,83485060,T,C,ABRAXAS1,c.13A>G,p.Ser5Gly,2.65191025936e-5,0.17794073999999999,0.38592,0.1157,0.18031,VUS,.,2
chr4,83485059,C,A,ABRAXAS1,c.14G>T,p.Ser5Ile,4.39452266695e-6,0.19578768,0.46444,0.2474,0.14272,VUS,.,2
chr4,83485059,C,G,ABRAXAS1,c.14G>C,p.Ser5Thr,NA,0.049174782,0.36365,0.0864,0.19185,VUS,.,2
chr4,83476643,C,T,ABRAXAS1,c.215G>A,p.Ser72Asn,NA,0.25588965,0.36157,0.2791,0.54085,VUS,.,1
chr4,83472274,G,A,ABRAXAS1,c.230C>T,p.Ser77Leu,NA,0.041791875,0.3402,0.0504,0.39235,VUS,.,1
chr4,83485054,A,C,ABRAXAS1,c.19T>G,p.Ser7Ala,4.35919790759e-6,0.056932095,0.09122,0.0643,0.15559,VUS,.,1
chr4,83485053,G,A,ABRAXAS1,c.20C>T,p.Ser7Leu,NA,0.05380173,0.05648,0.1329,0.52418,Conflicting,Uncertain_significance(1)|Likely_benign(1),1
chr4,83485054,A,G,ABRAXAS1,c.19T>C,p.Ser7Pro,NA,0.14204001,0.2249,0.6602,0.57674,VUS,.,1
chr4,83470347,G,A,ABRAXAS1,c.332C>T,p.Thr111Met,NA,0.60933995,0.83471,0.6674,0.75589,VUS,.,2
chr4,83470257,G,A,ABRAXAS1,c.422C>T,p.Thr141Ile,0.00390589035178,0.43984613,0.74093,0.8644,0.69921,B/LB,.,2
chr4,83470243,T,C,ABRAXAS1,c.436A>G,p.Thr146Ala,3.98460349211e-6,0.4940563,0.84345,0.6801,0.75342,VUS,.,2
chr4,83485000,T,C,ABRAXAS1,c.73A>G,p.Thr25Ala,NA,0.07625576,0.04979,0.0919,0.52477,VUS,.,1
chr4,83484999,G,C,ABRAXAS1,c.74C>G,p.Thr25Arg,4.37912732751e-6,0.3125189,0.33137,0.1831,0.71319,VUS,.,1
chr4,83462843,T,G,ABRAXAS1,c.856A>C,p.Thr286Pro,NA,0.4058911,0.4053,0.397,0.2737,VUS,.,1
chr4,83484987,G,A,ABRAXAS1,c.86C>T,p.Thr29Met,NA,0.03436667,0.28662,0.1757,0.3885,VUS,.,1
chr4,83484988,T,A,ABRAXAS1,c.85A>T,p.Thr29Ser,NA,0.10536537,0.07022,0.1533,0.35008,VUS,.,1
chr4,83462728,G,T,ABRAXAS1,c.971C>A,p.Thr324Asn,3.97864264627e-6,0.22030394,0.50805,0.2339,0.08128,VUS,.,1
chr4,83462728,G,A,ABRAXAS1,c.971C>T,p.Thr324Ile,NA,0.2127975,0.50805,0.5475,0.32447,VUS,.,1
chr4,83462728,G,C,ABRAXAS1,c.971C>G,p.Thr324Ser,NA,0.124942094,0.45592,0.2328,0.0431,VUS,.,1
chr4,83462710,G,A,ABRAXAS1,c.989C>T,p.Thr330Ile,NA,0.02253721,0.10877,0.1141,0.23609,VUS,.,1
chr4,83462711,T,A,ABRAXAS1,c.988A>T,p.Thr330Ser,NA,0.020987052,0.05988,0.0936,0.09999,VUS,.,1
chr4,83462681,T,C,ABRAXAS1,c.1018A>G,p.Thr340Ala,3.97829442561e-6,0.02400301,0.20116,0.0683,0.24117,VUS,.,1
chr4,83462680,G,A,ABRAXAS1,c.1019C>T,p.Thr340Ile,2.47552764103e-5,0.04984265,0.21317,0.0939,0.23323,Conflicting,Uncertain_significance(1)|Likely_benign(1),1
chr4,83462606,T,C,ABRAXAS1,c.1093A>G,p.Thr365Ala,1.41443716009e-5,0.026014829,0.05312,0.0658,0.20924,VUS,.,2
chr4,83462579,T,C,ABRAXAS1,c.1120A>G,p.Thr374Ala,NA,0.023243586,0.09474,0.0634,0.17082,VUS,.,1
chr4,83462578,G,C,ABRAXAS1,c.1121C>G,p.Thr374Ser,3.97829442561e-6,0.032543197,0.2072,0.078,0.07128,VUS,.,1
chr4,83462531,T,G,ABRAXAS1,c.1168A>C,p.Thr390Pro,NA,0.20390432,0.31546,0.1153,0.27155,VUS,.,1
chr4,83462476,G,A,ABRAXAS1,c.1223C>T,p.Thr408Ile,1.07312257206e-5,0.33341995,0.39571,0.4769,0.15367,VUS,.,2
chr4,83485056,G,T,ABRAXAS1,c.17C>A,p.Thr6Lys,NA,0.34394932,0.46613,0.6321,0.59637,VUS,.,1
chr4,83485056,G,A,ABRAXAS1,c.17C>T,p.Thr6Met,1.7463435931e-5,0.17858271,0.41098,0.3684,0.37452,VUS,.,2
chr4,83485057,T,G,ABRAXAS1,c.16A>C,p.Thr6Pro,NA,0.43470678,0.53931,0.3797,0.37897,VUS,.,1
chr4,83462636,A,G,ABRAXAS1,c.1063T>C,p.Trp355Arg,1.19357379867e-5,0.0372111539999999,0.24469,0.1648,0.00593,VUS,.,2
chr4,83462635,C,A,ABRAXAS1,c.1064G>T,p.Trp355Leu,1.19354530698e-5,0.07580268,0.06676,0.1176,0.00438,VUS,.,1
chr4,83470381,A,C,ABRAXAS1,c.298T>G,p.Tyr100Asp,NA,0.880056,0.93464,0.9923,0.99243,VUS,.,1
chr4,83470380,T,A,ABRAXAS1,c.299A>T,p.Tyr100Phe,NA,0.5082959,0.6867,0.2542,0.47631,VUS,.,1
chr4,83470218,T,C,ABRAXAS1,c.461A>G,p.Tyr154Cys,1.42068661784e-5,0.31305945,0.49871,0.1546,0.77363,VUS,.,2
chr4,83470219,A,G,ABRAXAS1,c.460T>C,p.Tyr154His,NA,0.0537159029999999,0.37995,0.1524,0.6175,VUS,.,1
chr4,83470218,T,A,ABRAXAS1,c.461A>T,p.Tyr154Phe,NA,0.12985197,0.31313,0.1038,0.38707,VUS,.,1
chr4,83469093,A,T,ABRAXAS1,c.535T>A,p.Tyr179Asn,NA,0.8555458,0.83305,0.918,0.74751,VUS,.,1
chr4,83469092,T,C,ABRAXAS1,c.536A>G,p.Tyr179Cys,1.98848270815e-5,0.711114,0.84879,0.8775,0.58157,VUS,.,2
chr4,83467479,T,C,ABRAXAS1,c.656A>G,p.Tyr219Cys,4.04769807411e-6,0.27134207,0.45763,0.2997,0.76467,VUS,.,2
chr4,83462762,A,G,ABRAXAS1,c.937T>C,p.Tyr313His,NA,0.0280050429999999,0.03083,0.0627,0.04604,VUS,.,1
chr4,83462492,A,T,ABRAXAS1,c.1207T>A,p.Tyr403Asn,NA,0.44255137,0.53208,0.1143,0.03512,VUS,.,1
chr4,83482162,T,C,ABRAXAS1,c.170A>G,p.Tyr57Cys,4.08406642326e-6,0.096703455,0.39956,0.3425,0.7001,VUS,.,1
chr4,83482162,T,A,ABRAXAS1,c.170A>T,p.Tyr57Phe,NA,0.07659057,0.25016,0.2127,0.69714,VUS,.,1
chr4,83476668,A,G,ABRAXAS1,c.190T>C,p.Tyr64His,4.03613144873e-6,0.058440622,0.21907,0.246,0.08341,VUS,.,2
chr4,83476655,T,G,ABRAXAS1,c.203A>C,p.Tyr68Ser,NA,0.24341996,0.32689,0.1577,0.29503,VUS,.,1
chr4,83472284,A,G,ABRAXAS1,c.220T>C,p.Tyr74His,NA,0.7857642,0.80723,0.8693,0.64211,VUS,.,1
chr4,83470288,C,A,ABRAXAS1,c.391G>T,p.Val131Phe,NA,0.6123725,0.57741,0.4895,0.71814,VUS,.,1
chr4,83485033,C,A,ABRAXAS1,c.40G>T,p.Val14Leu,NA,0.36949027,0.29647,0.3079,0.77042,VUS,.,1
chr4,83485033,C,T,ABRAXAS1,c.40G>A,p.Val14Met,NA,0.32242954,0.35528,0.6426,0.76761,VUS,.,1
chr4,83469138,C,A,ABRAXAS1,c.490G>T,p.Val164Leu,7.96431984709e-6,0.09185677,0.14996,0.3365,0.33634,VUS,.,2
chr4,83469128,A,G,ABRAXAS1,c.500T>C,p.Val167Ala,1.06100045269e-5,0.11909305,0.4384,0.2866,0.44844,VUS,.,2
chr4,83469129,C,G,ABRAXAS1,c.499G>C,p.Val167Leu,NA,0.21400598,0.26621,0.277,0.0679,VUS,.,1
chr4,83469129,C,T,ABRAXAS1,c.499G>A,p.Val167Met,NA,0.16519877,0.30843,0.2087,0.28872,VUS,.,1
chr4,83469083,A,G,ABRAXAS1,c.545T>C,p.Val182Ala,NA,0.03642928,0.10527,0.1001,0.31395,VUS,.,1
chr4,83469084,C,G,ABRAXAS1,c.544G>C,p.Val182Leu,3.18511912346e-5,0.05010687,0.08068,0.1555,0.38439,VUS,.,1
chr4,83469044,A,G,ABRAXAS1,c.584T>C,p.Val195Ala,NA,0.2130526,0.47281,0.3811,0.56444,VUS,.,2
chr4,83467500,A,C,ABRAXAS1,c.635T>G,p.Val212Gly,NA,0.9036995,0.81659,0.6441,0.8055,VUS,.,1
chr4,83467501,C,T,ABRAXAS1,c.634G>A,p.Val212Ile,NA,0.061523642,0.34673,0.1374,0.43417,VUS,.,1
chr4,83467501,C,G,ABRAXAS1,c.634G>C,p.Val212Leu,NA,0.30792952,0.49871,0.8052,0.65392,VUS,.,1
chr4,83463592,A,G,ABRAXAS1,c.698T>C,p.Val233Ala,NA,0.35208705,0.47777,0.6228,0.53888,VUS,.,2
chr4,83463572,C,T,ABRAXAS1,c.718G>A,p.Val240Ile,NA,0.16443445,0.29647,0.1406,0.32109,VUS,.,1
chr4,83463551,C,T,ABRAXAS1,c.739G>A,p.Val247Ile,NA,0.0202337369999999,0.11576,0.0732,0.34133,VUS,.,1
chr4,83462807,C,G,ABRAXAS1,c.892G>C,p.Val298Leu,1.42096924312e-5,0.04622147,0.15993,0.2342,0.03992,VUS,.,2
chr4,83462782,A,G,ABRAXAS1,c.917T>C,p.Val306Ala,2.40622788393e-4,0.11709122,0.36778,0.1741,0.1334,B/LB,.,2
chr4,83462783,C,G,ABRAXAS1,c.916G>C,p.Val306Leu,1.19439113921e-5,0.032188885,0.01968,0.1191,0.09173,Conflicting,Uncertain_significance(1)|Likely_benign(1),1
chr4,83462743,A,G,ABRAXAS1,c.956T>C,p.Val319Ala,NA,0.025907002,0.18881,0.0924,0.13252,VUS,.,1
chr4,83462744,C,T,ABRAXAS1,c.955G>A,p.Val319Ile,NA,0.011316639,4.5e-4,0.0699,0.14431,VUS,.,1
chr4,83462740,A,G,ABRAXAS1,c.959T>C,p.Val320Ala,1.98936881306e-5,0.016534256,0.01968,0.0836,0.11998,Conflicting,Uncertain_significance(1)|Likely_benign(1),1
chr4,83462741,C,T,ABRAXAS1,c.958G>A,p.Val320Ile,NA,0.016229618,0.04004,0.0772,0.20134,VUS,.,1
chr4,83482165,A,G,ABRAXAS1,c.167T>C,p.Val56Ala,NA,0.07365068,0.41843,0.4135,0.68536,VUS,.,1
chr4,83482166,C,A,ABRAXAS1,c.166G>T,p.Val56Phe,NA,0.073437795,0.30369,0.2382,0.75501,VUS,.,1
chr4,83472229,A,G,ABRAXAS1,c.275T>C,p.Val92Ala,6.85044116841e-6,0.03056911,0.04004,0.1015,0.42508,VUS,.,1
chr4,83470392,A,G,ABRAXAS1,c.287T>C,p.Val96Ala,NA,0.6563724,0.75687,0.4052,0.75618,VUS,.,1
chr4,83470393,C,T,ABRAXAS1,c.286G>A,p.Val96Met,NA,0.4267226,0.70112,0.3074,0.72291,VUS,.,1
chr4,83470390,C,T,ABRAXAS1,c.289G>A,p.Val97Ile,2.49241593437e-5,0.0288128089999999,0.12618,0.0731,0.31421,VUS,.,2
chr4,83485047,A,C,ABRAXAS1,c.26T>G,p.Val9Gly,NA,0.2885875,0.34239000000000003,0.261,0.60435,VUS,.,1
chr4,83485048,C,T,ABRAXAS1,c.25G>A,p.Val9Met,NA,0.041894227,0.03083,0.2035,0.60674,VUS,.,1
