chrom,pos,ref_base,alt_base,base__gene,base__cchange,base__achange,gnomad__af,VEP_varity_r,VEP_revel__score,VEP_alphamissense__pathogenicity,VEP_esm1b__score,clinvar,conf,stars
chr16,67659716,C,A,ACD,c.322G>T,p.Ala108Ser,NA,0.29770815,0.04323,0.0923,NA,VUS,.,1
chr16,67659716,C,T,ACD,c.322G>A,p.Ala108Thr,NA,0.30778685,0.05312,0.0982,NA,VUS,.,1
chr16,67659704,C,T,ACD,c.334G>A,p.Ala112Thr,3.99463121565e-6,0.24413706,0.06331,0.0725,NA,VUS,.,1
chr16,67659610,C,G,ACD,c.340G>C,p.Ala114Pro,NA,0.88864106,0.54641,0.3281,NA,VUS,.,1
chr16,67659610,C,A,ACD,c.340G>T,p.Ala114Ser,4.01674177974e-6,0.42560533,0.19193,0.1179,NA,VUS,.,2
chr16,67659609,G,A,ACD,c.341C>T,p.Ala114Val,NA,0.36699498,0.39182,0.2421,NA,VUS,.,1
chr16,67659232,C,A,ACD,c.490G>T,p.Ala164Ser,NA,0.028313018,0.00375,0.0957,NA,VUS,.,1
chr16,67659023,C,A,ACD,c.550G>T,p.Ala184Ser,NA,0.24281406,0.31778,0.1104,NA,VUS,.,1
chr16,67659023,C,T,ACD,c.550G>A,p.Ala184Thr,NA,0.14315897,0.36778,0.1163,NA,VUS,.,1
chr16,67658971,G,A,ACD,c.602C>T,p.Ala201Val,2.12458570579e-5,0.09738673,0.20419,0.0999,NA,VUS,.,2
chr16,67658950,G,T,ACD,c.623C>A,p.Ala208Asp,NA,0.27973196,0.32463,0.3163,NA,VUS,.,1
chr16,67658950,G,C,ACD,c.623C>G,p.Ala208Gly,NA,0.18678635,0.17616,0.1768,NA,VUS,.,1
chr16,67658948,C,G,ACD,c.625G>C,p.Ala209Pro,NA,0.4443818,0.2249,0.4193,NA,VUS,.,1
chr16,67658947,G,A,ACD,c.626C>T,p.Ala209Val,NA,0.17638372,0.16321,0.1155,NA,VUS,.,2
chr16,67658932,G,A,ACD,c.641C>T,p.Ala214Val,NA,0.22000104,0.52768,0.1633,NA,VUS,.,1
chr16,67658809,G,A,ACD,c.653C>T,p.Ala218Val,NA,0.10848717,0.41658,0.1279,0.25569,VUS,.,2
chr16,67658614,G,A,ACD,c.770C>T,p.Ala257Val,NA,0.039480466,0.13647,0.0972,NA,VUS,.,1
chr16,67658585,C,A,ACD,c.799G>T,p.Ala267Ser,7.79344617021e-5,0.0258294879999999,0.08068,0.0669,NA,Conflicting,Uncertain_significance(1)|Likely_benign(1),1
chr16,67658584,G,A,ACD,c.800C>T,p.Ala267Val,NA,0.02620677,0.2072,0.1222,NA,VUS,.,1
chr16,67658353,G,C,ACD,c.839C>G,p.Ala280Gly,3.60299769408e-5,0.047989268,0.2072,0.1076,NA,VUS,.,2
chr16,67660139,C,T,ACD,c.82G>A,p.Ala28Thr,NA,0.09276727,0.03083,0.1931,0.41207,VUS,.,1
chr16,67660217,C,G,ACD,c.4G>C,p.Ala2Pro,7.29927007299e-6,0.24049367,0.2249,0.2318,NA,VUS,.,1
chr16,67660216,G,A,ACD,c.5C>T,p.Ala2Val,NA,0.1573157,0.26621,0.4302,NA,VUS,.,2
chr16,67658285,C,G,ACD,c.907G>C,p.Ala303Pro,NA,0.14341883,0.10176,0.0969,NA,VUS,.,1
chr16,67658282,C,T,ACD,c.910G>A,p.Ala304Thr,NA,0.020812899,0.07369,0.0759,NA,VUS,.,1
chr16,67658281,G,A,ACD,c.911C>T,p.Ala304Val,NA,0.029770285,0.16972,0.0929,NA,VUS,.,2
chr16,67658239,G,C,ACD,c.953C>G,p.Ala318Gly,NA,0.047529295,0.27398,0.1121,NA,VUS,.,1
chr16,67658227,G,A,ACD,c.965C>T,p.Ala322Val,NA,0.028883718,0.17616,0.092,NA,VUS,.,1
chr16,67658221,G,T,ACD,c.971C>A,p.Ala324Asp,NA,0.06854557,0.00165,0.1111,NA,VUS,.,1
chr16,67658194,G,T,ACD,c.998C>A,p.Ala333Asp,NA,0.071234144,0.03383,0.1057,NA,VUS,.,2
chr16,67658195,C,A,ACD,c.997G>T,p.Ala333Ser,NA,0.019411238,0.00512,0.0748,NA,VUS,.,1
chr16,67658195,C,T,ACD,c.997G>A,p.Ala333Thr,1.18286353339e-4,0.015342785,4.5e-4,0.0689,NA,VUS,.,2
chr16,67658114,C,T,ACD,c.1078G>A,p.Ala360Thr,NA,0.0263651179999999,0.13305,0.0972,NA,VUS,.,2
chr16,67658113,G,A,ACD,c.1079C>T,p.Ala360Val,NA,0.06539845,0.17934,0.1195,NA,VUS,.,1
chr16,67660033,C,A,ACD,c.112G>T,p.Ala38Ser,NA,0.1535845,0.02506,0.0914,NA,VUS,.,1
chr16,67658020,G,A,ACD,c.1172C>T,p.Ala391Val,NA,0.01906346,0.00512,0.0903,NA,VUS,.,1
chr16,67658008,G,A,ACD,c.1184C>T,p.Ala395Val,9.90844595934e-6,0.0581276159999999,0.08068,0.0797,NA,VUS,.,1
chr16,67657823,C,A,ACD,c.1237G>T,p.Ala413Ser,2.38678674856e-5,0.06671157,0.08068,0.0977,NA,VUS,.,2
chr16,67657823,C,T,ACD,c.1237G>A,p.Ala413Thr,NA,0.06362137,0.09825,0.0825,NA,VUS,.,1
chr16,67657822,G,A,ACD,c.1238C>T,p.Ala413Val,NA,0.07160898,0.16321,0.1327,NA,VUS,.,1
chr16,67657780,G,A,ACD,c.1280C>T,p.Ala427Val,7.95671546785e-6,0.072869144,0.07718,0.1585,NA,VUS,.,2
chr16,67657768,G,C,ACD,c.1292C>G,p.Ala431Gly,NA,0.06605524,0.18567,0.1334,NA,VUS,.,1
chr16,67657768,G,A,ACD,c.1292C>T,p.Ala431Val,NA,0.04564402,0.18251,0.2442,NA,VUS,.,1
chr16,67660017,G,C,ACD,c.128C>G,p.Ala43Gly,8.60792617843e-6,0.166781,0.04323,0.0955,NA,VUS,.,2
chr16,67660017,G,A,ACD,c.128C>T,p.Ala43Val,NA,0.12693124,0.13647,0.1042,NA,VUS,.,1
chr16,67657665,C,T,ACD,c.1318G>A,p.Ala440Thr,NA,0.41553435,0.50341,0.1846,NA,VUS,.,1
chr16,67657664,G,A,ACD,c.1319C>T,p.Ala440Val,NA,0.39130664,0.49076,0.2811,NA,VUS,.,1
chr16,67657637,G,A,ACD,c.1346C>T,p.Ala449Val,NA,0.0367729029999999,0.26093,0.0999,NA,VUS,.,1
chr16,67660002,G,C,ACD,c.143C>G,p.Ala48Gly,2.11513079969e-5,0.19816373,0.05312,0.1104,NA,VUS,.,2
chr16,67659979,C,A,ACD,c.166G>T,p.Ala56Ser,NA,0.4108226,0.44019,0.1851,NA,VUS,.,1
chr16,67659922,C,A,ACD,c.223G>T,p.Ala75Ser,NA,0.5413551,0.45592,0.1674,NA,VUS,.,1
chr16,67660192,C,T,ACD,c.29G>A,p.Arg10Gln,NA,0.3157609,0.0877,0.1062,NA,VUS,.,1
chr16,67660193,G,A,ACD,c.28C>T,p.Arg10Trp,4.12926243114e-5,0.49569002,0.27141,0.2091,NA,VUS,.,2
chr16,67659585,C,A,ACD,c.365G>T,p.Arg122Leu,4.00676341665e-6,0.52666086,0.53062,0.2869,NA,VUS,.,1
chr16,67659585,C,G,ACD,c.365G>C,p.Arg122Pro,NA,0.9412368,0.60691,0.8805,NA,VUS,.,1
chr16,67659549,C,G,ACD,c.401G>C,p.Arg134Pro,NA,0.7455622,0.40148,0.1239,NA,VUS,.,1
chr16,67660180,C,G,ACD,c.41G>C,p.Arg14Pro,NA,0.9009209,0.62947,0.859,NA,VUS,.,1
chr16,67659046,C,T,ACD,c.527G>A,p.Arg176Gln,7.07764172978e-5,0.025033213,0.03083,0.0733,NA,Conflicting,Uncertain_significance(1)|Likely_benign(1),1
chr16,67659046,C,A,ACD,c.527G>T,p.Arg176Leu,4.37873685384e-5,0.060820162,0.04649,0.1362,NA,VUS,.,2
chr16,67659047,G,A,ACD,c.526C>T,p.Arg176Trp,3.98133549918e-6,0.059672125,0.27141,0.1197,NA,VUS,.,2
chr16,67658941,C,T,ACD,c.632G>A,p.Arg211Gln,2.79280573243e-5,0.17079489,0.16321,0.1387,NA,VUS,.,1
chr16,67658729,T,C,ACD,c.733A>G,p.Arg245Gly,4.00121636978e-6,0.121497005,0.1533,0.0936,NA,VUS,.,2
chr16,67658728,C,T,ACD,c.734G>A,p.Arg245Lys,NA,0.035810526,0.01715,0.1016,NA,VUS,.,2
chr16,67658728,C,G,ACD,c.734G>C,p.Arg245Thr,NA,0.07216637,0.17616,0.123,NA,VUS,.,1
chr16,67660141,C,T,ACD,c.80G>A,p.Arg27Gln,0.00237672569358,0.11612504,0.16972,0.0883,NA,B/LB,.,2
chr16,67658206,C,A,ACD,c.986G>T,p.Arg329Met,NA,0.033775203,0.04323,0.1622,NA,VUS,.,1
chr16,67658205,C,G,ACD,c.987G>C,p.Arg329Ser,NA,0.04369661,0.00512,0.0974,NA,B/LB,.,1
chr16,67658189,G,A,ACD,c.1003C>T,p.Arg335Cys,4.03105524964e-6,0.03320038,0.10877,0.0821,NA,VUS,.,2
chr16,67658188,C,T,ACD,c.1004G>A,p.Arg335His,4.67031190498e-5,0.01059151,0.00165,0.0685,NA,Conflicting,Uncertain_significance(2)|Likely_benign(1),1
chr16,67658141,G,A,ACD,c.1051C>T,p.Arg351Cys,3.31008915173e-5,0.048926927,0.06676,0.0867,NA,VUS,.,1
chr16,67658140,C,T,ACD,c.1052G>A,p.Arg351His,1.25294441939e-5,0.020856041,0.04979,0.0793,NA,VUS,.,2
chr16,67658102,T,C,ACD,c.1090A>G,p.Arg364Gly,NA,0.13272966,0.20419,0.0984,NA,VUS,.,1
chr16,67658101,C,G,ACD,c.1091G>C,p.Arg364Thr,NA,0.0727927,0.01476,0.1074,NA,VUS,.,1
chr16,67658044,C,T,ACD,c.1148G>A,p.Arg383Gln,1.28498254196e-4,0.009976503,4.5e-4,0.0691,NA,Conflicting,Uncertain_significance(1)|Likely_benign(1),1
chr16,67658045,G,C,ACD,c.1147C>G,p.Arg383Gly,NA,0.06407114,0.01715,0.0875,NA,VUS,.,1
chr16,67658045,G,A,ACD,c.1147C>T,p.Arg383Trp,8.84196751461e-6,0.035756685,0.05648,0.0844,NA,Conflicting,Uncertain_significance(2)|Likely_benign(1),1
chr16,67658014,C,T,ACD,c.1178G>A,p.Arg393Lys,6.50437527644e-5,0.0221139229999999,0.00259,0.0642,NA,VUS,.,2
chr16,67657835,G,A,ACD,c.1225C>T,p.Arg409Cys,1.19347883166e-5,0.16338731,0.34888,0.1231,NA,VUS,.,2
chr16,67657834,C,T,ACD,c.1226G>A,p.Arg409His,4.24394177312e-5,0.026941452,0.07022,0.088,NA,VUS,.,2
chr16,67657777,C,T,ACD,c.1283G>A,p.Arg428Gln,3.97854767096e-6,0.033158455,0.03083,0.0592,NA,Conflicting,Uncertain_significance(1)|Likely_benign(1),1
chr16,67657778,G,C,ACD,c.1282C>G,p.Arg428Gly,NA,0.21785817,0.19503,0.1349,NA,VUS,.,1
chr16,67657778,G,A,ACD,c.1282C>T,p.Arg428Trp,1.19352631328e-5,0.13093506,0.30843,0.1766,NA,VUS,.,2
chr16,67657684,C,A,ACD,c.1299G>T,p.Arg433Ser,NA,0.5789797,0.39182,0.761,NA,VUS,.,1
chr16,67657763,T,A,ACD,c.1297A>T,p.Arg433Trp,NA,0.3277022,0.58254,0.4112,NA,VUS,.,1
chr16,67659943,G,C,ACD,c.202C>G,p.Arg68Gly,3.18593092902e-5,0.8173358,0.69188,0.5794,NA,VUS,.,1
chr16,67659942,C,A,ACD,c.203G>T,p.Arg68Leu,NA,0.7762992,0.56827,0.3558,NA,VUS,.,2
chr16,67660204,C,T,ACD,c.17G>A,p.Arg6Lys,NA,0.21957037,1.6e-4,0.1132,NA,VUS,.,1
chr16,67660203,C,A,ACD,c.18G>T,p.Arg6Ser,3.65566555047e-5,0.47897893,0.02232,0.1142,NA,Conflicting,Uncertain_significance(1)|Likely_benign(1),1
chr16,67659928,G,A,ACD,c.217C>T,p.Arg73Trp,NA,0.22772971,0.09825,0.1339,NA,VUS,.,1
chr16,67659773,G,A,ACD,c.265C>T,p.Arg89Cys,NA,0.363864,0.23913,0.1176,NA,VUS,.,1
chr16,67659772,C,A,ACD,c.266G>T,p.Arg89Leu,1.60471143277e-5,0.50316113,0.38195,0.1882,NA,VUS,.,2
chr16,67659757,C,T,ACD,c.281G>A,p.Arg94Gln,NA,0.36827347,0.39377,0.151,NA,VUS,.,1
chr16,67659757,C,A,ACD,c.281G>T,p.Arg94Leu,NA,0.64632,0.60574,0.5617,NA,VUS,.,1
chr16,67659417,T,G,ACD,c.416A>C,p.Asn139Thr,NA,0.710228,0.51721,0.5532,NA,VUS,.,1
chr16,67659418,T,A,ACD,c.415A>T,p.Asn139Tyr,NA,0.74491006,0.61843,0.6326,NA,VUS,.,1
chr16,67659234,T,C,ACD,c.488A>G,p.Asn163Ser,7.0725859496e-5,0.033097573,0.85301,0.0682,NA,VUS,.,2
chr16,67659589,C,T,ACD,c.361G>A,p.Asp121Asn,NA,0.16541687,0.41473,0.0919,NA,VUS,.,1
chr16,67659589,C,G,ACD,c.361G>C,p.Asp121His,4.00718086812e-6,0.23929973,0.29889,0.1582,NA,VUS,.,2
chr16,67659412,C,G,ACD,c.421G>C,p.Asp141His,NA,0.5594094,0.60574,0.7573,NA,VUS,.,1
chr16,67659406,C,T,ACD,c.427G>A,p.Asp143Asn,NA,0.23288254,0.36365,0.1515,NA,VUS,.,1
chr16,67659405,T,C,ACD,c.428A>G,p.Asp143Gly,NA,0.40976927,0.31778,0.18,NA,VUS,.,1
chr16,67659406,C,A,ACD,c.427G>T,p.Asp143Tyr,NA,0.46455258,0.58883,0.2056,NA,VUS,.,2
chr16,67659385,C,A,ACD,c.448G>T,p.Asp150Tyr,NA,0.4484934,0.32463,0.2235,NA,VUS,.,2
chr16,67659039,G,C,ACD,c.534C>G,p.Asp178Glu,NA,0.12840553,0.17295,0.2865,NA,VUS,.,1
chr16,67658765,C,A,ACD,c.697G>T,p.Asp233Tyr,3.98635073508e-6,0.65313137,0.40148,0.4827,NA,VUS,.,1
chr16,67658619,G,C,ACD,c.765C>G,p.Asp255Glu,NA,0.03447805,0.0279,0.1261,NA,VUS,.,1
chr16,67658620,T,C,ACD,c.764A>G,p.Asp255Gly,4.5179770306e-6,0.042010102,0.08068,0.123,NA,VUS,.,1
chr16,67658621,C,G,ACD,c.763G>C,p.Asp255His,NA,0.03142552,0.00669,0.1329,NA,VUS,.,1
chr16,67658621,C,A,ACD,c.763G>T,p.Asp255Tyr,NA,0.046693143,0.12618,0.1274,NA,VUS,.,1
chr16,67658604,G,C,ACD,c.780C>G,p.Asp260Glu,3.19203268641e-5,0.12878582,0.11576,0.1882,NA,VUS,.,1
chr16,67660036,C,T,ACD,c.109G>A,p.Asp37Asn,3.5926875572e-4,0.27919844,0.23632,0.2461,NA,VUS,.,2
chr16,67657832,C,T,ACD,c.1228G>A,p.Asp410Asn,NA,0.5922152,0.4542,0.5044,NA,VUS,.,1
chr16,67657640,T,G,ACD,c.1343A>C,p.Asp448Ala,NA,0.12193317,0.22779,0.1281,NA,VUS,.,1
chr16,67657641,C,T,ACD,c.1342G>A,p.Asp448Asn,NA,0.071494155,0.21317,0.1359,NA,VUS,.,2
chr16,67659961,C,T,ACD,c.184G>A,p.Asp62Asn,NA,0.9066567,0.66582,0.8738,NA,VUS,.,1
chr16,67659959,G,C,ACD,c.186C>G,p.Asp62Glu,NA,0.8941954,0.70029,0.9789,NA,VUS,.,1
chr16,67659916,C,T,ACD,c.229G>A,p.Asp77Asn,NA,0.073312566,0.07022,0.0867,NA,B/LB,.,1
chr16,67659736,C,A,ACD,c.302G>T,p.Cys101Phe,NA,0.4115826,0.54921,0.2102,0.21029,VUS,.,1
chr16,67659736,C,T,ACD,c.302G>A,p.Cys101Tyr,NA,0.2682973,0.52768,0.3892,0.28163,VUS,.,1
chr16,67659381,C,A,ACD,c.452G>T,p.Cys151Phe,NA,0.33544964,0.44019,0.1442,NA,VUS,.,2
chr16,67659381,C,G,ACD,c.452G>C,p.Cys151Ser,7.95981883452e-6,0.32584038,0.36365,0.2944,NA,VUS,.,1
chr16,67659381,C,T,ACD,c.452G>A,p.Cys151Tyr,NA,0.29721504,0.18251,0.1313,NA,VUS,.,1
chr16,67659014,A,G,ACD,c.559T>C,p.Cys187Arg,2.12297697985e-5,0.4772337,0.00669,0.076,NA,B/LB,.,1
chr16,67659013,C,G,ACD,c.560G>C,p.Cys187Ser,NA,0.3908509,0.00846,0.1565,NA,VUS,.,1
chr16,67658998,C,A,ACD,c.575G>T,p.Cys192Phe,NA,0.9713975,0.77142,0.5668,NA,VUS,.,1
chr16,67658978,A,G,ACD,c.595T>C,p.Cys199Arg,NA,0.31247222,0.08419,0.1133,NA,VUS,.,1
chr16,67658976,G,C,ACD,c.597C>G,p.Cys199Trp,NA,0.16761792,0.23065,0.1962,NA,VUS,.,1
chr16,67658939,A,G,ACD,c.634T>C,p.Cys212Arg,NA,0.47470453,0.10877,0.1065,NA,VUS,.,2
chr16,67658779,C,T,ACD,c.683G>A,p.Cys228Tyr,3.18857215739e-5,0.20225069,0.02232,0.1162,NA,VUS,.,2
chr16,67658735,A,G,ACD,c.727T>C,p.Cys243Arg,3.99609980659e-6,0.11032883,0.01715,0.0971,NA,VUS,.,2
chr16,67658734,C,T,ACD,c.728G>A,p.Cys243Tyr,NA,0.071145736,0.0125,0.0922,NA,VUS,.,1
chr16,67658052,G,C,ACD,c.1140C>G,p.Cys380Trp,NA,0.041676804,0.05648,0.1347,NA,VUS,.,1
chr16,67657996,C,A,ACD,c.1196G>T,p.Cys399Phe,NA,0.11097717,0.03383,0.1031,NA,VUS,.,1
chr16,67657796,A,G,ACD,c.1264T>C,p.Cys422Arg,NA,0.6617514,0.52323,0.3798,NA,VUS,.,1
chr16,67657794,G,C,ACD,c.1266C>G,p.Cys422Trp,NA,0.44585404,0.31079,0.542,NA,VUS,.,1
chr16,67657783,C,G,ACD,c.1277G>C,p.Cys426Ser,3.97804121251e-6,0.5182018,0.29158,0.5346,NA,VUS,.,1
chr16,67657783,C,T,ACD,c.1277G>A,p.Cys426Tyr,3.97804121251e-6,0.4039985,0.24192,0.5263,NA,VUS,.,1
chr16,67659939,C,G,ACD,c.206G>C,p.Cys69Ser,NA,0.8680089,0.59981,0.8856,NA,VUS,.,2
chr16,67659938,G,C,ACD,c.207C>G,p.Cys69Trp,NA,0.95872784,0.77783,0.9731,NA,VUS,.,1
chr16,67659721,T,C,ACD,c.317A>G,p.Gln106Arg,NA,0.18674785,0.41473,0.1003,NA,VUS,.,1
chr16,67659593,C,G,ACD,c.357G>C,p.Gln119His,NA,0.24944693,0.624,0.4599,NA,VUS,.,1
chr16,67659415,G,C,ACD,c.418C>G,p.Gln140Glu,3.19040326697e-5,0.17178649,0.07718,0.0787,NA,VUS,.,2
chr16,67659398,C,G,ACD,c.435G>C,p.Gln145His,NA,0.26275924,0.21317,0.5636,NA,VUS,.,1
chr16,67659037,T,C,ACD,c.536A>G,p.Gln179Arg,7.96026237025e-6,0.08347155,0.04323,0.0848,NA,VUS,.,2
chr16,67659027,C,G,ACD,c.546G>C,p.Gln182His,NA,0.12647443,0.15663,0.2138,NA,VUS,.,1
chr16,67658760,C,G,ACD,c.702G>C,p.Gln234His,NA,0.28147182,0.07718,0.332,NA,VUS,.,1
chr16,67658731,T,C,ACD,c.731A>G,p.Gln244Arg,NA,0.078004986,0.07718,0.0787,NA,VUS,.,1
chr16,67658721,C,G,ACD,c.741G>C,p.Gln247His,1.78356127246e-5,0.06623517,0.07369,0.1379,NA,VUS,.,2
chr16,67658723,G,T,ACD,c.739C>A,p.Gln247Lys,NA,0.07620638,0.10527,0.0973,NA,VUS,.,2
chr16,67660131,C,G,ACD,c.90G>C,p.Gln30His,NA,0.4528604,0.23913,0.7169,0.50394,VUS,.,1
chr16,67658167,T,C,ACD,c.1025A>G,p.Gln342Arg,NA,0.025571955,0.0279,0.078,NA,VUS,.,2
chr16,67658117,G,C,ACD,c.1075C>G,p.Gln359Glu,NA,0.07290325,0.05988,0.0796,NA,VUS,.,1
chr16,67658115,C,G,ACD,c.1077G>C,p.Gln359His,3.06724944406e-5,0.08808288,0.16972,0.1601,NA,VUS,.,2
chr16,67658095,T,C,ACD,c.1097A>G,p.Gln366Arg,NA,0.16606353,0.23632,0.0806,NA,VUS,.,1
chr16,67660038,T,C,ACD,c.107A>G,p.Gln36Arg,4.9023304925e-5,0.20420617,0.04979,0.0804,NA,VUS,.,2
chr16,67660037,C,G,ACD,c.108G>C,p.Gln36His,NA,0.37099135,0.2335,0.2709,NA,VUS,.,1
chr16,67658005,T,C,ACD,c.1187A>G,p.Gln396Arg,4.95726834685e-6,0.0403723999999999,0.11227,0.0718,NA,VUS,.,1
chr16,67658006,G,C,ACD,c.1186C>G,p.Gln396Glu,NA,0.04529443,0.23913,0.0689,NA,VUS,.,1
chr16,67657771,T,C,ACD,c.1289A>G,p.Gln430Arg,NA,0.29362205,0.44197,0.0971,NA,VUS,.,1
chr16,67657673,T,C,ACD,c.1310A>G,p.Gln437Arg,3.98105020104e-6,0.17910479,0.38394,0.1207,NA,VUS,.,1
chr16,67659711,C,G,ACD,c.327G>C,p.Glu109Asp,NA,0.24540292,0.00669,0.1503,NA,VUS,.,1
chr16,67659712,T,A,ACD,c.326A>T,p.Glu109Val,1.59711242074e-5,0.35317013,0.14996,0.235,NA,VUS,.,2
chr16,67659607,C,G,ACD,c.343G>C,p.Glu115Gln,4.01409751046e-6,0.7900423,0.53644,0.2485,NA,VUS,.,1
chr16,67659607,C,T,ACD,c.343G>A,p.Glu115Lys,NA,0.8647376,0.6562,0.5182,NA,VUS,.,1
chr16,67660178,C,G,ACD,c.43G>C,p.Glu15Gln,NA,0.3180436,0.19193,0.1456,NA,VUS,.,2
chr16,67659044,C,T,ACD,c.529G>A,p.Glu177Lys,3.1867431485e-5,0.18141131,0.25827,0.1669,NA,VUS,.,1
chr16,67658986,T,A,ACD,c.587A>T,p.Glu196Val,7.96311485201e-6,0.23997906,0.0877,0.1817,NA,VUS,.,2
chr16,67658812,T,G,ACD,c.650A>C,p.Glu217Ala,NA,0.19794552,0.30607,0.2026,NA,VUS,.,1
chr16,67658811,T,G,ACD,c.651A>C,p.Glu217Asp,NA,0.19554402,0.23065,0.1784,NA,VUS,.,1
chr16,67658771,C,G,ACD,c.691G>C,p.Glu231Gln,NA,0.24712789,0.09122,0.1251,NA,VUS,.,1
chr16,67658634,C,G,ACD,c.750G>C,p.Glu250Asp,NA,0.05760591,0.0125,0.103,NA,VUS,.,1
chr16,67658635,T,C,ACD,c.749A>G,p.Glu250Gly,NA,0.08825729,0.08068,0.1111,NA,VUS,.,1
chr16,67658329,T,C,ACD,c.863A>G,p.Glu288Gly,NA,0.122512594,0.12272,0.0996,0.13026,VUS,.,1
chr16,67658330,C,T,ACD,c.862G>A,p.Glu288Lys,2.79726986461e-5,0.037900086,0.0125,0.0816,0.23729,VUS,.,2
chr16,67658327,C,G,ACD,c.865G>C,p.Glu289Gln,NA,0.072345786,0.18881,0.1298,NA,VUS,.,1
chr16,67660123,T,C,ACD,c.98A>G,p.Glu33Gly,NA,0.43321174,0.1533,0.3791,NA,VUS,.,1
chr16,67658081,C,T,ACD,c.1111G>A,p.Glu371Lys,NA,0.14724728,0.39377,0.1888,NA,VUS,.,2
chr16,67658080,T,A,ACD,c.1112A>T,p.Glu371Val,4.75972888584e-6,0.2639064,0.38394,0.1982,NA,VUS,.,1
chr16,67658071,T,A,ACD,c.1121A>T,p.Glu374Val,NA,0.24335597,0.10877,0.1726,NA,VUS,.,1
chr16,67658001,C,A,ACD,c.1191G>T,p.Glu397Asp,NA,0.031873744,0.04004,0.1023,NA,VUS,.,1
chr16,67658003,C,T,ACD,c.1189G>A,p.Glu397Lys,NA,0.051024187,0.26358,0.0874,NA,VUS,.,1
chr16,67660030,C,T,ACD,c.115G>A,p.Glu39Lys,NA,0.113859266,0.08068,0.1069,NA,VUS,.,1
chr16,67657622,T,A,ACD,c.1361A>T,p.Glu454Val,NA,0.1306898,0.39956,0.1424,NA,VUS,.,1
chr16,67659733,C,G,ACD,c.305G>C,p.Gly102Ala,NA,0.24249001,0.10877,0.1094,NA,VUS,.,1
chr16,67659734,C,G,ACD,c.304G>C,p.Gly102Arg,NA,0.28874293,0.09122,0.1053,NA,VUS,.,1
chr16,67659733,C,T,ACD,c.305G>A,p.Gly102Glu,NA,0.34736428,0.05648,0.1221,NA,VUS,.,1
chr16,67659710,C,G,ACD,c.328G>C,p.Gly110Arg,NA,0.29768533,0.00259,0.1437,NA,VUS,.,1
chr16,67659709,C,T,ACD,c.329G>A,p.Gly110Asp,7.98600851309e-6,0.2190692,0.14661,0.1057,NA,VUS,.,1
chr16,67659710,C,T,ACD,c.328G>A,p.Gly110Ser,NA,0.29812455,0.06676,0.107,NA,VUS,.,1
chr16,67659706,C,T,ACD,c.332G>A,p.Gly111Asp,NA,0.25901744,0.03383,0.1099,0.12665,VUS,.,1
chr16,67659707,C,T,ACD,c.331G>A,p.Gly111Ser,NA,0.25548145,0.03691,0.0794,0.19466,VUS,.,1
chr16,67659541,C,T,ACD,c.409G>A,p.Gly137Ser,NA,0.2207816,0.19193,0.0829,NA,VUS,.,1
chr16,67659026,C,T,ACD,c.547G>A,p.Gly183Arg,NA,0.14685486,0.01968,0.1744,NA,VUS,.,1
chr16,67659025,C,T,ACD,c.548G>A,p.Gly183Glu,NA,0.09725674,0.01476,0.1218,NA,VUS,.,1
chr16,67659025,C,A,ACD,c.548G>T,p.Gly183Val,NA,0.14934984,0.37593,0.1821,NA,VUS,.,1
chr16,67658983,C,T,ACD,c.590G>A,p.Gly197Asp,NA,0.3325742,0.48105,0.302,0.26896,VUS,.,1
chr16,67658983,C,A,ACD,c.590G>T,p.Gly197Val,7.9638758591e-6,0.41230527,0.54781,0.2592,0.21943,VUS,.,2
chr16,67658641,C,T,ACD,c.743G>A,p.Gly248Asp,NA,0.050473616,0.01968,0.0908,NA,VUS,.,1
chr16,67658362,C,T,ACD,c.830G>A,p.Gly277Glu,NA,0.059710603,0.3013,0.1721,NA,VUS,.,1
chr16,67658345,C,T,ACD,c.847G>A,p.Gly283Ser,NA,0.013395937,0.0279,0.0726,NA,Conflicting,Uncertain_significance(1)|Likely_benign(1),1
chr16,67660136,C,G,ACD,c.85G>C,p.Gly29Arg,1.24431761622e-5,0.9018387,0.65026,0.942,NA,VUS,.,2
chr16,67660135,C,T,ACD,c.86G>A,p.Gly29Glu,NA,0.8191954,0.67049,0.9574,NA,VUS,.,1
chr16,67658269,C,T,ACD,c.923G>A,p.Gly308Glu,0.00201949218112,0.028063964,0.2335,0.1046,0.23173,B/LB,.,2
chr16,67658062,C,A,ACD,c.1130G>T,p.Gly377Val,NA,0.05184181,0.4034,0.1106,NA,VUS,.,1
chr16,67658024,C,T,ACD,c.1168G>A,p.Gly390Arg,7.45725239729e-5,0.019010369,4.5e-4,0.0973,NA,Conflicting,Uncertain_significance(1)|Likely_benign(1),1
chr16,67658023,C,T,ACD,c.1169G>A,p.Gly390Glu,NA,0.019146793,0.03691,0.0947,NA,VUS,.,2
chr16,67658012,C,T,ACD,c.1180G>A,p.Gly394Arg,NA,0.03960973,0.00512,0.1161,NA,VUS,.,1
chr16,67658011,C,T,ACD,c.1181G>A,p.Gly394Glu,NA,0.032644186,0.06676,0.0805,NA,VUS,.,2
chr16,67660214,C,G,ACD,c.7G>C,p.Gly3Arg,NA,0.13011684,0.06331,0.184,NA,VUS,.,1
chr16,67657829,C,G,ACD,c.1231G>C,p.Gly411Arg,NA,0.14982067,0.30369,0.4974,NA,VUS,.,2
chr16,67657828,C,T,ACD,c.1232G>A,p.Gly411Asp,NA,0.1936238,0.25287,0.4151,NA,VUS,.,1
chr16,67657829,C,T,ACD,c.1231G>A,p.Gly411Ser,NA,0.06683947,0.15993,0.2726,NA,VUS,.,1
chr16,67657828,C,A,ACD,c.1232G>T,p.Gly411Val,NA,0.18668996,0.35316,0.7266,NA,VUS,.,1
chr16,67657629,C,G,ACD,c.1354G>C,p.Gly452Arg,3.97886427298e-6,0.0365484,0.11924,0.1093,NA,VUS,.,1
chr16,67657628,C,T,ACD,c.1355G>A,p.Gly452Glu,NA,0.016844993,0.07718,0.0568,NA,B/LB,.,1
chr16,67657628,C,A,ACD,c.1355G>T,p.Gly452Val,NA,0.031585902,0.0877,0.0825,NA,VUS,.,1
chr16,67659981,C,A,ACD,c.164G>T,p.Gly55Val,8.37212417535e-6,0.366228,0.13305,0.2237,NA,VUS,.,2
chr16,67660208,C,T,ACD,c.13G>A,p.Gly5Arg,NA,0.20398593,0.19193,0.1972,NA,VUS,.,1
chr16,67659957,C,G,ACD,c.188G>C,p.Gly63Ala,NA,0.58991694,0.6173,0.7133,NA,VUS,.,1
chr16,67659958,C,T,ACD,c.187G>A,p.Gly63Arg,8.32514693884e-6,0.45134714,0.61843,0.8521,NA,VUS,.,2
chr16,67659258,T,A,ACD,c.464A>T,p.His155Leu,3.97715522041e-6,0.56266475,0.51265,0.2767,NA,VUS,.,1
chr16,67659259,G,A,ACD,c.463C>T,p.His155Tyr,NA,0.25181574,0.30369,0.1246,NA,VUS,.,1
chr16,67659030,A,C,ACD,c.543T>G,p.His181Gln,NA,0.49927294,0.28413,0.3493,NA,VUS,.,1
chr16,67658955,G,T,ACD,c.618C>A,p.His206Gln,NA,0.29779518,0.07718,0.1309,NA,VUS,.,1
chr16,67658956,T,G,ACD,c.617A>C,p.His206Pro,7.08521386718e-5,0.42283818,0.05312,0.0794,NA,Conflicting,Uncertain_significance(5)|Likely_benign(1),1
chr16,67658341,T,C,ACD,c.851A>G,p.His284Arg,NA,0.11154513,0.12618,0.0985,NA,VUS,.,1
chr16,67658198,G,T,ACD,c.994C>A,p.His332Asn,NA,0.044872086,0.1533,0.0966,NA,VUS,.,1
chr16,67658196,G,C,ACD,c.996C>G,p.His332Gln,NA,0.052270893,0.01715,0.1114,NA,VUS,.,1
chr16,67658198,G,A,ACD,c.994C>T,p.His332Tyr,NA,0.048071794,0.18567,0.0991,NA,VUS,.,1
chr16,67658134,T,C,ACD,c.1058A>G,p.His353Arg,NA,0.024661621,4.5e-4,0.075,NA,VUS,.,1
chr16,67658135,G,C,ACD,c.1057C>G,p.His353Asp,4.19417345424e-6,0.058601573,0.08068,0.1113,NA,VUS,.,1
chr16,67658135,G,A,ACD,c.1057C>T,p.His353Tyr,NA,0.027827466,0.1533,0.0952,NA,VUS,.,1
chr16,67658119,T,C,ACD,c.1073A>G,p.His358Arg,NA,0.0754907059999999,0.09825,0.0782,0.05333,VUS,.,1
chr16,67658118,G,T,ACD,c.1074C>A,p.His358Gln,NA,0.07103491,0.10877,0.1204,0.04275,VUS,.,2
chr16,67658120,G,A,ACD,c.1072C>T,p.His358Tyr,NA,0.0573598,0.0877,0.0896,0.55093,VUS,.,1
chr16,67657836,A,T,ACD,c.1224T>A,p.His408Gln,NA,0.44398898,0.61616,0.952,NA,VUS,.,1
chr16,67657652,T,C,ACD,c.1331A>G,p.His444Arg,3.97987773816e-6,0.1778424,0.17934,0.1407,NA,VUS,.,1
chr16,67657653,G,T,ACD,c.1330C>A,p.His444Asn,NA,0.108959906,0.07718,0.1331,NA,VUS,.,1
chr16,67657652,T,G,ACD,c.1331A>C,p.His444Pro,NA,0.7090878,0.44724,0.2667,NA,VUS,.,1
chr16,67657653,G,A,ACD,c.1330C>T,p.His444Tyr,NA,0.23087926,0.13305,0.1088,NA,VUS,.,1
chr16,67660005,T,C,ACD,c.140A>G,p.His47Arg,NA,0.2128162,0.04979,0.07,NA,Conflicting,Uncertain_significance(1)|Likely_benign(1),1
chr16,67660006,G,C,ACD,c.139C>G,p.His47Asp,4.23926406376e-6,0.18514277,0.36984,0.1118,NA,VUS,.,2
chr16,67660005,T,G,ACD,c.140A>C,p.His47Pro,NA,0.4961745,0.02506,0.0833,NA,VUS,.,1
chr16,67660006,G,A,ACD,c.139C>T,p.His47Tyr,NA,0.23342527,0.39571,0.094,NA,VUS,.,1
chr16,67659951,T,C,ACD,c.194A>G,p.His65Arg,4.15890338036e-6,0.48619488,0.51417,0.3615,NA,VUS,.,2
chr16,67660184,T,A,ACD,c.37A>T,p.Ile13Phe,NA,0.85662585,0.676,0.8475,NA,VUS,.,1
chr16,67658777,T,G,ACD,c.685A>C,p.Ile229Leu,NA,0.33522302,0.42395,0.3156,NA,VUS,.,1
chr16,67658777,T,C,ACD,c.685A>G,p.Ile229Val,NA,0.10566486,0.16972,0.2665,NA,VUS,.,1
chr16,67658756,T,A,ACD,c.706A>T,p.Ile236Phe,3.98670036757e-6,0.35621223,0.28662,0.2193,NA,VUS,.,2
chr16,67658587,A,T,ACD,c.797T>A,p.Ile266Lys,NA,0.04278653,0.01715,0.2261,NA,VUS,.,1
chr16,67658587,A,G,ACD,c.797T>C,p.Ile266Thr,4.57142857143e-6,0.0331655479999999,0.00259,0.0766,NA,VUS,.,1
chr16,67658588,T,C,ACD,c.796A>G,p.Ile266Val,4.56629344828e-6,0.0188452489999999,0.00259,0.0909,NA,VUS,.,1
chr16,67659597,A,T,ACD,c.353T>A,p.Leu118His,NA,0.89477473,0.80901,0.9746,NA,VUS,.,1
chr16,67659598,G,A,ACD,c.352C>T,p.Leu118Phe,4.00888368625e-6,0.50893205,0.63482,0.5665,NA,VUS,.,1
chr16,67659598,G,C,ACD,c.352C>G,p.Leu118Val,NA,0.5283883,0.52323,0.2201,NA,VUS,.,2
chr16,67659577,G,C,ACD,c.373C>G,p.Leu125Val,NA,0.21382976,0.44019,0.2083,NA,VUS,.,1
chr16,67659390,A,G,ACD,c.443T>C,p.Leu148Pro,NA,0.91733927,0.77783,0.9293,NA,VUS,.,1
chr16,67659379,G,A,ACD,c.454C>T,p.Leu152Phe,NA,0.15462504,0.54358,0.3563,NA,VUS,.,1
chr16,67660175,G,T,ACD,c.46C>A,p.Leu16Met,1.2061668019e-4,0.24836737,0.59619,0.1697,NA,VUS,.,2
chr16,67659058,A,G,ACD,c.515T>C,p.Leu172Pro,NA,0.8888434,0.75956,0.8348,0.10138,VUS,.,1
chr16,67659010,A,G,ACD,c.563T>C,p.Leu188Pro,NA,0.7994353,0.62068,0.6529,NA,VUS,.,1
chr16,67658995,A,T,ACD,c.578T>A,p.Leu193Gln,3.98114529588e-6,0.8690419,0.7791,0.778,NA,VUS,.,1
chr16,67658990,G,T,ACD,c.583C>A,p.Leu195Met,NA,0.39035958,0.52174,0.1613,0.47623,VUS,.,1
chr16,67658752,A,G,ACD,c.710T>C,p.Leu237Pro,NA,0.880332,0.69273,0.6979,NA,VUS,.,1
chr16,67658753,G,C,ACD,c.709C>G,p.Leu237Val,NA,0.39531633,0.45073,0.2244,NA,VUS,.,1
chr16,67658744,G,C,ACD,c.718C>G,p.Leu240Val,3.98797227562e-6,0.13973698,0.0279,0.1069,0.3373,VUS,.,2
chr16,67658633,G,C,ACD,c.751C>G,p.Leu251Val,NA,0.029080104,0.10176,0.0882,NA,VUS,.,2
chr16,67658611,A,G,ACD,c.773T>C,p.Leu258Pro,4.51871198634e-6,0.34045792,0.10527,0.0997,NA,VUS,.,2
chr16,67658603,G,C,ACD,c.781C>G,p.Leu261Val,2.77456280817e-5,0.07337095,0.09122,0.0898,NA,VUS,.,2
chr16,67658591,G,C,ACD,c.793C>G,p.Leu265Val,1.1581192144e-4,0.03921491,0.09474,0.0864,NA,VUS,.,2
chr16,67658349,T,A,ACD,c.843A>T,p.Leu281Phe,NA,0.031351153,0.13305,0.0857,NA,VUS,.,1
chr16,67658288,A,C,ACD,c.904T>G,p.Leu302Val,NA,0.043064214,0.21613,0.0857,NA,VUS,.,1
chr16,67660127,G,T,ACD,c.94C>A,p.Leu32Ile,NA,0.44281426,0.36572,0.2668,0.62559,VUS,.,1
chr16,67658150,G,A,ACD,c.1042C>T,p.Leu348Phe,NA,0.039905164,0.14661,0.0975,0.49432,VUS,.,1
chr16,67660041,A,G,ACD,c.104T>C,p.Leu35Pro,NA,0.92345387,0.61272,0.7218,NA,VUS,.,1
chr16,67658111,G,A,ACD,c.1081C>T,p.Leu361Phe,4.40206721076e-6,0.023977881,0.06676,0.084,NA,VUS,.,1
chr16,67658110,A,G,ACD,c.1082T>C,p.Leu361Pro,NA,0.033125594,3e-5,0.0574,NA,VUS,.,1
chr16,67658058,C,A,ACD,c.1134G>T,p.Leu378Phe,5.00365266645e-6,0.030500337,0.05988,0.0866,NA,VUS,.,1
chr16,67657787,G,A,ACD,c.1273C>T,p.Leu425Phe,NA,0.6246987,0.71479,0.4146,NA,VUS,.,1
chr16,67657787,G,C,ACD,c.1273C>G,p.Leu425Val,NA,0.5696601,0.6867,0.1671,NA,VUS,.,1
chr16,67657670,A,T,ACD,c.1313T>A,p.Leu438His,NA,0.41844898,0.66769,0.6725,NA,VUS,.,1
chr16,67659970,G,A,ACD,c.175C>T,p.Leu59Phe,8.34084008941e-6,0.31480247,0.47281,0.313,NA,VUS,.,2
chr16,67659970,G,C,ACD,c.175C>G,p.Leu59Val,2.58127323146e-5,0.30674997,0.16972,0.154,NA,VUS,.,1
chr16,67659937,G,C,ACD,c.208C>G,p.Leu70Val,NA,0.27445734,0.10176,0.0764,0.31677,VUS,.,1
chr16,67659918,A,T,ACD,c.227T>A,p.Leu76Gln,NA,0.6601373,0.38592,0.2748,NA,VUS,.,1
chr16,67659918,A,G,ACD,c.227T>C,p.Leu76Pro,NA,0.93628365,0.52323,0.676,NA,VUS,.,1
chr16,67659748,A,G,ACD,c.290T>C,p.Leu97Pro,NA,0.94786286,0.70194,0.927,NA,VUS,.,1
chr16,67659749,G,C,ACD,c.289C>G,p.Leu97Val,NA,0.25744447,0.25016,0.1572,NA,VUS,.,1
chr16,67660196,G,T,ACD,c.25C>A,p.Leu9Ile,4.12844415454e-6,0.5316904,0.30369,0.389,0.60558,VUS,.,1
chr16,67658093,T,G,ACD,c.1099A>C,p.Lys367Gln,NA,0.060989544,0.17934,0.1577,NA,VUS,.,1
chr16,67658075,T,C,ACD,c.1117A>G,p.Lys373Glu,9.64571296287e-6,0.12847161000000001,0.23065,0.1589,NA,VUS,.,1
chr16,67657843,T,C,ACD,c.1217A>G,p.Lys406Arg,3.18593092902e-5,0.03537839,0.14996,0.0855,NA,VUS,.,2
chr16,67657844,T,G,ACD,c.1216A>C,p.Lys406Gln,3.97861098733e-6,0.066710666,0.11924,0.12,NA,VUS,.,1
chr16,67659788,T,G,ACD,c.250A>C,p.Lys84Gln,NA,0.5867512,0.39571,0.4977,NA,VUS,.,1
chr16,67658786,T,C,ACD,c.676A>G,p.Met226Val,3.98581051457e-6,0.07619671,0.0125,0.0874,NA,VUS,.,2
chr16,67658339,T,C,ACD,c.853A>G,p.Met285Val,3.19851588863e-5,0.023332758,0.00669,0.073,NA,VUS,.,2
chr16,67657667,A,G,ACD,c.1316T>C,p.Met439Thr,3.32618557285e-4,0.15994437,0.25287,0.3052,NA,VUS,.,2
chr16,67657668,T,C,ACD,c.1315A>G,p.Met439Val,NA,0.029587615,0.0125,0.061,NA,B/LB,.,1
chr16,67657644,T,A,ACD,c.1339A>T,p.Met447Leu,3.97956097483e-6,0.2137992,0.32236,0.1742,NA,VUS,.,1
chr16,67657643,A,G,ACD,c.1340T>C,p.Met447Thr,NA,0.11506902,0.26358,0.1606,NA,VUS,.,1
chr16,67657610,A,T,ACD,c.1373T>A,p.Met458Lys,NA,0.3270759,0.06676,0.2302,NA,VUS,.,1
chr16,67657610,A,G,ACD,c.1373T>C,p.Met458Thr,3.97838938884e-6,0.123468585,0.11576,0.1758,NA,VUS,.,1
chr16,67657611,T,C,ACD,c.1372A>G,p.Met458Val,NA,0.053112723,0.01715,0.0648,NA,B/LB,.,1
chr16,67658076,G,C,ACD,c.1116C>G,p.Phe372Leu,NA,0.035237074,0.11576,0.6408,NA,VUS,.,1
chr16,67658067,A,C,ACD,c.1125T>G,p.Phe375Leu,1.47175698349e-5,0.035557576,0.02232,0.4009,NA,VUS,.,2
chr16,67658068,A,T,ACD,c.1124T>A,p.Phe375Tyr,NA,0.04491441,0.12618,0.0892,NA,VUS,.,1
chr16,67657650,A,G,ACD,c.1333T>C,p.Phe445Leu,NA,0.07433238,0.04004,0.6164,NA,VUS,.,2
chr16,67657649,A,G,ACD,c.1334T>C,p.Phe445Ser,4.59887221503e-5,0.41560823,0.4053,0.633,NA,VUS,.,1
chr16,67659613,G,A,ACD,c.337C>T,p.Pro113Ser,NA,0.26625767,0.09825,0.0944,NA,VUS,.,1
chr16,67660189,G,A,ACD,c.32C>T,p.Pro11Leu,4.12817146773e-6,0.8289774,0.7044,0.8071,NA,VUS,.,2
chr16,67659570,G,A,ACD,c.380C>T,p.Pro127Leu,4.00310641057e-6,0.78488094,0.69443,0.6396,NA,VUS,.,1
chr16,67659571,G,A,ACD,c.379C>T,p.Pro127Ser,NA,0.8790713,0.56694,0.6506,NA,VUS,.,1
chr16,67659543,G,A,ACD,c.407C>T,p.Pro136Leu,NA,0.15912415,0.00669,0.0777,NA,VUS,.,1
chr16,67658968,G,T,ACD,c.605C>A,p.Pro202His,NA,0.323198,0.13987,0.1558,NA,VUS,.,2
chr16,67658966,G,C,ACD,c.607C>G,p.Pro203Ala,NA,0.058334537,0.09825,0.0601,NA,VUS,.,2
chr16,67658965,G,A,ACD,c.608C>T,p.Pro203Leu,7.08360782314e-6,0.06739961,0.14661,0.0984,NA,VUS,.,2
chr16,67658966,G,A,ACD,c.607C>T,p.Pro203Ser,2.7891557624e-5,0.08164384,0.04323,0.0972,NA,VUS,.,2
chr16,67658795,G,A,ACD,c.667C>T,p.Pro223Ser,7.97530844505e-6,0.33029428,0.29403,0.1879,NA,VUS,.,1
chr16,67660153,G,A,ACD,c.68C>T,p.Pro23Leu,NA,0.044997785,0.10877,0.052,NA,B/LB,.,1
chr16,67660154,G,T,ACD,c.67C>A,p.Pro23Thr,4.13482848731e-6,0.097783610000000007,0.12272,0.0925,NA,VUS,.,2
chr16,67658737,G,A,ACD,c.725C>T,p.Pro242Leu,1.99674131817e-5,0.055227492,0.01476,0.0924,0.38336,VUS,.,2
chr16,67658738,G,A,ACD,c.724C>T,p.Pro242Ser,NA,0.021144325,0.01968,0.0849,0.30414,VUS,.,1
chr16,67658638,G,C,ACD,c.746C>G,p.Pro249Arg,NA,0.041014995,0.09825,0.0708,NA,VUS,.,1
chr16,67658629,G,A,ACD,c.755C>T,p.Pro252Leu,NA,0.034330327,0.04649,0.076,NA,VUS,.,2
chr16,67658630,G,A,ACD,c.754C>T,p.Pro252Ser,1.8053800325e-5,0.020440804,0.07369,0.0805,NA,VUS,.,1
chr16,67658630,G,T,ACD,c.754C>A,p.Pro252Thr,NA,0.030623527,0.0877,0.0694,NA,VUS,.,1
chr16,67658626,G,T,ACD,c.758C>A,p.Pro253Gln,4.49680726684e-6,0.036425546,0.11576,0.0886,NA,VUS,.,1
chr16,67658626,G,A,ACD,c.758C>T,p.Pro253Leu,NA,0.034595046,0.05312,0.0778,NA,VUS,.,1
chr16,67658627,G,A,ACD,c.757C>T,p.Pro253Ser,1.34991630519e-5,0.021374179,0.00512,0.068,NA,VUS,.,2
chr16,67658624,G,T,ACD,c.760C>A,p.Pro254Thr,NA,0.030935366,0.04649,0.0627,0.40533,VUS,.,1
chr16,67658617,G,C,ACD,c.767C>G,p.Pro256Arg,NA,0.053822685,0.10527,0.0992,NA,VUS,.,1
chr16,67658617,G,A,ACD,c.767C>T,p.Pro256Leu,7.96406613361e-6,0.025127659,0.01476,0.0816,NA,VUS,.,2
chr16,67658579,G,A,ACD,c.805C>T,p.Pro269Ser,9.25883060969e-6,0.014995501,3e-5,0.0592,0.23849,VUS,.,1
chr16,67658575,G,A,ACD,c.809C>T,p.Pro270Leu,1.38828472794e-5,0.039549664,0.13647,0.0895,NA,VUS,.,2
chr16,67658576,G,A,ACD,c.808C>T,p.Pro270Ser,NA,0.018934917,0.04979,0.0612,NA,VUS,.,1
chr16,67658576,G,T,ACD,c.808C>A,p.Pro270Thr,4.61450430995e-6,0.043265328,0.04323,0.0665,NA,VUS,.,1
chr16,67658357,G,C,ACD,c.835C>G,p.Pro279Ala,NA,0.04026503,0.11576,0.073,0.22918,VUS,.,1
chr16,67658356,G,A,ACD,c.836C>T,p.Pro279Leu,NA,0.09171125,0.14996,0.1053,0.28051,VUS,.,2
chr16,67658347,G,A,ACD,c.845C>T,p.Pro282Leu,NA,0.03150612,0.01476,0.0913,0.15752,VUS,.,1
chr16,67658348,G,T,ACD,c.844C>A,p.Pro282Thr,NA,0.049123194,0.01715,0.077,0.28191,VUS,.,1
chr16,67658299,G,T,ACD,c.893C>A,p.Pro298His,NA,0.2643136,0.15993,0.1856,0.31665,VUS,.,1
chr16,67658299,G,A,ACD,c.893C>T,p.Pro298Leu,NA,0.114970826,0.29403,0.1625,0.1764,VUS,.,1
chr16,67658279,G,C,ACD,c.913C>G,p.Pro305Ala,3.99329127067e-6,0.029445922,0.05988,0.0548,NA,VUS,.,1
chr16,67658278,G,A,ACD,c.914C>T,p.Pro305Leu,NA,0.03968468,0.12962,0.0801,NA,VUS,.,1
chr16,67658272,G,A,ACD,c.920C>T,p.Pro307Leu,NA,0.039098457,0.10176,0.0687,NA,VUS,.,1
chr16,67658248,G,T,ACD,c.944C>A,p.Pro315His,2.84210002771e-5,0.19942363,0.09122,0.0991,NA,VUS,.,2
chr16,67658242,G,T,ACD,c.950C>A,p.Pro317Gln,NA,0.056799836,0.09122,0.0994,NA,VUS,.,1
chr16,67658242,G,A,ACD,c.950C>T,p.Pro317Leu,1.06627996247e-5,0.04612128,0.10176,0.0897,NA,VUS,.,2
chr16,67658224,G,A,ACD,c.968C>T,p.Pro323Leu,NA,0.0457603,0.01968,0.0942,NA,VUS,.,1
chr16,67658225,G,A,ACD,c.967C>T,p.Pro323Ser,NA,0.03523296,0.10527,0.0803,NA,VUS,.,1
chr16,67658200,G,C,ACD,c.992C>G,p.Pro331Arg,NA,0.08957203,0.12272,0.0905,NA,VUS,.,1
chr16,67658200,G,A,ACD,c.992C>T,p.Pro331Leu,NA,0.061286572,0.13305,0.0783,NA,VUS,.,1
chr16,67658183,G,A,ACD,c.1009C>T,p.Pro337Ser,NA,0.045334592,0.07369,0.0705,NA,VUS,.,2
chr16,67658183,G,T,ACD,c.1009C>A,p.Pro337Thr,NA,0.06284606,0.10877,0.0683,NA,VUS,.,1
chr16,67658174,G,C,ACD,c.1018C>G,p.Pro340Ala,4.05636727972e-6,0.0225538739999999,0.06676,0.0676,NA,VUS,.,2
chr16,67658173,G,C,ACD,c.1019C>G,p.Pro340Arg,NA,0.06447794,0.13305,0.0926,NA,VUS,.,1
chr16,67658173,G,A,ACD,c.1019C>T,p.Pro340Leu,NA,0.027891792,0.04323,0.076,NA,VUS,.,2
chr16,67658155,G,C,ACD,c.1037C>G,p.Pro346Arg,NA,0.1261336,0.5709,0.1249,NA,VUS,.,1
chr16,67658155,G,A,ACD,c.1037C>T,p.Pro346Leu,NA,0.07855834,0.49396,0.1165,NA,VUS,.,1
chr16,67658156,G,A,ACD,c.1036C>T,p.Pro346Ser,8.19651975771e-6,0.12864116,0.46274,0.0996,NA,VUS,.,1
chr16,67658143,G,A,ACD,c.1049C>T,p.Pro350Leu,4.13739459987e-6,0.03824557,0.04323,0.0877,0.47379,VUS,.,1
chr16,67658144,G,A,ACD,c.1048C>T,p.Pro350Ser,8.27862541704e-6,0.03436888,0.00846,0.0812,0.37865,VUS,.,1
chr16,67658129,G,A,ACD,c.1063C>T,p.Pro355Ser,4.09826904019e-5,0.040381234,0.05988,0.0861,NA,VUS,.,2
chr16,67658129,G,T,ACD,c.1063C>A,p.Pro355Thr,NA,0.06929831,0.18567,0.0818,NA,VUS,.,1
chr16,67658098,G,A,ACD,c.1094C>T,p.Pro365Leu,NA,0.04508453,0.18251,0.0917,0.26694,VUS,.,1
chr16,67658090,G,A,ACD,c.1102C>T,p.Pro368Ser,4.64412100722e-6,0.06315335,0.08068,0.1058,NA,VUS,.,1
chr16,67658041,G,A,ACD,c.1151C>T,p.Pro384Leu,1.77235829995e-5,0.0139101995,0.01476,0.073,NA,VUS,.,2
chr16,67658038,G,A,ACD,c.1154C>T,p.Pro385Leu,1.02848914944e-5,0.019379001,0.17616,0.0827,NA,VUS,.,1
chr16,67658000,G,A,ACD,c.1192C>T,p.Pro398Ser,NA,0.0211269579999999,0.10527,0.0766,NA,B/LB,.,1
chr16,67657849,G,T,ACD,c.1211C>A,p.Pro404His,5.30620330541e-5,0.253201,0.3358,0.2598,NA,VUS,.,2
chr16,67657849,G,A,ACD,c.1211C>T,p.Pro404Leu,3.1847133758e-5,0.10708015,0.31546,0.1446,NA,VUS,.,2
chr16,67657846,G,A,ACD,c.1214C>T,p.Pro405Leu,NA,0.31764185,0.74164,0.2424,NA,VUS,.,1
chr16,67657847,G,T,ACD,c.1213C>A,p.Pro405Thr,5.1727705359e-5,0.34066907,0.75755,0.2624,NA,VUS,.,2
chr16,67657801,G,C,ACD,c.1259C>G,p.Pro420Arg,7.95570264766e-6,0.11731527,0.18881,0.1399,NA,VUS,.,2
chr16,67657801,G,A,ACD,c.1259C>T,p.Pro420Leu,3.97785132383e-6,0.07461838,0.04323,0.1101,NA,VUS,.,2
chr16,67657798,G,C,ACD,c.1262C>G,p.Pro421Arg,3.97775638629e-6,0.29971686,0.7044,0.685,NA,VUS,.,1
chr16,67657798,G,T,ACD,c.1262C>A,p.Pro421His,NA,0.32127172,0.63904,0.7606,NA,VUS,.,1
chr16,67657798,G,A,ACD,c.1262C>T,p.Pro421Leu,3.97775638629e-6,0.25637266,0.78971,0.4615,NA,VUS,.,1
chr16,67657676,G,A,ACD,c.1307C>T,p.Pro436Leu,NA,0.27438763,0.62179,0.2227,NA,VUS,.,1
chr16,67657677,G,A,ACD,c.1306C>T,p.Pro436Ser,7.96273440299e-6,0.3224464,0.6251,0.1362,NA,VUS,.,1
chr16,67657632,G,A,ACD,c.1351C>T,p.Pro451Ser,NA,0.0556956159999999,0.04323,0.0925,NA,VUS,.,1
chr16,67657620,G,A,ACD,c.1363C>T,p.Pro455Ser,NA,0.027501982,0.00512,0.0788,NA,VUS,.,1
chr16,67657614,G,C,ACD,c.1369C>G,p.Pro457Ala,3.97845270018e-6,0.030387746,0.22779,0.0506,NA,VUS,.,2
chr16,67657613,G,C,ACD,c.1370C>G,p.Pro457Arg,NA,0.023002373,0.01715,0.0758,NA,VUS,.,1
chr16,67657613,G,A,ACD,c.1370C>T,p.Pro457Leu,4.24385171982e-5,0.034376968,0.03383,0.1031,NA,VUS,.,2
chr16,67657614,G,T,ACD,c.1369C>A,p.Pro457Thr,NA,0.04241931,0.21613,0.0581,NA,VUS,.,1
chr16,67660000,G,A,ACD,c.145C>T,p.Pro49Ser,NA,0.113760866,0.07718,0.0864,NA,VUS,.,2
chr16,67659246,G,A,ACD,c.476C>T,p.Ser159Phe,NA,0.074514955,0.01968,0.1722,NA,VUS,.,1
chr16,67659247,A,G,ACD,c.475T>C,p.Ser159Pro,NA,0.20039155,0.28162,0.1059,NA,VUS,.,1
chr16,67659246,G,T,ACD,c.476C>A,p.Ser159Tyr,NA,0.092492536,0.08419,0.1403,NA,VUS,.,1
chr16,67659240,G,A,ACD,c.482C>T,p.Ser161Leu,1.59121929831e-4,0.04981213,0.20419,0.1297,NA,VUS,.,2
chr16,67659241,A,T,ACD,c.481T>A,p.Ser161Thr,7.95399409814e-6,0.06237704,0.01968,0.0898,NA,VUS,.,2
chr16,67659237,G,A,ACD,c.485C>T,p.Ser162Phe,NA,0.06197508,0.29889,0.2253,NA,VUS,.,1
chr16,67660163,A,G,ACD,c.58T>C,p.Ser20Pro,NA,0.63516223,0.20116,0.1023,NA,VUS,.,1
chr16,67658945,A,G,ACD,c.628T>C,p.Ser210Pro,NA,0.5070237,0.23632,0.4022,NA,VUS,.,1
chr16,67658945,A,T,ACD,c.628T>A,p.Ser210Thr,NA,0.16169693,0.00165,0.1128,NA,VUS,.,1
chr16,67658790,G,C,ACD,c.672C>G,p.Ser224Arg,NA,0.2806309,0.35316,0.6327,NA,VUS,.,1
chr16,67658791,C,T,ACD,c.671G>A,p.Ser224Asn,NA,0.23003055,0.11924,0.2792,NA,VUS,.,1
chr16,67658791,C,G,ACD,c.671G>C,p.Ser224Thr,NA,0.20885865,0.21907,0.1476,NA,VUS,.,1
chr16,67658773,G,A,ACD,c.689C>T,p.Ser230Phe,NA,0.1959987,0.27141,0.4621,0.49188,VUS,.,2
chr16,67658773,G,T,ACD,c.689C>A,p.Ser230Tyr,3.98504809953e-6,0.18703492,0.26093,0.3525,0.5875,VUS,.,2
chr16,67658749,C,T,ACD,c.713G>A,p.Ser238Asn,NA,0.095403984,0.06331,0.1073,NA,VUS,.,1
chr16,67658746,G,A,ACD,c.716C>T,p.Ser239Phe,1.7721949698e-5,0.16909686,0.24469,0.1515,NA,VUS,.,1
chr16,67660150,G,A,ACD,c.71C>T,p.Ser24Phe,1.24060243654e-5,0.15022439,0.1533,0.1598,NA,VUS,.,1
chr16,67660151,A,T,ACD,c.70T>A,p.Ser24Thr,NA,0.17664282,0.06331,0.0992,NA,VUS,.,1
chr16,67660146,A,C,ACD,c.75T>G,p.Ser25Arg,NA,0.31919658,0.14996,0.4028,NA,VUS,.,1
chr16,67660148,T,C,ACD,c.73A>G,p.Ser25Gly,NA,0.22229308,0.08419,0.0758,NA,VUS,.,1
chr16,67658581,G,C,ACD,c.803C>G,p.Ser268Cys,NA,0.04091176,0.20116,0.1113,NA,VUS,.,1
chr16,67658581,G,A,ACD,c.803C>T,p.Ser268Phe,NA,0.039606016,0.17295,0.1466,NA,VUS,.,1
chr16,67658573,A,T,ACD,c.811T>A,p.Ser271Thr,NA,0.040915072,0.19811,0.1004,NA,VUS,.,1
chr16,67658572,G,T,ACD,c.812C>A,p.Ser271Tyr,NA,0.0602261459999999,0.27141,0.1668,NA,VUS,.,2
chr16,67658562,A,C,ACD,c.822T>G,p.Ser274Arg,NA,0.04179518,0.09122,0.3414,NA,VUS,.,1
chr16,67658563,C,T,ACD,c.821G>A,p.Ser274Asn,NA,0.035494573,0.26093,0.1359,NA,VUS,.,1
chr16,67658564,T,C,ACD,c.820A>G,p.Ser274Gly,NA,0.0276674679999999,0.04979,0.0775,NA,VUS,.,2
chr16,67658563,C,A,ACD,c.821G>T,p.Ser274Ile,NA,0.065672524,0.17934,0.1191,NA,VUS,.,1
chr16,67658335,G,A,ACD,c.857C>T,p.Ser286Leu,NA,0.017624324,0.01968,0.0824,NA,VUS,.,2
chr16,67658336,A,G,ACD,c.856T>C,p.Ser286Pro,NA,0.027456606,0.00512,0.059,NA,B/LB,.,1
chr16,67658323,C,T,ACD,c.869G>A,p.Ser290Asn,3.9952057531e-6,0.034785375,0.02506,0.0897,NA,VUS,.,1
chr16,67658324,T,C,ACD,c.868A>G,p.Ser290Gly,NA,0.071264684,0.05648,0.075,NA,VUS,.,2
chr16,67658314,C,T,ACD,c.878G>A,p.Ser293Asn,NA,0.20216158,0.27654,0.3005,NA,VUS,.,1
chr16,67658308,C,T,ACD,c.884G>A,p.Ser295Asn,1.59744408946e-5,0.23273017,0.17616,0.201,NA,VUS,.,2
chr16,67658290,G,C,ACD,c.902C>G,p.Ser301Cys,7.98422317501e-6,0.087265976,0.24743,0.109,NA,VUS,.,2
chr16,67658290,G,A,ACD,c.902C>T,p.Ser301Phe,7.98422317501e-6,0.086207435,0.19193,0.17,NA,VUS,.,1
chr16,67658290,G,T,ACD,c.902C>A,p.Ser301Tyr,NA,0.09180525,0.23065,0.1485,NA,VUS,.,2
chr16,67658259,G,T,ACD,c.933C>A,p.Ser311Arg,NA,0.060702898,0.12962,0.1909,NA,VUS,.,1
chr16,67658260,C,T,ACD,c.932G>A,p.Ser311Asn,1.06522742606e-5,0.01890654,0.02232,0.0835,NA,VUS,.,2
chr16,67658261,T,A,ACD,c.931A>T,p.Ser311Cys,NA,0.058073793,0.32236,0.0871,NA,VUS,.,1
chr16,67658260,C,G,ACD,c.932G>C,p.Ser311Thr,NA,0.03257799,0.01476,0.0816,NA,VUS,.,1
chr16,67658256,G,C,ACD,c.936C>G,p.Ser312Arg,NA,0.11426865,0.04979,0.269,NA,VUS,.,1
chr16,67658255,A,T,ACD,c.937T>A,p.Ser313Thr,NA,0.06737187,0.1533,0.0821,NA,VUS,.,1
chr16,67658230,G,A,ACD,c.962C>T,p.Ser321Leu,7.4688442497000007e-05,0.09789893,0.19503,0.0937,NA,VUS,.,2
chr16,67658231,A,T,ACD,c.961T>A,p.Ser321Thr,NA,0.072444014,0.18881,0.0832,NA,VUS,.,2
chr16,67658190,G,C,ACD,c.1002C>G,p.Ser334Arg,NA,0.07598889,0.05648,0.1918,NA,VUS,.,1
chr16,67658191,C,G,ACD,c.1001G>C,p.Ser334Thr,NA,0.04144056,0.00375,0.0889,NA,VUS,.,1
chr16,67658178,G,T,ACD,c.1014C>A,p.Ser338Arg,NA,0.05749837,0.07369,0.1856,0.25157,VUS,.,1
chr16,67658179,C,T,ACD,c.1013G>A,p.Ser338Asn,1.43867296805e-5,0.018225754,0.00669,0.0938,0.40091,Conflicting,Uncertain_significance(1)|Likely_benign(1),1
chr16,67658179,C,G,ACD,c.1013G>C,p.Ser338Thr,NA,0.034058474,0.00669,0.0828,0.2495,VUS,.,1
chr16,67658177,A,T,ACD,c.1015T>A,p.Ser339Thr,4.0542622459e-6,0.05105599,0.01968,0.0925,NA,VUS,.,1
chr16,67658164,C,A,ACD,c.1028G>T,p.Ser343Ile,7.23395328313e-6,0.073591456,0.27654,0.1255,NA,VUS,.,1
chr16,67658146,G,A,ACD,c.1046C>T,p.Ser349Leu,NA,0.02387059,0.07369,0.0734,NA,VUS,.,1
chr16,67658086,C,T,ACD,c.1106G>A,p.Ser369Asn,NA,0.028045937,0.11924,0.1091,NA,VUS,.,1
chr16,67657993,G,C,ACD,c.1199C>G,p.Ser400Cys,9.53506998741e-6,0.02998279,0.06676,0.0678,NA,VUS,.,2
chr16,67657993,G,A,ACD,c.1199C>T,p.Ser400Phe,9.53506998741e-6,0.03207977,0.10527,0.1292,NA,VUS,.,1
chr16,67657789,G,A,ACD,c.1271C>T,p.Ser424Phe,NA,0.3557334,0.50959,0.2671,NA,VUS,.,1
chr16,67657626,A,C,ACD,c.1357T>G,p.Ser453Ala,NA,0.03118935,0.15663,0.0747,NA,VUS,.,1
chr16,67660008,G,A,ACD,c.137C>T,p.Ser46Phe,8.5001487526e-6,0.2926264,0.26621,0.1692,NA,VUS,.,2
chr16,67660009,A,T,ACD,c.136T>A,p.Ser46Thr,NA,0.17014973,0.04323,0.1126,NA,VUS,.,1
chr16,67659947,A,C,ACD,c.198T>G,p.Ser66Arg,NA,0.7689414,0.66202,0.8955,NA,VUS,.,1
chr16,67659949,T,C,ACD,c.196A>G,p.Ser66Gly,NA,0.5061992,0.55201,0.3113,NA,VUS,.,1
chr16,67659568,T,C,ACD,c.382A>G,p.Thr128Ala,1.60114001169e-5,0.2414809,0.21317,0.0841,NA,VUS,.,1
chr16,67659567,G,A,ACD,c.383C>T,p.Thr128Met,NA,0.21070829,0.25287,0.1006,NA,VUS,.,1
chr16,67659568,T,G,ACD,c.382A>C,p.Thr128Pro,NA,0.7121217,0.47942,0.2278,NA,VUS,.,1
chr16,67659243,G,A,ACD,c.479C>T,p.Thr160Ile,1.19308962489e-5,0.05330318,0.04979,0.1581,0.34591,VUS,.,1
chr16,67658992,G,A,ACD,c.581C>T,p.Thr194Ile,2.12330754694e-5,0.15200374,0.00259,0.1246,NA,VUS,.,2
chr16,67658974,G,A,ACD,c.599C>T,p.Thr200Ile,1.5931684935e-5,0.17090645,0.2335,0.167,NA,VUS,.,2
chr16,67658960,T,C,ACD,c.613A>G,p.Thr205Ala,0.00128945410748,0.67759454,0.6823,0.4461,NA,Conflicting,Uncertain_significance(1)|Likely_benign(4),1
chr16,67658929,G,C,ACD,c.644C>G,p.Thr215Arg,NA,0.26611957,0.30607,0.097,NA,VUS,.,1
chr16,67658929,G,A,ACD,c.644C>T,p.Thr215Met,7.58761700904e-5,0.06505948,0.06676,0.0781,NA,VUS,.,1
chr16,67658930,T,A,ACD,c.643A>T,p.Thr215Ser,NA,0.13390103,0.17934,0.1482,NA,VUS,.,1
chr16,67658800,G,A,ACD,c.662C>T,p.Thr221Ile,3.98991349868e-6,0.16472057,0.60338,0.3861,NA,VUS,.,2
chr16,67658801,T,G,ACD,c.661A>C,p.Thr221Pro,NA,0.6924946,0.65718,0.4113,NA,VUS,.,1
chr16,67658800,G,C,ACD,c.662C>G,p.Thr221Ser,3.18755578223e-5,0.16093935,0.54641,0.1749,NA,VUS,.,1
chr16,67658725,G,T,ACD,c.737C>A,p.Thr246Lys,NA,0.05442196,0.02506,0.1395,NA,VUS,.,1
chr16,67658594,T,C,ACD,c.790A>G,p.Thr264Ala,1.19886826835e-5,0.03594994,0.05648,0.1037,NA,VUS,.,1
chr16,67658593,G,T,ACD,c.791C>A,p.Thr264Asn,9.13200310488e-6,0.06771041,0.12272,0.1202,NA,VUS,.,1
chr16,67658593,G,A,ACD,c.791C>T,p.Thr264Ile,NA,0.044768807,0.0279,0.2354,NA,VUS,.,2
chr16,67658594,T,G,ACD,c.790A>C,p.Thr264Pro,NA,0.13480461999999999,0.0104,0.0886,NA,VUS,.,1
chr16,67658359,G,A,ACD,c.833C>T,p.Thr278Ile,NA,0.04161545,0.07718,0.1202,NA,VUS,.,2
chr16,67658317,G,A,ACD,c.875C>T,p.Thr292Ile,3.99443973988e-6,0.03917895,0.10877,0.1109,NA,VUS,.,1
chr16,67658317,G,C,ACD,c.875C>G,p.Thr292Ser,3.99443973988e-6,0.025011111,0.08068,0.0877,NA,VUS,.,1
chr16,67658218,G,T,ACD,c.974C>A,p.Thr325Asn,2.84823196001e-5,0.0511351529999999,0.08068,0.0896,NA,VUS,.,2
chr16,67658218,G,A,ACD,c.974C>T,p.Thr325Ile,1.42411598001e-5,0.033249423,0.05648,0.1031,NA,VUS,.,2
chr16,67658212,G,A,ACD,c.980C>T,p.Thr327Ile,NA,0.02642606,0.07718,0.07,NA,B/LB,.,1
chr16,67658212,G,C,ACD,c.980C>G,p.Thr327Ser,8.02040390754e-6,0.021581355,0.04649,0.081,NA,VUS,.,2
chr16,67658185,G,T,ACD,c.1007C>A,p.Thr336Asn,NA,0.067955114,0.07022,0.0876,NA,VUS,.,1
chr16,67658185,G,A,ACD,c.1007C>T,p.Thr336Ile,NA,0.025286995,0.0125,0.0917,NA,VUS,.,1
chr16,67658158,G,A,ACD,c.1034C>T,p.Thr345Ile,NA,0.05792138,0.09474,0.1407,NA,VUS,.,1
chr16,67658104,G,C,ACD,c.1088C>G,p.Thr363Ser,NA,0.0303646739999999,0.02506,0.114,NA,VUS,.,2
chr16,67658027,T,C,ACD,c.1165A>G,p.Thr389Ala,NA,0.1624011,0.04979,0.0773,NA,VUS,.,1
chr16,67658026,G,A,ACD,c.1166C>T,p.Thr389Ile,5.1116381778e-6,0.096748285,0.0279,0.161,NA,VUS,.,1
chr16,67657792,G,A,ACD,c.1268C>T,p.Thr423Met,1.19337438541e-5,0.020608459,0.11227,0.0988,NA,VUS,.,2
chr16,67657616,G,A,ACD,c.1367C>T,p.Thr456Ile,NA,0.05886104,0.19503,0.1232,NA,VUS,.,1
chr16,67659994,T,C,ACD,c.151A>G,p.Thr51Ala,1.11449587637e-5,0.15347858,0.00846,0.058,NA,B/LB,.,1
chr16,67659993,G,A,ACD,c.152C>T,p.Thr51Met,NA,0.05432349,0.12962,0.0889,NA,VUS,.,1
chr16,67659975,G,A,ACD,c.170C>T,p.Thr57Met,1.25389753149e-5,0.04908888,0.03691,0.0823,NA,VUS,.,2
chr16,67659954,G,A,ACD,c.191C>T,p.Thr64Ile,8.32688000133e-6,0.52362174,0.48592,0.1914,NA,VUS,.,1
chr16,67659931,T,A,ACD,c.214A>T,p.Thr72Ser,NA,0.7850006,0.59981,0.2931,NA,VUS,.,1
chr16,67659912,G,T,ACD,c.233C>A,p.Thr78Asn,NA,0.12629797,0.17616,0.1016,NA,VUS,.,2
chr16,67659912,G,A,ACD,c.233C>T,p.Thr78Ile,4.24650088327e-6,0.050134145,0.10877,0.2199,NA,VUS,.,1
chr16,67659912,G,C,ACD,c.233C>G,p.Thr78Ser,NA,0.07580405,0.08068,0.1002,NA,VUS,.,1
chr16,67657988,A,C,ACD,c.1204T>G,p.Trp402Gly,NA,0.50486165,0.29647,0.1607,NA,VUS,.,2
chr16,67659600,T,C,ACD,c.350A>G,p.Tyr117Cys,4.01029844641e-6,0.6093132,0.61955,0.2578,NA,VUS,.,2
chr16,67659600,T,A,ACD,c.350A>T,p.Tyr117Phe,4.01029844641e-6,0.26955736,0.58126,0.1065,NA,VUS,.,2
chr16,67659387,T,C,ACD,c.446A>G,p.Tyr149Cys,3.89187659213e-5,0.2882225,0.00846,0.0851,NA,VUS,.,2
chr16,67659387,T,G,ACD,c.446A>C,p.Tyr149Ser,3.97975102678e-6,0.39942414,0.03691,0.1175,NA,VUS,.,1
chr16,67657813,T,C,ACD,c.1247A>G,p.Tyr416Cys,NA,0.45091644,0.70603,0.8917,NA,VUS,.,2
chr16,67657814,A,G,ACD,c.1246T>C,p.Tyr416His,3.97788297068e-6,0.35326958,0.71636,0.9254,NA,VUS,.,1
chr16,67657808,A,T,ACD,c.1252T>A,p.Tyr418Asn,3.18857215739e-5,0.40456015,0.55201,0.8773,NA,VUS,.,1
chr16,67657807,T,C,ACD,c.1253A>G,p.Tyr418Cys,NA,0.34644932,0.66488,0.9295,NA,VUS,.,1
chr16,67659730,A,G,ACD,c.308T>C,p.Val103Ala,NA,0.2490179,0.40148,0.4625,NA,VUS,.,1
chr16,67659731,C,A,ACD,c.307G>T,p.Val103Phe,NA,0.41386548,0.43662,0.3583,NA,VUS,.,1
chr16,67659403,C,T,ACD,c.430G>A,p.Val144Ile,3.97952930127e-6,0.60986894,0.51417,0.1769,NA,VUS,.,2
chr16,67659017,C,G,ACD,c.556G>C,p.Val186Leu,3.98047972742e-6,0.19214174,0.72099,0.2338,NA,VUS,.,1
chr16,67659017,C,T,ACD,c.556G>A,p.Val186Met,2.38828783645e-5,0.13848579,0.87722,0.234,NA,VUS,.,1
chr16,67658962,A,T,ACD,c.611T>A,p.Val204Asp,NA,0.66041964,0.05988,0.2967,NA,VUS,.,1
chr16,67658806,A,G,ACD,c.656T>C,p.Val219Ala,NA,0.16214998,0.34888,0.2468,NA,VUS,.,1
chr16,67660045,C,T,ACD,c.100G>A,p.Val34Ile,NA,0.1921301,0.24743,0.2617,0.46637,VUS,.,1
chr16,67658131,A,G,ACD,c.1061T>C,p.Val354Ala,NA,0.019940248,0.01715,0.1058,NA,B/LB,.,1
chr16,67658108,C,T,ACD,c.1084G>A,p.Val362Met,NA,0.01997898,0.05988,0.1624,NA,VUS,.,1
chr16,67658065,A,G,ACD,c.1127T>C,p.Val376Ala,NA,0.034751263,0.00669,0.0907,NA,VUS,.,1
chr16,67658066,C,T,ACD,c.1126G>A,p.Val376Ile,NA,0.040310387,0.00512,0.0878,NA,VUS,.,1
chr16,67658066,C,G,ACD,c.1126G>C,p.Val376Leu,NA,0.0440267959999999,0.00375,0.0887,NA,VUS,.,1
chr16,67657991,C,T,ACD,c.1201G>A,p.Val401Ile,1.91519515839e-5,0.0309214999999999,0.07022,0.0837,NA,VUS,.,2
chr16,67660021,C,T,ACD,c.124G>A,p.Val42Ile,2.58009030316e-5,0.123847045,0.07369,0.1121,NA,VUS,.,2
chr16,67657765,A,G,ACD,c.1295T>C,p.Val432Ala,0.510940353659,0.015711354,0.0877,0.0756,NA,B/LB,.,2
chr16,67657766,C,T,ACD,c.1294G>A,p.Val432Ile,NA,0.035499904,0.13305,0.1379,NA,VUS,.,1
chr16,67657766,C,A,ACD,c.1294G>T,p.Val432Phe,NA,0.078519486,0.08419,0.3483,NA,VUS,.,1
chr16,67659985,C,A,ACD,c.160G>T,p.Val54Phe,4.19441974397e-6,0.10433723,0.20116,0.1416,NA,VUS,.,1
chr16,67659967,C,A,ACD,c.178G>T,p.Val60Leu,NA,0.45413926,0.40909,0.5149,NA,VUS,.,1
chr16,67659934,C,G,ACD,c.211G>C,p.Val71Leu,NA,0.2153999,0.06676,0.2349,NA,VUS,.,1
chr16,67660199,C,T,ACD,c.22G>A,p.Val8Ile,6.90920789039e-4,0.12558973,0.03383,0.139,NA,Conflicting,Uncertain_significance(3)|Likely_benign(3),1
