chrom,pos,ref_base,alt_base,base__gene,base__cchange,base__achange,gnomad__af,VEP_varity_r,VEP_revel__score,VEP_alphamissense__pathogenicity,VEP_esm1b__score,clinvar,conf,stars
chr10,88941829,G,A,ACTA2,c.410C>T,p.Ala137Val,NA,0.92763233,0.977,0.98740000000000006,0.79888,VUS,.,1
chr10,88941820,G,A,ACTA2,c.419C>T,p.Ala140Val,NA,0.9580198,0.97587,0.9979,0.83532,Conflicting,Likely_pathogenic(3)|Uncertain_significance(2),1
chr10,88941330,G,A,ACTA2,c.515C>T,p.Ala172Val,NA,0.8395457,0.94803,0.892,0.82351,VUS,.,1
chr10,88941297,G,C,ACTA2,c.548C>G,p.Ala183Gly,NA,0.8693149,0.96096,0.7295,0.81764,VUS,.,1
chr10,88941229,C,T,ACTA2,c.616G>A,p.Ala206Thr,NA,0.74461013,0.96799,0.9942,0.76039,Conflicting,Likely_pathogenic(1)|Uncertain_significance(1),1
chr10,88948870,C,A,ACTA2,c.61G>T,p.Ala21Ser,NA,0.6419684,0.92746,0.4233,0.88773,VUS,.,1
chr10,88939626,G,C,ACTA2,c.689C>G,p.Ala230Gly,3.98635073508e-6,0.5756764,0.71084,0.1044,0.69613,VUS,.,2
chr10,88939627,C,T,ACTA2,c.688G>A,p.Ala230Thr,7.08521386718e-6,0.26263955,0.67782,0.1146,0.71913,VUS,.,2
chr10,88939618,C,T,ACTA2,c.697G>A,p.Ala233Thr,1.771403873e-5,0.22302535,0.75415,0.3034,0.57187,VUS,.,2
chr10,88939617,G,A,ACTA2,c.698C>T,p.Ala233Val,NA,0.38592374,0.78226,0.5058,0.67381,VUS,.,1
chr10,88938230,G,A,ACTA2,c.821C>T,p.Ala274Val,NA,0.5017118,0.80664,0.2374,0.82335,VUS,.,1
chr10,88948848,G,T,ACTA2,c.83C>A,p.Ala28Asp,NA,0.92010635,0.96428,0.999,0.93505,VUS,.,1
chr10,88948848,G,A,ACTA2,c.83C>T,p.Ala28Val,NA,0.8153458,0.91541,0.9913,0.72869,VUS,.,2
chr10,88948839,G,A,ACTA2,c.92C>T,p.Ala31Val,NA,0.79018056,0.91371,0.8951,0.75412,VUS,.,1
chr10,88938089,G,C,ACTA2,c.962C>G,p.Ala321Gly,1.77097722523e-5,0.8295694,0.86736,0.1727,0.79839,VUS,.,2
chr10,88938090,C,T,ACTA2,c.961G>A,p.Ala321Thr,NA,0.72996354,0.76946,0.1913,0.54645,VUS,.,2
chr10,88938083,G,A,ACTA2,c.968C>T,p.Ala323Val,3.98520691194e-6,0.78005576,0.86283,0.8782,0.73659,VUS,.,1
chr10,88935257,G,A,ACTA2,c.1100C>T,p.Ala367Val,NA,0.5348504,0.81888,0.5408,0.46079,VUS,.,1
chr10,88947337,G,C,ACTA2,c.179C>G,p.Ala60Gly,NA,0.9611931,0.93621,0.9477,0.87556,VUS,.,1
chr10,88947338,C,T,ACTA2,c.178G>A,p.Ala60Thr,NA,0.9196099,0.96391,0.9957,0.78291,VUS,.,2
chr10,88943870,G,C,ACTA2,c.296C>G,p.Ala99Gly,1.99196838348e-5,0.93412554,0.90011,0.5885,0.8069,VUS,.,2
chr10,88943813,C,T,ACTA2,c.353G>A,p.Arg118Gln,3.98352414414e-6,0.9044215,0.98636,0.9967,0.77613,P/LP,.,2
chr10,88943814,G,A,ACTA2,c.352C>T,p.Arg118Trp,NA,0.9508239,0.95286,0.9997,0.83212,Conflicting,Likely_pathogenic(2)|Uncertain_significance(2),1
chr10,88941794,G,A,ACTA2,c.445C>T,p.Arg149Cys,3.58767561672e-6,0.8750219,0.99783,0.9942,0.75418,P/LP,.,2
chr10,88941793,C,T,ACTA2,c.446G>A,p.Arg149His,1.62212579586e-5,0.8612504,0.95802,0.9931,0.72541,VUS,.,2
chr10,88941793,C,A,ACTA2,c.446G>T,p.Arg149Leu,NA,0.93431383,0.97814,0.9945,0.79696,P/LP,.,2
chr10,88941310,G,A,ACTA2,c.535C>T,p.Arg179Cys,NA,0.82682395,0.98192,0.9958,0.74698,P/LP,.,2
chr10,88941309,C,T,ACTA2,c.536G>A,p.Arg179His,NA,0.80328375,0.95544,0.9886,0.76715,P/LP,.,2
chr10,88941309,C,A,ACTA2,c.536G>T,p.Arg179Leu,NA,0.94249636,0.99091,0.9962,0.85205,P/LP,.,0
chr10,88941310,G,T,ACTA2,c.535C>A,p.Arg179Ser,NA,0.956445,0.97286,0.9988,0.8085,P/LP,.,0
chr10,88941291,C,T,ACTA2,c.554G>A,p.Arg185Gln,NA,0.8452456,0.98267,0.9788,0.72583,Conflicting,Pathogenic(1)|Uncertain_significance(1),1
chr10,88941292,G,C,ACTA2,c.553C>G,p.Arg185Gly,NA,0.9420622,0.99671,0.985,0.8179,VUS,.,2
chr10,88941253,G,A,ACTA2,c.592C>T,p.Arg198Cys,3.98492105871e-6,0.8104313,0.98079,0.9953,0.88684,Conflicting,Pathogenic(1)|Likely_pathogenic(3)|Uncertain_significance(2),1
chr10,88941252,C,T,ACTA2,c.593G>A,p.Arg198His,NA,0.8462145,0.9536,0.9828,0.83023,P/LP,.,2
chr10,88939693,G,A,ACTA2,c.622C>T,p.Arg208Cys,3.99147421109e-6,0.8592347,0.9439,0.9839,0.88427,VUS,.,2
chr10,88939692,C,T,ACTA2,c.623G>A,p.Arg208His,1.19726066759e-5,0.752353,0.94276,0.9088,0.84577,VUS,.,2
chr10,88939680,C,T,ACTA2,c.635G>A,p.Arg212Gln,NA,0.7885776,0.97738,0.9693,0.80732,P/LP,.,2
chr10,88939549,G,A,ACTA2,c.766C>T,p.Arg256Cys,NA,0.8269959,0.97662,0.9757,0.72041,Conflicting,Likely_pathogenic(3)|Uncertain_significance(1),1
chr10,88939548,C,T,ACTA2,c.767G>A,p.Arg256His,NA,0.88230747,0.98708,0.9936,0.84719,Conflicting,Likely_pathogenic(2)|Uncertain_significance(1),1
chr10,88939549,G,T,ACTA2,c.766C>A,p.Arg256Ser,NA,0.9552538,0.97248,0.9979,0.82946,P/LP,.,1
chr10,88939543,G,A,ACTA2,c.772C>T,p.Arg258Cys,3.186336987e-5,0.7710692,0.98415,0.9809,0.76697,P/LP,.,2
chr10,88939542,C,T,ACTA2,c.773G>A,p.Arg258His,NA,0.7858984,0.99058,0.9844,0.76738,P/LP,.,2
chr10,88938175,C,G,ACTA2,c.876G>C,p.Arg292Ser,NA,0.9838833,0.96799,0.9995,0.73552,VUS,.,1
chr10,88948842,C,T,ACTA2,c.89G>A,p.Arg30Lys,NA,0.8659194,0.94238,0.9259,0.66687,VUS,.,1
chr10,88948843,T,A,ACTA2,c.88A>T,p.Arg30Trp,NA,0.8687216,0.97587,0.9958,0.76415,VUS,.,1
chr10,88938110,C,T,ACTA2,c.941G>A,p.Arg314Gln,NA,0.93398565,0.98672,0.995,0.79543,VUS,.,1
chr10,88935348,G,A,ACTA2,c.1009C>T,p.Arg337Cys,NA,0.91536087,0.97852,0.9964,0.74793,VUS,.,2
chr10,88935347,C,T,ACTA2,c.1010G>A,p.Arg337His,NA,0.88284624,0.98079,0.9975,0.81404,VUS,.,1
chr10,88935237,G,A,ACTA2,c.1120C>T,p.Arg374Cys,3.98022623606e-6,0.93166095,0.93777,0.9873,0.69909,VUS,.,2
chr10,88935236,C,T,ACTA2,c.1121G>A,p.Arg374His,3.98022623606e-6,0.8778254,0.9439,0.9642,0.60325,VUS,.,2
chr10,88948816,G,A,ACTA2,c.115C>T,p.Arg39Cys,3.18735258494e-5,0.87847394,0.9547,0.9651,0.75141,P/LP,.,2
chr10,88948816,G,C,ACTA2,c.115C>G,p.Arg39Gly,NA,0.9586069,0.95138,0.9901,0.84905,P/LP,.,2
chr10,88948815,C,T,ACTA2,c.116G>A,p.Arg39His,NA,0.8429331,0.95986,0.8876,0.79729,P/LP,.,2
chr10,88948816,G,T,ACTA2,c.115C>A,p.Arg39Ser,NA,0.9594067,0.92129,0.9948,0.82382,P/LP,.,1
chr10,88943876,C,T,ACTA2,c.290G>A,p.Arg97His,NA,0.87746745,0.97549,0.9885,0.75106,VUS,.,2
chr10,88943876,C,G,ACTA2,c.290G>C,p.Arg97Pro,NA,0.9932661,0.99157,0.9989,0.9192,VUS,.,1
chr10,88943829,T,C,ACTA2,c.337A>G,p.Asn113Asp,NA,0.96979475,0.95765,0.9981,0.97671,VUS,.,1
chr10,88943828,T,C,ACTA2,c.338A>G,p.Asn113Ser,NA,0.882629,0.95581,0.9114,0.87301,VUS,.,0
chr10,88943828,T,G,ACTA2,c.338A>C,p.Asn113Thr,NA,0.9200556,0.95839,0.9799,0.93262,VUS,.,0
chr10,88943816,T,C,ACTA2,c.350A>G,p.Asn117Ser,NA,0.8661015,0.93699,0.7822,0.71826,Conflicting,Pathogenic(1)|Uncertain_significance(1),1
chr10,88943816,T,G,ACTA2,c.350A>C,p.Asn117Thr,NA,0.9458178,0.96873,0.9615,0.87489,P/LP,.,1
chr10,88941851,T,G,ACTA2,c.388A>C,p.Asn130His,NA,0.87049115,0.98117,0.3875,0.76085,VUS,.,2
chr10,88948890,T,C,ACTA2,c.41A>G,p.Asn14Ser,NA,0.7476155,0.94691,0.4405,0.71362,VUS,.,1
chr10,88938158,T,A,ACTA2,c.893A>T,p.Asn298Ile,NA,0.98659503,0.95728,0.9808,0.9646,VUS,.,1
chr10,88938155,T,C,ACTA2,c.896A>G,p.Asn299Ser,NA,0.38222262,0.7293,0.1097,0.03978,VUS,.,2
chr10,88943886,T,C,ACTA2,c.280A>G,p.Asn94Asp,2.39072399092e-5,0.9636841,0.95507,0.9789,0.88782,VUS,.,1
chr10,88943885,T,C,ACTA2,c.281A>G,p.Asn94Ser,1.06247343816e-5,0.90005153,0.92129,0.7588,0.76531,VUS,.,2
chr10,88941379,C,G,ACTA2,c.466G>C,p.Asp156His,NA,0.9276554,0.99695,0.9994,0.81863,VUS,.,1
chr10,88941370,C,G,ACTA2,c.475G>C,p.Asp159His,NA,0.9269108,0.99253,0.9976,0.81283,VUS,.,1
chr10,88939677,T,C,ACTA2,c.638A>G,p.Asp213Gly,NA,0.9558061,0.98041,0.9909,0.81716,VUS,.,1
chr10,88948855,C,T,ACTA2,c.76G>A,p.Asp26Asn,NA,0.7718616,0.89284,0.9924,0.77772,VUS,.,1
chr10,88948853,G,T,ACTA2,c.78C>A,p.Asp26Glu,6.77091216135e-5,0.68026376,0.85718,0.963,0.667,VUS,.,2
chr10,88948855,C,G,ACTA2,c.76G>C,p.Asp26His,3.98276260345e-6,0.92406064,0.98708,0.9991,0.89718,VUS,.,2
chr10,88948855,C,A,ACTA2,c.76G>T,p.Asp26Tyr,NA,0.9248521,0.99284,0.9965,0.8787,VUS,.,1
chr10,88948852,C,T,ACTA2,c.79G>A,p.Asp27Asn,NA,0.7422886,0.86886,0.9956,0.78695,VUS,.,2
chr10,88938183,C,T,ACTA2,c.868G>A,p.Asp290Asn,NA,0.82384926,0.95839,0.9983,0.78286,VUS,.,1
chr10,88938114,C,T,ACTA2,c.937G>A,p.Asp313Asn,3.98425422729e-6,0.70981544,0.85039,0.7795,0.77636,VUS,.,1
chr10,88935264,C,T,ACTA2,c.1093G>A,p.Asp365Asn,7.96038910382e-6,0.81920606,0.90146,0.6942,0.64217,VUS,.,1
chr10,88935262,A,C,ACTA2,c.1095T>G,p.Asp365Glu,NA,0.7432374,0.78475,0.3004,0.61404,VUS,.,1
chr10,88948914,T,C,ACTA2,c.17A>G,p.Asp6Gly,NA,0.48266792,0.89145,0.2019,0.52328,VUS,.,1
chr10,88947270,G,C,ACTA2,c.246C>G,p.Asp82Glu,NA,0.78656024,0.89966,0.9038,0.68388,Conflicting,Likely_pathogenic(1)|Uncertain_significance(2),1
chr10,88947269,C,T,ACTA2,c.247G>A,p.Asp83Asn,NA,0.8240335,0.94914,0.9788,0.84759,VUS,.,2
chr10,88948896,C,T,ACTA2,c.35G>A,p.Cys12Tyr,NA,0.8504715,0.92336,0.9759,0.60153,VUS,.,1
chr10,88948876,A,G,ACTA2,c.55T>C,p.Cys19Arg,NA,0.9748243,0.92004,0.9982,0.73756,P/LP,.,1
chr10,88948875,C,G,ACTA2,c.56G>C,p.Cys19Ser,NA,0.7796208,0.86333,0.8323,0.59278,VUS,.,1
chr10,88939660,A,G,ACTA2,c.655T>C,p.Cys219Arg,NA,0.93068486,0.99346,0.9989,0.80968,P/LP,.,0
chr10,88938191,C,T,ACTA2,c.860G>A,p.Cys287Tyr,3.98209649416e-6,0.9440782,0.92542,0.9996,0.84915,VUS,.,1
chr10,88948927,A,T,ACTA2,c.4T>A,p.Cys2Ser,NA,0.5355548,0.80426,0.1812,0.09294,VUS,.,2
chr10,88939521,T,C,ACTA2,c.794A>G,p.Gln265Arg,NA,0.75627667,0.91413,0.7152,0.74472,VUS,.,1
chr10,88938104,T,A,ACTA2,c.947A>T,p.Gln316Leu,NA,0.8739741,0.91242,0.3936,0.68006,VUS,.,1
chr10,88935290,T,C,ACTA2,c.1067A>G,p.Gln356Arg,NA,0.9099034,0.94428,0.836,0.65016,VUS,.,1
chr10,88947364,T,G,ACTA2,c.152A>C,p.Gln51Pro,NA,0.9378794,0.96947,0.8552,0.91008,VUS,.,2
chr10,88943861,T,G,ACTA2,c.305A>C,p.Glu102Ala,NA,0.96394676,0.98744,0.8571,0.9091,VUS,.,1
chr10,88943811,C,G,ACTA2,c.355G>C,p.Glu119Gln,NA,0.85176945,0.97662,0.9871,0.67903,VUS,.,1
chr10,88941860,C,G,ACTA2,c.379G>C,p.Glu127Gln,NA,0.90596646,0.9536,0.9905,0.81832,VUS,.,1
chr10,88941340,C,T,ACTA2,c.505G>A,p.Glu169Lys,NA,0.8983293,0.98921,0.9991,0.68874,VUS,.,2
chr10,88941254,C,A,ACTA2,c.591G>T,p.Glu197Asp,NA,0.76882195,0.81193,0.9669,0.72876,VUS,.,1
chr10,88941256,C,G,ACTA2,c.589G>C,p.Glu197Gln,NA,0.8045735,0.94728,0.9658,0.83622,VUS,.,1
chr10,88939695,T,C,ACTA2,c.620A>G,p.Glu207Gly,NA,0.928921,0.99157,0.9797,0.74793,VUS,.,1
chr10,88939667,C,G,ACTA2,c.648G>C,p.Glu216Asp,3.98762242001e-6,0.9339946,0.92212,0.9949,0.80899,VUS,.,1
chr10,88939638,T,G,ACTA2,c.677A>C,p.Glu226Ala,NA,0.90183115,0.94428,0.7746,0.70554,VUS,.,1
chr10,88939637,T,G,ACTA2,c.678A>C,p.Glu226Asp,3.98584228819e-6,0.65769935,0.794,0.2642,0.69038,VUS,.,2
chr10,88939639,C,T,ACTA2,c.676G>A,p.Glu226Lys,NA,0.852255,0.88726,0.9182,0.79466,VUS,.,1
chr10,88939587,T,C,ACTA2,c.728A>G,p.Glu243Gly,NA,0.95633125,0.98526,0.9847,0.93105,VUS,.,1
chr10,88939588,C,T,ACTA2,c.727G>A,p.Glu243Lys,NA,0.821602,0.89922,0.9912,0.80024,VUS,.,1
chr10,88939552,C,T,ACTA2,c.763G>A,p.Glu255Lys,NA,0.8231966,0.97286,0.9989,0.80834,VUS,.,2
chr10,88939533,T,C,ACTA2,c.782A>G,p.Glu261Gly,NA,0.971845,0.99803,0.9904,0.79372,VUS,.,1
chr10,88938235,C,G,ACTA2,c.816G>C,p.Glu272Asp,NA,0.82397634,0.85039,0.8647,0.69751,VUS,.,2
chr10,88938237,C,G,ACTA2,c.814G>C,p.Glu272Gln,NA,0.84164,0.96391,0.9672,0.74621,VUS,.,1
chr10,88938236,T,C,ACTA2,c.815A>G,p.Glu272Gly,NA,0.9526798,0.98851,0.9562,0.78077,VUS,.,2
chr10,88938097,C,G,ACTA2,c.954G>C,p.Glu318Asp,7.96920698421e-6,0.83579826,0.91328,0.9282,0.73612,VUS,.,2
chr10,88938098,T,C,ACTA2,c.953A>G,p.Glu318Gly,NA,0.95006883,0.98851,0.9828,0.75277,VUS,.,0
chr10,88938099,C,T,ACTA2,c.952G>A,p.Glu318Lys,NA,0.9663359,0.95728,0.9977,0.73834,VUS,.,1
chr10,88935351,C,G,ACTA2,c.1006G>C,p.Glu336Gln,NA,0.9279179,0.96947,0.9929,0.87597,VUS,.,1
chr10,88935350,T,C,ACTA2,c.1007A>G,p.Glu336Gly,3.98181108695e-6,0.94269764,0.98744,0.9877,0.94416,VUS,.,1
chr10,88935270,C,G,ACTA2,c.1087G>C,p.Glu363Gln,2.78587006702e-5,0.8459955,0.96317,0.9399,0.88526,VUS,.,2
chr10,88947341,C,T,ACTA2,c.175G>A,p.Glu59Lys,NA,0.82575345,0.96947,0.9987,0.76178,VUS,.,2
chr10,88948917,T,G,ACTA2,c.14A>C,p.Glu5Ala,NA,0.29022157,0.90413,0.2129,0.51893,VUS,.,2
chr10,88948918,C,G,ACTA2,c.13G>C,p.Glu5Gln,3.18572793883e-5,0.331122,0.883,0.2819,0.56394,VUS,.,2
chr10,88948918,C,T,ACTA2,c.13G>A,p.Glu5Lys,NA,0.39359945,0.89786,0.5425,0.60105,VUS,.,2
chr10,88943882,T,C,ACTA2,c.284A>G,p.Glu95Gly,NA,0.9463226,0.99803,0.9936,0.79926,VUS,.,1
chr10,88943883,C,T,ACTA2,c.283G>A,p.Glu95Lys,NA,0.9109491,0.99518,0.9987,0.82199,VUS,.,2
chr10,88941390,C,T,ACTA2,c.455G>A,p.Gly152Asp,NA,0.95475054,0.97436,0.9999,0.89589,VUS,.,2
chr10,88941366,C,T,ACTA2,c.479G>A,p.Gly160Asp,NA,0.9143194,0.99783,0.9994,0.80149,VUS,.,1
chr10,88941367,C,T,ACTA2,c.478G>A,p.Gly160Ser,NA,0.91672385,0.98304,0.9941,0.83446,VUS,.,2
chr10,88941366,C,A,ACTA2,c.479G>T,p.Gly160Val,NA,0.9812546,0.99434,0.9992,0.86555,VUS,.,2
chr10,88948867,C,T,ACTA2,c.64G>A,p.Gly22Ser,3.9831433374e-6,0.8951091,0.98229,0.9988,0.91612,Conflicting,Likely_pathogenic(1)|Uncertain_significance(2),1
chr10,88939576,C,T,ACTA2,c.739G>A,p.Gly247Arg,NA,0.7952403,0.98489,0.9975,0.76801,VUS,.,1
chr10,88939558,C,T,ACTA2,c.757G>A,p.Gly253Arg,3.98415898388e-6,0.7709843,0.99695,0.9965,0.83622,VUS,.,2
chr10,88939557,C,T,ACTA2,c.758G>A,p.Gly253Glu,NA,0.82471466,0.99253,0.9974,0.88397,VUS,.,2
chr10,88939557,C,A,ACTA2,c.758G>T,p.Gly253Val,NA,0.9284613,0.98851,0.9976,0.88846,VUS,.,1
chr10,88948858,C,T,ACTA2,c.73G>A,p.Gly25Arg,NA,0.8836215,0.98672,0.9987,0.85684,VUS,.,1
chr10,88939507,C,T,ACTA2,c.808G>A,p.Gly270Arg,3.98692289291e-6,0.84371483,0.98304,0.9972,0.85598,Conflicting,Pathogenic(1)|Likely_pathogenic(2)|Uncertain_significance(4),1
chr10,88938242,C,T,ACTA2,c.809G>A,p.Gly270Glu,NA,0.8927223,0.99157,0.9963,0.88565,Conflicting,Pathogenic(1)|Uncertain_significance(2),1
chr10,88938242,C,A,ACTA2,c.809G>T,p.Gly270Val,NA,0.9633781,0.99124,0.9966,0.878,VUS,.,1
chr10,88938140,C,T,ACTA2,c.911G>A,p.Gly304Asp,NA,0.95436674,0.97398,0.9993,0.84047,VUS,.,1
chr10,88938141,C,T,ACTA2,c.910G>A,p.Gly304Ser,NA,0.9083339,0.99571,0.9922,0.7914,VUS,.,1
chr10,88938122,C,T,ACTA2,c.929G>A,p.Gly310Asp,NA,0.8553316,0.98886,0.9939,0.86883,VUS,.,1
chr10,88935327,C,T,ACTA2,c.1030G>A,p.Gly344Ser,3.98124039526e-6,0.9407257,0.98452,0.9997,0.93458,VUS,.,1
chr10,88935255,C,T,ACTA2,c.1102G>A,p.Gly368Arg,NA,0.9296649,0.99189,0.9996,0.81283,Conflicting,Likely_pathogenic(1)|Uncertain_significance(1),1
chr10,88935255,C,A,ACTA2,c.1102G>T,p.Gly368Trp,NA,0.93549466,0.97398,0.9997,0.92952,VUS,.,1
chr10,88947374,C,T,ACTA2,c.142G>A,p.Gly48Arg,NA,0.9254031,0.98489,0.9995,0.8931,VUS,.,1
chr10,88947373,C,T,ACTA2,c.143G>A,p.Gly48Glu,NA,0.94671845,0.97738,0.9996,0.96014,VUS,.,2
chr10,88947373,C,A,ACTA2,c.143G>T,p.Gly48Val,NA,0.9781837,0.98041,0.9983,0.99254,VUS,.,1
chr10,88947368,C,T,ACTA2,c.148G>A,p.Gly50Arg,NA,0.89215046,0.97436,0.9972,0.88076,VUS,.,1
chr10,88947347,C,G,ACTA2,c.169G>C,p.Gly57Arg,NA,0.9603842,0.96576,0.9999,0.8124,VUS,.,1
chr10,88947347,C,T,ACTA2,c.169G>A,p.Gly57Ser,NA,0.9617857,0.98816,0.999,0.91505,VUS,.,1
chr10,88947346,C,A,ACTA2,c.170G>T,p.Gly57Val,NA,0.9862996,0.99284,0.9999,0.92226,VUS,.,2
chr10,88947290,C,T,ACTA2,c.226G>A,p.Gly76Ser,NA,0.8897778,0.99718,0.9973,0.8099,VUS,.,1
chr10,88941322,G,C,ACTA2,c.523C>G,p.His175Asp,NA,0.93010134,0.97852,0.9978,0.902,VUS,.,1
chr10,88948807,G,A,ACTA2,c.124C>T,p.His42Tyr,NA,0.7438205,0.93464,0.7682,0.71294,VUS,.,1
chr10,88947293,G,T,ACTA2,c.223C>A,p.His75Asn,NA,0.93964356,0.9028,0.9762,0.85608,VUS,.,2
chr10,88947291,A,T,ACTA2,c.225T>A,p.His75Gln,NA,0.9316629,0.91541,0.9911,0.84958,VUS,.,1
chr10,88941827,T,C,ACTA2,c.412A>G,p.Ile138Val,NA,0.72234464,0.90895,0.5874,0.80035,VUS,.,1
chr10,88939686,A,T,ACTA2,c.629T>A,p.Ile210Asn,NA,0.9502647,0.98192,0.9972,0.92843,VUS,.,1
chr10,88939675,T,G,ACTA2,c.640A>C,p.Ile214Leu,NA,0.77784854,0.89007,0.6313,0.66622,VUS,.,1
chr10,88939674,A,G,ACTA2,c.641T>C,p.Ile214Thr,NA,0.86822647,0.98415,0.9796,0.75466,VUS,.,2
chr10,88939567,T,G,ACTA2,c.748A>C,p.Ile250Leu,1.99188902788e-5,0.76816905,0.942,0.7019,0.74508,VUS,.,2
chr10,88939566,A,G,ACTA2,c.749T>C,p.Ile250Thr,NA,0.85957855,0.99284,0.9961,0.79527,VUS,.,1
chr10,88939567,T,C,ACTA2,c.748A>G,p.Ile250Val,NA,0.47747138,0.85821,0.4137,0.67987,VUS,.,2
chr10,88938224,A,G,ACTA2,c.827T>C,p.Ile276Thr,3.98323853226e-6,0.9410137,0.96022,0.9534,0.77174,VUS,.,1
chr10,88938185,A,T,ACTA2,c.866T>A,p.Ile289Asn,NA,0.93063337,0.9439,0.9814,0.80024,VUS,.,1
chr10,88938185,A,G,ACTA2,c.866T>C,p.Ile289Thr,NA,0.8547501,0.88205,0.9159,0.64017,VUS,.,1
chr10,88938179,A,T,ACTA2,c.872T>A,p.Ile291Asn,NA,0.95557916,0.98304,0.9977,0.90985,VUS,.,1
chr10,88938178,G,C,ACTA2,c.873C>G,p.Ile291Met,NA,0.9040545,0.9547,0.9378,0.78212,VUS,.,2
chr10,88938180,T,C,ACTA2,c.871A>G,p.Ile291Val,3.98215992354e-6,0.5073594,0.82968,0.488,0.69763,VUS,.,1
chr10,88935362,A,G,ACTA2,c.995T>C,p.Ile332Thr,NA,0.8648389,0.95839,0.8752,0.77716,VUS,.,2
chr10,88935363,T,C,ACTA2,c.994A>G,p.Ile332Val,NA,0.43112218,0.76487,0.154,0.31136,VUS,.,1
chr10,88935281,A,T,ACTA2,c.1076T>A,p.Ile359Asn,NA,0.9925126,0.97512,0.9984,0.86183,VUS,.,1
chr10,88935281,A,C,ACTA2,c.1076T>G,p.Ile359Ser,NA,0.9737966,0.97928,0.9973,0.8189,P/LP,.,1
chr10,88948824,A,G,ACTA2,c.107T>C,p.Ile36Thr,7.96539830974e-6,0.8417137,0.96947,0.9734,0.86754,VUS,.,2
chr10,88948825,T,C,ACTA2,c.106A>G,p.Ile36Val,NA,0.5030563,0.86736,0.1834,0.6156,VUS,.,1
chr10,88935245,A,T,ACTA2,c.1112T>A,p.Ile371Asn,NA,0.96656746,0.9628,0.9933,0.9078,VUS,.,2
chr10,88935245,A,G,ACTA2,c.1112T>C,p.Ile371Thr,1.59190041071e-5,0.8048192,0.97436,0.9501,0.7935,VUS,.,2
chr10,88947320,T,G,ACTA2,c.196A>C,p.Ile66Leu,NA,0.73783547,0.90501,0.9225,0.75507,VUS,.,1
chr10,88947298,A,G,ACTA2,c.218T>C,p.Ile73Thr,NA,0.80733407,0.98708,0.9604,0.8055,P/LP,.,0
chr10,88947287,T,C,ACTA2,c.229A>G,p.Ile77Val,NA,0.4596309,0.90852,0.2151,0.73377,VUS,.,2
chr10,88941382,G,T,ACTA2,c.463C>A,p.Leu155Met,NA,0.47532082,0.79156,0.1582,0.34556,VUS,.,1
chr10,88948878,A,G,ACTA2,c.53T>C,p.Leu18Pro,NA,0.9530523,0.9536,0.9972,0.60872,VUS,.,1
chr10,88939662,A,C,ACTA2,c.653T>G,p.Leu218Arg,NA,0.95159364,0.99024,0.9809,0.85214,VUS,.,1
chr10,88939585,A,C,ACTA2,c.730T>G,p.Leu244Val,NA,0.7882101,0.96502,0.9898,0.90066,VUS,.,1
chr10,88938168,G,T,ACTA2,c.883C>A,p.Leu295Ile,NA,0.8243692,0.9366,0.8386,0.90102,VUS,.,1
chr10,88938168,G,C,ACTA2,c.883C>G,p.Leu295Val,NA,0.9291836,0.95396,0.8978,0.9385,VUS,.,1
chr10,88947310,A,T,ACTA2,c.206T>A,p.Leu69Gln,NA,0.9540678,0.97323,0.9983,0.86699,VUS,.,1
chr10,88943822,T,C,ACTA2,c.344A>G,p.Lys115Arg,NA,0.87037283,0.94162,0.4897,0.76137,VUS,.,1
chr10,88943821,C,G,ACTA2,c.345G>C,p.Lys115Asn,NA,0.9795395,0.88585,0.9984,0.83787,VUS,.,1
chr10,88941267,T,C,ACTA2,c.578A>G,p.Lys193Arg,NA,0.75594634,0.88679,0.2019,0.77721,VUS,.,1
chr10,88948871,C,G,ACTA2,c.60G>C,p.Lys20Asn,NA,0.9187707,0.95249,0.9997,0.7051,VUS,.,1
chr10,88939666,T,C,ACTA2,c.649A>G,p.Lys217Glu,NA,0.9347958,0.95728,0.9775,0.80925,VUS,.,1
chr10,88939595,C,A,ACTA2,c.720G>T,p.Lys240Asn*,NA,0.9419531,0.90677,0.972,0.93599,VUS,.,2
chr10,88939595,C,G,ACTA2,c.720G>C,p.Lys240Asn*,NA,0.9419531,0.90677,0.972,0.93599,Conflicting,Pathogenic(1)|Likely_pathogenic(2)|Uncertain_significance(2),1
chr10,88938062,T,G,ACTA2,c.989A>C,p.Lys330Thr,NA,0.9562119,0.9789,0.9697,0.93691,VUS,.,1
chr10,88935344,T,C,ACTA2,c.1013A>G,p.Lys338Arg,NA,0.8865279,0.95618,0.3397,0.70542,VUS,.,1
chr10,88947362,T,C,ACTA2,c.154A>G,p.Lys52Glu,NA,0.9007332,0.97624,0.9958,0.89447,VUS,.,2
chr10,88947306,C,G,ACTA2,c.210G>C,p.Lys70Asn,NA,0.86958134,0.86736,0.9703,0.81979,VUS,.,1
chr10,88947259,T,C,ACTA2,c.257A>G,p.Lys86Arg,NA,0.8353312,0.95249,0.433,0.74538,VUS,.,2
chr10,88947258,C,G,ACTA2,c.258G>C,p.Lys86Asn,NA,0.9702509,0.91198,0.9918,0.86071,VUS,.,1
chr10,88947260,T,C,ACTA2,c.256A>G,p.Lys86Glu,NA,0.9630083,0.97624,0.9903,0.88867,VUS,.,1
chr10,88943804,A,G,ACTA2,c.362T>C,p.Met121Thr,NA,0.9234407,0.9878,0.9784,0.69657,VUS,.,1
chr10,88941865,A,T,ACTA2,c.374T>A,p.Met125Lys,NA,0.98117816,0.99695,0.9978,0.83017,VUS,.,1
chr10,88941838,A,G,ACTA2,c.401T>C,p.Met134Thr,6.06004434527e-5,0.86542743,0.96688,0.562,0.62351,Conflicting,Uncertain_significance(2)|Likely_benign(2),1
chr10,88941312,A,G,ACTA2,c.533T>C,p.Met178Thr,NA,0.6881234,0.82175,0.2873,0.65603,VUS,.,1
chr10,88941269,C,G,ACTA2,c.576G>C,p.Met192Ile,NA,0.749468,0.90146,0.9242,0.68242,VUS,.,1
chr10,88941271,T,C,ACTA2,c.574A>G,p.Met192Val,3.9839050237e-6,0.7814577,0.90982,0.5451,0.65149,VUS,.,2
chr10,88939628,C,T,ACTA2,c.687G>A,p.Met229Ile,NA,0.7774494,0.89007,0.907,0.65424,VUS,.,2
chr10,88938240,T,A,ACTA2,c.811A>T,p.Met271Leu,NA,0.7827917,0.84183,0.2798,0.5972,VUS,.,1
chr10,88938196,C,A,ACTA2,c.855G>T,p.Met285Ile,NA,0.8329138,0.91112,0.9608,0.63612,VUS,.,1
chr10,88938131,A,G,ACTA2,c.920T>C,p.Met307Thr,NA,0.8960816,0.96762,0.9681,0.90058,VUS,.,1
chr10,88938132,T,C,ACTA2,c.919A>G,p.Met307Val,NA,0.8627737,0.95544,0.7572,0.9456,VUS,.,2
chr10,88938106,C,T,ACTA2,c.945G>A,p.Met315Ile,3.98444472778e-6,0.781708,0.84559,0.8063,0.67594,VUS,.,1
chr10,88947379,A,C,ACTA2,c.137T>G,p.Met46Arg,NA,0.9326922,0.97512,0.9982,0.95513,P/LP,.,1
chr10,88947378,C,A,ACTA2,c.138G>T,p.Met46Ile,NA,0.74422383,0.9484,0.9976,0.89085,P/LP,.,2
chr10,88947380,T,C,ACTA2,c.136A>G,p.Met46Val,NA,0.70995826,0.96762,0.9736,0.88539,P/LP,.,1
chr10,88947369,C,G,ACTA2,c.147G>C,p.Met49Ile,NA,0.92304265,0.94728,0.9923,0.94167,VUS,.,1
chr10,88947370,A,T,ACTA2,c.146T>A,p.Met49Lys,NA,0.9827911,0.96207,0.9909,0.96369,VUS,.,1
chr10,88947370,A,G,ACTA2,c.146T>C,p.Met49Thr,NA,0.91081727,0.96059,0.9935,0.91878,P/LP,.,2
chr10,88947371,T,C,ACTA2,c.145A>G,p.Met49Val,NA,0.92264163,0.95249,0.913,0.93458,P/LP,.,0
chr10,88947265,A,G,ACTA2,c.251T>C,p.Met84Thr,NA,0.9747112,0.99157,0.9832,0.81341,VUS,.,1
chr10,88939640,A,T,ACTA2,c.675T>A,p.Phe225Leu,NA,0.8829523,0.92787,0.9951,0.847,VUS,.,1
chr10,88948864,A,T,ACTA2,c.67T>A,p.Phe23Ile,NA,0.78638875,0.98526,0.9781,0.87453,VUS,.,1
chr10,88943892,A,G,ACTA2,c.274T>C,p.Phe92Leu,NA,0.8921921,0.95765,0.9957,0.85802,VUS,.,1
chr10,88943856,G,A,ACTA2,c.310C>T,p.Pro104Ser,NA,0.87373424,0.95728,0.6512,0.79953,VUS,.,2
chr10,88941349,G,T,ACTA2,c.496C>A,p.Pro166Thr,NA,0.95487,0.99157,0.9929,0.84167,VUS,.,2
chr10,88941325,G,A,ACTA2,c.520C>T,p.Pro174Ser,NA,0.8241696,0.93543,0.9696,0.76131,VUS,.,2
chr10,88939582,G,C,ACTA2,c.733C>G,p.Pro245Ala,NA,0.89059967,0.90501,0.9899,0.82843,VUS,.,1
chr10,88938081,G,A,ACTA2,c.970C>T,p.Pro324Ser,NA,0.8086064,0.92623,0.9757,0.61912,VUS,.,1
chr10,88935354,G,C,ACTA2,c.1003C>G,p.Pro335Ala,NA,0.79497683,0.94276,0.5632,0.86643,VUS,.,2
chr10,88935353,G,A,ACTA2,c.1004C>T,p.Pro335Leu,NA,0.93257135,0.94765,0.9061,0.76496,VUS,.,1
chr10,88935354,G,T,ACTA2,c.1003C>A,p.Pro335Thr,NA,0.9342843,0.95396,0.8643,0.87413,VUS,.,1
chr10,88948830,G,A,ACTA2,c.101C>T,p.Pro34Leu,NA,0.9244758,0.97965,0.9807,0.91623,VUS,.,1
chr10,88947301,G,A,ACTA2,c.215C>T,p.Pro72Leu,NA,0.9069076,0.94765,0.998,0.89273,Conflicting,Likely_pathogenic(2)|Uncertain_significance(3),1
chr10,88948885,A,G,ACTA2,c.46T>C,p.Ser16Pro,NA,0.98558587,0.98041,0.9975,0.66817,P/LP,.,1
chr10,88939605,G,T,ACTA2,c.710C>A,p.Ser237Tyr,NA,0.88298035,0.86078,0.8479,0.87827,VUS,.,1
chr10,88939593,C,T,ACTA2,c.722G>A,p.Ser241Asn,NA,0.53973883,0.80128,0.5228,0.35042,VUS,.,2
chr10,88948828,A,G,ACTA2,c.103T>C,p.Ser35Pro,NA,0.9488044,0.98955,0.99,0.83712,VUS,.,1
chr10,88948827,G,T,ACTA2,c.104C>A,p.Ser35Tyr,NA,0.9606503,0.96096,0.9965,0.93964,VUS,.,1
chr10,88935248,G,C,ACTA2,c.1109C>G,p.Ser370Cys,7.96045247212e-6,0.862039,0.92046,0.5468,0.71907,VUS,.,2
chr10,88935248,G,T,ACTA2,c.1109C>A,p.Ser370Tyr,NA,0.801242,0.91498,0.9614,0.85925,VUS,.,1
chr10,88947331,C,G,ACTA2,c.185G>C,p.Ser62Thr,NA,0.8685486,0.92294,0.7207,0.77993,VUS,.,1
chr10,88948911,C,T,ACTA2,c.20G>A,p.Ser7Asn,NA,0.3951274,0.67142,0.1218,0.06837,VUS,.,1
chr10,88948912,T,C,ACTA2,c.19A>G,p.Ser7Gly,3.98647786707e-6,0.33078843,0.71946,0.0796,0.52103,VUS,.,1
chr10,88943852,G,A,ACTA2,c.314C>T,p.Thr105Ile,NA,0.44020194,0.78971,0.1552,0.04007,VUS,.,1
chr10,88943843,G,A,ACTA2,c.323C>T,p.Thr108Met,3.98263570831e-6,0.9157534,0.96317,0.9969,0.86117,VUS,.,2
chr10,88941790,G,T,ACTA2,c.449C>A,p.Thr150Lys,NA,0.96900976,0.98672,0.9965,0.96615,VUS,.,1
chr10,88941787,G,T,ACTA2,c.452C>A,p.Thr151Asn,NA,0.9393159,0.96576,0.9896,0.6914,VUS,.,1
chr10,88941282,G,A,ACTA2,c.563C>T,p.Thr188Ile,3.98393676696e-6,0.95923674,0.96428,0.9995,0.76403,VUS,.,2
chr10,88941259,T,A,ACTA2,c.586A>T,p.Thr196Ser,NA,0.70792377,0.84291,0.6085,0.62969,VUS,.,1
chr10,88941234,G,A,ACTA2,c.611C>T,p.Thr204Ile,NA,0.89225495,0.96614,0.9995,0.91131,Conflicting,Pathogenic(1)|Uncertain_significance(1),1
chr10,88941232,T,C,ACTA2,c.613A>G,p.Thr205Ala,NA,0.78073674,0.92623,0.8306,0.7151,VUS,.,1
chr10,88939624,T,C,ACTA2,c.691A>G,p.Thr231Ala,NA,0.59806174,0.81717,0.1313,0.73256,VUS,.,2
chr10,88939531,T,C,ACTA2,c.784A>G,p.Thr262Ala,NA,0.4030986,0.73372,0.1354,0.01414,VUS,.,2
chr10,88938216,T,C,ACTA2,c.835A>G,p.Thr279Ala,NA,0.8364777,0.84345,0.1428,0.757,VUS,.,1
chr10,88938137,G,A,ACTA2,c.914C>T,p.Thr305Ile,NA,0.9214745,0.88632,0.9965,0.86324,VUS,.,1
chr10,88938135,T,C,ACTA2,c.916A>G,p.Thr306Ala,NA,0.942191,0.95581,0.8786,0.694,VUS,.,2
chr10,88938134,G,T,ACTA2,c.917C>A,p.Thr306Asn,3.98307987668e-6,0.96839225,0.90056,0.9809,0.86865,VUS,.,1
chr10,88938092,G,A,ACTA2,c.959C>T,p.Thr320Met,4.25040555953e-5,0.878733,0.90191,0.2167,0.79834,VUS,.,2
chr10,88938093,T,G,ACTA2,c.958A>C,p.Thr320Pro,NA,0.98443735,0.92988,0.9474,0.94975,VUS,.,1
chr10,88938075,T,C,ACTA2,c.976A>G,p.Thr326Ala,3.98609649542e-6,0.6773003,0.74657,0.4617,0.77374,VUS,.,1
chr10,88938074,G,T,ACTA2,c.977C>A,p.Thr326Asn,5.97881109348e-5,0.76726866,0.786,0.6781,0.75729,VUS,.,2
chr10,88935299,G,T,ACTA2,c.1058C>A,p.Thr353Asn,NA,0.94189,0.9192,0.9783,0.79389,VUS,.,1
chr10,88935299,G,A,ACTA2,c.1058C>T,p.Thr353Ile,NA,0.8864394,0.93425,0.9986,0.79433,VUS,.,1
chr10,88947313,G,A,ACTA2,c.203C>T,p.Thr68Ile,3.18613394507e-5,0.6344084,0.96539,0.9442,0.90887,VUS,.,2
chr10,88947280,G,A,ACTA2,c.236C>T,p.Thr79Ile,NA,0.9517761,0.96985,0.8997,0.92522,VUS,.,1
chr10,88935285,A,G,ACTA2,c.1072T>C,p.Trp358Arg,NA,0.9800756,0.9974,0.9995,0.69997,VUS,.,1
chr10,88943904,A,G,ACTA2,c.262T>C,p.Trp88Arg,NA,0.9723938,0.99463,0.9999,0.6625,VUS,.,1
chr10,88941835,T,C,ACTA2,c.404A>G,p.Tyr135Cys,NA,0.93569463,0.99571,0.9643,0.76721,Conflicting,Likely_pathogenic(1)|Uncertain_significance(1),1
chr10,88941836,A,G,ACTA2,c.403T>C,p.Tyr135His,2.00654937717e-5,0.8917729,0.99463,0.99,0.67077,VUS,.,2
chr10,88941334,A,T,ACTA2,c.511T>A,p.Tyr171Asn,NA,0.8875015,0.96317,0.9834,0.78873,VUS,.,1
chr10,88941333,T,C,ACTA2,c.512A>G,p.Tyr171Cys,NA,0.83839333,0.99405,0.9646,0.69739,VUS,.,1
chr10,88941276,T,G,ACTA2,c.569A>C,p.Tyr190Ser,NA,0.9506343,0.9536,0.6493,0.42508,VUS,.,2
chr10,88947304,T,C,ACTA2,c.212A>G,p.Tyr71Cys,NA,0.9395421,0.99597,0.9876,0.7645,VUS,.,1
chr10,88941833,C,A,ACTA2,c.406G>T,p.Val136Leu,NA,0.79237276,0.90011,0.912,0.8188,VUS,.,1
chr10,88941833,C,T,ACTA2,c.406G>A,p.Val136Met,NA,0.79287094,0.97135,0.9454,0.766,VUS,.,1
chr10,88941384,A,G,ACTA2,c.461T>C,p.Val154Ala,NA,0.8208084,0.99376,0.9829,0.6933,VUS,.,1
chr10,88941385,C,T,ACTA2,c.460G>A,p.Val154Met,3.98358761901e-6,0.74652016,0.97662,0.9963,0.77266,VUS,.,2
chr10,88941363,A,G,ACTA2,c.482T>C,p.Val161Ala,NA,0.8143101,0.98563,0.9848,0.73274,Conflicting,Likely_pathogenic(1)|Uncertain_significance(2),1
chr10,88941363,A,T,ACTA2,c.482T>A,p.Val161Asp,NA,0.9751848,0.99718,0.9981,0.95295,VUS,.,1
chr10,88941364,C,T,ACTA2,c.481G>A,p.Val161Ile,NA,0.6190753,0.88252,0.6349,0.7797,VUS,.,1
chr10,88941352,C,T,ACTA2,c.493G>A,p.Val165Ile,NA,0.6787652,0.92087,0.6257,0.70316,VUS,.,1
chr10,88941238,C,T,ACTA2,c.607G>A,p.Val203Ile,2.39110508907e-5,0.3423346,0.75687,0.2685,0.42938,VUS,.,2
chr10,88939683,A,T,ACTA2,c.632T>A,p.Val211Asp,NA,0.97785157,0.96317,0.9993,0.9415,VUS,.,1
chr10,88939684,C,T,ACTA2,c.631G>A,p.Val211Ile,NA,0.55890155,0.76881,0.5197,0.6914,VUS,.,1
chr10,88938153,C,T,ACTA2,c.898G>A,p.Val300Ile,NA,0.584998,0.84773,0.3925,0.56522,VUS,.,1
chr10,88935242,A,G,ACTA2,c.1115T>C,p.Val372Ala,NA,0.883959,0.94877,0.9881,0.77993,VUS,.,1
chr10,88947382,A,G,ACTA2,c.134T>C,p.Val45Ala,NA,0.47518176,0.95063,0.9692,0.7998,VUS,.,1
chr10,88947383,C,A,ACTA2,c.133G>T,p.Val45Leu,NA,0.44721496,0.9366,0.9509,0.77191,P/LP,.,1
chr10,88947377,C,T,ACTA2,c.139G>A,p.Val47Met,NA,0.38538814,0.93306,0.981,0.78308,VUS,.,2
chr10,88947350,C,T,ACTA2,c.166G>A,p.Val56Met,NA,0.7122099,0.94238,0.9934,0.88367,VUS,.,2
