chrom,pos,ref_base,alt_base,base__gene,base__cchange,base__achange,gnomad__af,VEP_varity_r,VEP_revel__score,VEP_alphamissense__pathogenicity,VEP_esm1b__score,clinvar,conf,stars
chr7,5529201,G,T,ACTB,c.323C>A,p.Ala108Asp,NA,0.9905261,0.99597,0.999,0.99002,P/LP,.,1
chr7,5529201,G,A,ACTB,c.323C>T,p.Ala108Val,NA,0.93154776,0.98599,0.98740000000000006,0.86676,VUS,.,1
chr7,5528653,C,T,ACTB,c.430G>A,p.Ala144Thr,NA,0.9078045,0.96762,0.9952,0.81214,P/LP,.,1
chr7,5528472,G,C,ACTB,c.611C>G,p.Ala204Gly,NA,0.9671445,0.97814,0.9628,0.65043,P/LP,.,1
chr7,5528424,G,A,ACTB,c.659C>T,p.Ala220Val,NA,0.8705944,0.97662,0.9785,0.85995,VUS,.,1
chr7,5529594,C,T,ACTB,c.64G>A,p.Ala22Thr,NA,0.9230239,0.87332,0.9924,0.91483,P/LP,.,1
chr7,5529593,G,A,ACTB,c.65C>T,p.Ala22Val,NA,0.9702105,0.96688,0.9966,0.93667,VUS,.,1
chr7,5528304,G,T,ACTB,c.779C>A,p.Ala260Glu,NA,0.9684672,0.8882,0.9947,0.97003,P/LP,.,1
chr7,5529582,C,G,ACTB,c.76G>C,p.Ala26Pro,NA,0.98206836,0.82403,0.998,0.88081,VUS,.,1
chr7,5528033,C,A,ACTB,c.955G>T,p.Ala319Ser,3.97658586244e-6,0.7973702,0.62729,0.0865,0.67666,VUS,.,1
chr7,5528033,C,T,ACTB,c.955G>A,p.Ala319Thr,NA,0.77080643,0.72328,0.1807,0.56565,VUS,.,1
chr7,5529351,G,A,ACTB,c.173C>T,p.Ala58Val,NA,0.92012376,0.96725,0.9956,0.7563,VUS,.,1
chr7,5529639,C,T,ACTB,c.19G>A,p.Ala7Thr,NA,0.7455937,0.8131,0.9182,0.86178,P/LP,.,2
chr7,5529638,G,A,ACTB,c.20C>T,p.Ala7Val,NA,0.80265296,0.80486,0.9539,0.93063,VUS,.,1
chr7,5528644,G,A,ACTB,c.439C>T,p.Arg147Cys,NA,0.9332327,0.96651,0.9959,0.74603,P/LP,.,2
chr7,5528643,C,T,ACTB,c.440G>A,p.Arg147His,NA,0.8963289,0.98955,0.9946,0.71962,VUS,.,1
chr7,5528644,G,T,ACTB,c.439C>A,p.Arg147Ser,NA,0.98756987,0.95728,0.9996,0.86722,P/LP,.,1
chr7,5528535,C,T,ACTB,c.548G>A,p.Arg183Gln,NA,0.9508416,0.93816,0.9841,0.74663,Conflicting,Likely_pathogenic(1)|Uncertain_significance(1),1
chr7,5528536,G,C,ACTB,c.547C>G,p.Arg183Gly,NA,0.98605937,0.95691,0.9833,0.8178,P/LP,.,1
chr7,5528536,G,A,ACTB,c.547C>T,p.Arg183Trp,NA,0.9424337,0.9547,0.9942,0.83617,P/LP,.,2
chr7,5528497,G,A,ACTB,c.586C>T,p.Arg196Cys,NA,0.9125709,0.96725,0.9932,0.89734,P/LP,.,2
chr7,5528497,G,C,ACTB,c.586C>G,p.Arg196Gly,NA,0.9740502,0.90721,0.9779,0.9121,P/LP,.,1
chr7,5528496,C,T,ACTB,c.587G>A,p.Arg196His,NA,0.9533387,0.94123,0.9741,0.85388,P/LP,.,2
chr7,5528496,C,A,ACTB,c.587G>T,p.Arg196Leu,NA,0.975106,0.96614,0.9938,0.93037,P/LP,.,2
chr7,5528497,G,T,ACTB,c.586C>A,p.Arg196Ser,NA,0.97423244,0.90982,0.9953,0.91019,P/LP,.,0
chr7,5528466,C,T,ACTB,c.617G>A,p.Arg206Gln,NA,0.924118,0.94803,0.9226,0.87346,P/LP,.,2
chr7,5528467,G,C,ACTB,c.616C>G,p.Arg206Gly,NA,0.98026824,0.95655,0.9867,0.88808,P/LP,.,1
chr7,5528467,G,A,ACTB,c.616C>T,p.Arg206Trp,NA,0.93768376,0.96465,0.975,0.89327,P/LP,.,2
chr7,5528455,G,A,ACTB,c.628C>T,p.Arg210Cys,NA,0.92488295,0.99253,0.9846,0.77403,P/LP,.,1
chr7,5528454,C,T,ACTB,c.629G>A,p.Arg210His,NA,0.9742668,0.98003,0.9815,0.8062,P/LP,.,2
chr7,5529575,C,T,ACTB,c.83G>A,p.Arg28Gln,NA,0.8573241,0.73879,0.9832,0.70166,Conflicting,Pathogenic(1)|Likely_pathogenic(1)|Uncertain_significance(1),1
chr7,5529576,G,C,ACTB,c.82C>G,p.Arg28Gly,NA,0.92226774,0.88157,0.9869,0.82497,Conflicting,Likely_pathogenic(2)|Uncertain_significance(1),1
chr7,5528120,G,A,ACTB,c.868C>T,p.Arg290Cys,NA,0.9345346,0.98526,0.993,0.71597,P/LP,.,1
chr7,5527873,G,A,ACTB,c.1003C>T,p.Arg335Cys,NA,0.9771463,0.96836,0.9976,0.76137,P/LP,.,1
chr7,5527872,C,T,ACTB,c.1004G>A,p.Arg335His,NA,0.92263037,0.94579,0.9983,0.8223,P/LP,.,1
chr7,5527872,C,G,ACTB,c.1004G>C,p.Arg335Pro,NA,0.9930207,0.99221,0.9991,0.86532,VUS,.,1
chr7,5527762,G,A,ACTB,c.1114C>T,p.Arg372Cys,3.97693378405e-6,0.9325767,0.94803,0.9876,0.71778,VUS,.,1
chr7,5527761,C,T,ACTB,c.1115G>A,p.Arg372His,NA,0.92080164,0.9536,0.9628,0.61186,VUS,.,2
chr7,5529193,T,C,ACTB,c.331A>G,p.Asn111Asp,NA,0.99399525,0.95175,0.9984,0.98053,P/LP,.,0
chr7,5529192,T,C,ACTB,c.332A>G,p.Asn111Ser,NA,0.973867,0.94276,0.9417,0.88427,P/LP,.,0
chr7,5528700,T,G,ACTB,c.383A>C,p.Asn128Thr,NA,0.9665772,0.8896,0.4211,0.75277,VUS,.,1
chr7,5529624,T,C,ACTB,c.34A>G,p.Asn12Asp,NA,0.988636,0.94466,0.9831,0.90125,P/LP,.,0
chr7,5529624,T,G,ACTB,c.34A>C,p.Asn12His,NA,0.974257,0.98304,0.9802,0.8874,P/LP,.,0
chr7,5529623,T,C,ACTB,c.35A>G,p.Asn12Ser,NA,0.88946795,0.86435,0.4496,0.7517,VUS,.,1
chr7,5528329,T,C,ACTB,c.754A>G,p.Asn252Asp,NA,0.95681274,0.94238,0.7267,0.95496,VUS,.,1
chr7,5528328,T,C,ACTB,c.755A>G,p.Asn252Ser,NA,0.8937823,0.74518,0.1995,0.54804,VUS,.,1
chr7,5528149,T,G,ACTB,c.839A>C,p.Asn280Thr,NA,0.9680265,0.91371,0.2368,0.74413,VUS,.,2
chr7,5528102,T,C,ACTB,c.886A>G,p.Asn296Asp,NA,0.95791465,0.9878,0.986,0.90537,VUS,.,1
chr7,5528100,G,C,ACTB,c.888C>G,p.Asn296Lys,NA,0.956441,0.92087,0.9978,0.88761,P/LP,.,1
chr7,5529249,T,C,ACTB,c.275A>G,p.Asn92Ser,NA,0.96306753,0.84932,0.7647,0.78032,VUS,.,1
chr7,5528546,G,C,ACTB,c.537C>G,p.Asp179Glu,NA,0.92134523,0.84719,0.9726,0.77562,VUS,.,2
chr7,5528548,C,G,ACTB,c.535G>C,p.Asp179His,NA,0.96782595,0.97965,0.9939,0.83104,VUS,.,1
chr7,5528532,T,G,ACTB,c.551A>C,p.Asp184Ala,NA,0.9795045,0.97286,0.984,0.82189,VUS,.,1
chr7,5528522,G,C,ACTB,c.561C>G,p.Asp187Glu,NA,0.9246375,0.80664,0.5996,0.68849,VUS,.,1
chr7,5528417,G,C,ACTB,c.666C>G,p.Asp222Glu,NA,0.9609655,0.96391,0.8214,0.83572,VUS,.,0
chr7,5529588,C,T,ACTB,c.70G>A,p.Asp24Asn,NA,0.9137696,0.80664,0.9938,0.81621,P/LP,.,2
chr7,5529585,C,T,ACTB,c.73G>A,p.Asp25Asn,NA,0.87944824,0.81135,0.9968,0.85007,P/LP,.,1
chr7,5528114,C,T,ACTB,c.874G>A,p.Asp292Asn,NA,0.93628794,0.89741,0.9786,0.93178,VUS,.,1
chr7,5528112,G,T,ACTB,c.876C>A,p.Asp292Glu,NA,0.95080054,0.86786,0.8141,0.54839,VUS,.,1
chr7,5529654,C,A,ACTB,c.4G>T,p.Asp2Tyr,NA,0.9013867,0.87917,0.8049,0.82709,P/LP,.,1
chr7,5529653,T,A,ACTB,c.5A>T,p.Asp2Val,NA,0.96278113,0.86786,0.6886,0.6233,VUS,.,2
chr7,5528057,C,T,ACTB,c.931G>A,p.Asp311Asn,NA,0.7206729,0.88061,0.8501,0.83692,VUS,.,1
chr7,5528057,C,G,ACTB,c.931G>C,p.Asp311His,NA,0.81341875,0.93931,0.9807,0.94657,P/LP,.,0
chr7,5529358,C,T,ACTB,c.166G>A,p.Asp56Asn,NA,0.9238713,0.78163,0.9848,0.82724,P/LP,.,1
chr7,5529358,C,A,ACTB,c.166G>T,p.Asp56Tyr,NA,0.9714495,0.90633,0.9953,0.9159,P/LP,.,1
chr7,5529284,G,C,ACTB,c.240C>G,p.Asp80Glu,NA,0.958126,0.88109,0.9025,0.72918,VUS,.,1
chr7,5528313,C,T,ACTB,c.770G>A,p.Cys257Tyr,NA,0.98070246,0.96502,0.999,0.74443,VUS,.,1
chr7,5528174,A,G,ACTB,c.814T>C,p.Cys272Arg,NA,0.9159748,0.83636,0.8271,0.77157,P/LP,.,1
chr7,5527755,C,T,ACTB,c.1121G>A,p.Cys374Tyr,NA,0.77975047,0.9949,0.9984,0.84428,VUS,.,1
chr7,5528672,C,A,ACTB,c.411G>T,p.Gln137His,NA,0.95907426,0.96873,0.9992,0.89963,P/LP,.,0
chr7,5528410,G,C,ACTB,c.673C>G,p.Gln225Glu,NA,0.8103313,0.74727,0.1929,0.88142,VUS,.,1
chr7,5527818,T,G,ACTB,c.1058A>C,p.Gln353Pro,NA,0.9833929,0.98563,0.8977,0.84992,VUS,.,1
chr7,5529173,C,A,ACTB,c.351G>T,p.Glu117Asp,NA,0.9679957,0.90146,0.9969,0.76583,P/LP,.,1
chr7,5529175,C,T,ACTB,c.349G>A,p.Glu117Lys,NA,0.9639834,0.99518,0.9991,0.74597,P/LP,.,1
chr7,5529174,T,A,ACTB,c.350A>T,p.Glu117Val,NA,0.9716097,0.99463,0.9985,0.82538,P/LP,.,0
chr7,5528710,C,T,ACTB,c.373G>A,p.Glu125Lys,NA,0.9580027,0.99376,0.9993,0.72918,VUS,.,1
chr7,5528500,C,G,ACTB,c.583G>C,p.Glu195Gln,NA,0.8848732,0.89559,0.9661,0.88142,VUS,.,1
chr7,5528500,C,T,ACTB,c.583G>A,p.Glu195Lys,NA,0.8923112,0.89053,0.9947,0.82776,P/LP,.,1
chr7,5528413,C,G,ACTB,c.670G>C,p.Glu224Gln,NA,0.836176,0.92948,0.6505,0.79664,VUS,.,1
chr7,5528362,C,T,ACTB,c.721G>A,p.Glu241Lys,NA,0.94634145,0.94877,0.9893,0.80479,Conflicting,Likely_pathogenic(1)|Uncertain_significance(1),1
chr7,5528178,C,G,ACTB,c.810G>C,p.Glu270Asp,NA,0.94278663,0.80723,0.8502,0.73683,VUS,.,1
chr7,5528160,T,G,ACTB,c.828A>C,p.Glu276Asp,NA,0.9529963,0.8743,0.5914,0.68427,VUS,.,1
chr7,5528162,C,T,ACTB,c.826G>A,p.Glu276Lys,NA,0.9273851,0.86384,0.9169,0.74829,P/LP,.,2
chr7,5527795,C,T,ACTB,c.1081G>A,p.Glu361Lys,NA,0.95999914,0.98636,0.998,0.90397,VUS,.,0
chr7,5527786,C,T,ACTB,c.1090G>A,p.Glu364Lys,NA,0.9208122,0.96873,0.9965,0.75571,Conflicting,Pathogenic(1)|Uncertain_significance(1),0
chr7,5529354,T,G,ACTB,c.170A>C,p.Glu57Ala,NA,0.95589745,0.94353,0.9896,0.76485,VUS,.,1
chr7,5529355,C,T,ACTB,c.169G>A,p.Glu57Lys,NA,0.9303878,0.94877,0.9985,0.76882,VUS,.,2
chr7,5529309,T,C,ACTB,c.215A>G,p.Glu72Gly,NA,0.9660224,0.9899,0.9699,0.8042,P/LP,.,1
chr7,5529310,C,T,ACTB,c.214G>A,p.Glu72Lys,NA,0.9468379,0.9366,0.9914,0.91825,P/LP,.,1
chr7,5529275,C,G,ACTB,c.249G>C,p.Glu83Asp,NA,0.9812149,0.92868,0.9964,0.88531,VUS,.,1
chr7,5529247,C,G,ACTB,c.277G>C,p.Glu93Gln,NA,0.9685065,0.98341,0.9896,0.89319,VUS,.,1
chr7,5528646,C,G,ACTB,c.437G>C,p.Gly146Ala,NA,0.9803492,0.99904,0.9972,0.77374,P/LP,.,0
chr7,5528646,C,T,ACTB,c.437G>A,p.Gly146Asp,NA,0.97973573,0.99982,1,0.8637,P/LP,.,0
chr7,5528647,C,T,ACTB,c.436G>A,p.Gly146Ser,NA,0.9834094,0.9989,0.9989,0.81706,P/LP,.,0
chr7,5528646,C,A,ACTB,c.437G>T,p.Gly146Val,NA,0.98504674,0.99931,0.9999,0.84433,P/LP,.,0
chr7,5529614,C,G,ACTB,c.44G>C,p.Gly15Ala,NA,0.9662788,0.90721,0.9766,0.88509,VUS,.,1
chr7,5528494,C,T,ACTB,c.589G>A,p.Gly197Ser,NA,0.9655707,0.96799,0.9814,0.8921,P/LP,.,2
chr7,5529599,C,T,ACTB,c.59G>A,p.Gly20Asp,NA,0.97242326,0.94989,0.9999,0.96084,VUS,.,1
chr7,5529590,C,T,ACTB,c.68G>A,p.Gly23Asp,NA,0.93279773,0.94803,0.9994,0.68881,VUS,.,1
chr7,5528350,C,T,ACTB,c.733G>A,p.Gly245Ser,NA,0.9567773,0.85511,0.974,0.67064,Conflicting,Likely_pathogenic(1)|Uncertain_significance(1),1
chr7,5528281,C,G,ACTB,c.802G>C,p.Gly268Arg,NA,0.96604306,0.98341,0.9967,0.8656,P/LP,.,0
chr7,5528281,C,A,ACTB,c.802G>T,p.Gly268Cys,NA,0.9748787,0.98452,0.9837,0.78229,P/LP,.,1
chr7,5528083,C,G,ACTB,c.905G>C,p.Gly302Ala,NA,0.9237368,0.95691,0.9922,0.87214,P/LP,.,1
chr7,5527848,C,T,ACTB,c.1028G>A,p.Gly343Asp,NA,0.98609793,0.97097,1,0.90883,VUS,.,1
chr7,5529399,C,G,ACTB,c.125G>C,p.Gly42Ala,NA,0.8821107,0.86886,0.835,0.94526,VUS,.,1
chr7,5529400,C,T,ACTB,c.124G>A,p.Gly42Ser,NA,0.8565536,0.87576,0.8799,0.89818,Conflicting,Likely_pathogenic(2)|Uncertain_significance(1),1
chr7,5529388,C,G,ACTB,c.136G>C,p.Gly46Arg,NA,0.950112,0.94276,0.9993,0.87164,VUS,.,1
chr7,5529381,C,T,ACTB,c.143G>A,p.Gly48Asp,NA,0.85926527,0.83526,0.977,0.94109,Conflicting,Likely_pathogenic(1)|Uncertain_significance(1),1
chr7,5529382,C,A,ACTB,c.142G>T,p.Gly48Cys,NA,0.9646203,0.93464,0.9831,0.93724,P/LP,.,1
chr7,5529304,C,A,ACTB,c.220G>T,p.Gly74Cys,NA,0.97380406,0.99253,0.9994,0.89202,P/LP,.,1
chr7,5529304,C,T,ACTB,c.220G>A,p.Gly74Ser,NA,0.9640813,0.99647,0.9977,0.8243,P/LP,.,2
chr7,5529223,G,A,ACTB,c.301C>T,p.His101Tyr,NA,0.9881621,0.98816,0.8837,0.86098,VUS,.,2
chr7,5528163,G,C,ACTB,c.825C>G,p.His275Gln,NA,0.9486235,0.89376,0.7455,0.69475,VUS,.,1
chr7,5527764,T,C,ACTB,c.1112A>G,p.His371Arg,NA,0.97452646,0.99058,0.996,0.81932,P/LP,.,1
chr7,5527765,G,A,ACTB,c.1111C>T,p.His371Tyr,NA,0.9553416,0.98341,0.9739,0.78555,VUS,.,1
chr7,5529538,G,C,ACTB,c.120C>G,p.His40Gln,NA,0.92757255,0.79217,0.9223,0.9121,VUS,.,1
chr7,5529540,G,A,ACTB,c.118C>T,p.His40Tyr,NA,0.90101904,0.78786,0.757,0.77584,P/LP,.,2
chr7,5529307,G,C,ACTB,c.217C>G,p.His73Asp,NA,0.9912292,0.99157,0.996,0.97064,P/LP,.,1
chr7,5529305,G,C,ACTB,c.219C>G,p.His73Gln,NA,0.98662776,0.8965,0.9882,0.8656,P/LP,.,1
chr7,5529307,G,A,ACTB,c.217C>T,p.His73Tyr,NA,0.98653203,0.98708,0.9626,0.85863,P/LP,.,2
chr7,5529265,G,C,ACTB,c.259C>G,p.His87Asp,NA,0.98972857,0.98192,0.998,0.98799,P/LP,.,1
chr7,5529265,G,A,ACTB,c.259C>T,p.His87Tyr,NA,0.9805149,0.97624,0.9012,0.86216,VUS,.,1
chr7,5528677,T,C,ACTB,c.406A>G,p.Ile136Val,NA,0.9035619,0.90895,0.4855,0.83612,VUS,.,1
chr7,5528588,G,C,ACTB,c.495C>G,p.Ile165Met,NA,0.9848787,0.94616,0.9848,0.9394,P/LP,.,1
chr7,5528508,A,T,ACTB,c.575T>A,p.Ile192Asn,NA,0.9685365,0.97474,0.9558,0.91135,VUS,.,1
chr7,5528449,T,C,ACTB,c.634A>G,p.Ile212Val,7.96133973425e-6,0.7083105,0.85196,0.1762,0.72322,VUS,.,1
chr7,5528168,T,C,ACTB,c.820A>G,p.Ile274Val,NA,0.60974616,0.83582,0.1232,0.59526,VUS,.,1
chr7,5528123,T,C,ACTB,c.865A>G,p.Ile289Val,NA,0.6837181,0.77847,0.5571,0.77157,VUS,.,1
chr7,5528061,A,C,ACTB,c.927T>G,p.Ile309Met,NA,0.92330855,0.86786,0.2472,0.67239,VUS,.,1
chr7,5528063,T,A,ACTB,c.925A>T,p.Ile309Phe,NA,0.92168456,0.89966,0.5851,0.91753,VUS,.,1
chr7,5527855,T,G,ACTB,c.1021A>C,p.Ile341Leu,NA,0.93186873,0.89145,0.9675,0.87028,VUS,.,1
chr7,5527855,T,C,ACTB,c.1021A>G,p.Ile341Val,NA,0.7388471,0.86181,0.9248,0.77162,Conflicting,Likely_pathogenic(1)|Uncertain_significance(1),1
chr7,5529311,G,C,ACTB,c.213C>G,p.Ile71Met,NA,0.9022019,0.88679,0.6617,0.62134,VUS,.,1
chr7,5529299,G,C,ACTB,c.225C>G,p.Ile75Met,NA,0.9535407,0.87771,0.7877,0.84968,VUS,.,1
chr7,5529300,A,G,ACTB,c.224T>C,p.Ile75Thr,NA,0.96848506,0.99518,0.9721,0.81389,P/LP,.,1
chr7,5529195,A,C,ACTB,c.329T>G,p.Leu110Arg,NA,0.97777236,0.9899,0.9583,0.93281,VUS,.,1
chr7,5529196,G,C,ACTB,c.328C>G,p.Leu110Val,NA,0.9577441,0.92087,0.8802,0.86398,P/LP,.,1
chr7,5528572,G,A,ACTB,c.511C>T,p.Leu171Phe,NA,0.94989365,0.98341,0.9921,0.85778,P/LP,.,2
chr7,5528556,A,G,ACTB,c.527T>C,p.Leu176Pro,NA,0.9949397,0.95581,0.9976,0.84915,P/LP,.,1
chr7,5528530,G,C,ACTB,c.553C>G,p.Leu185Val,NA,0.98245126,0.95581,0.4984,0.91254,VUS,.,1
chr7,5527831,G,C,ACTB,c.1045C>G,p.Leu349Val,NA,0.9561679,0.96502,0.9936,0.79691,P/LP,.,1
chr7,5529331,G,A,ACTB,c.193C>T,p.Leu65Phe,NA,0.9825262,0.9989,0.9989,0.86347,P/LP,.,2
chr7,5529331,G,C,ACTB,c.193C>G,p.Leu65Val,NA,0.98007387,0.98816,0.9779,0.87269,P/LP,.,0
chr7,5529636,G,C,ACTB,c.22C>G,p.Leu8Val,NA,0.70762473,0.77206,0.1666,0.72341,VUS,.,1
chr7,5528438,C,A,ACTB,c.645G>T,p.Lys215Asn,NA,0.96418864,0.94315,0.971,0.76594,VUS,.,1
chr7,5529374,C,G,ACTB,c.150G>C,p.Lys50Asn,NA,0.96852356,0.84183,0.9988,0.85074,P/LP,.,1
chr7,5529274,T,C,ACTB,c.250A>G,p.Lys84Glu,NA,0.9896186,0.96391,0.9923,0.90541,VUS,.,1
chr7,5529168,A,G,ACTB,c.356T>C,p.Met119Thr,NA,0.9748854,0.99874,0.9836,0.72304,P/LP,.,1
chr7,5529169,T,C,ACTB,c.355A>G,p.Met119Val,NA,0.9818096,0.97738,0.9621,0.78049,P/LP,.,1
chr7,5528714,C,T,ACTB,c.369G>A,p.Met123Ile,NA,0.9760553,0.95839,0.9373,0.71182,VUS,.,1
chr7,5528716,T,C,ACTB,c.367A>G,p.Met123Val,NA,0.9584449,0.9617,0.57,0.65497,P/LP,.,1
chr7,5528625,A,C,ACTB,c.458T>G,p.Met153Arg,NA,0.99085605,0.96391,0.992,0.67207,VUS,.,1
chr7,5528140,A,G,ACTB,c.848T>C,p.Met283Thr,NA,0.9580186,0.97624,0.8378,0.72972,VUS,.,1
chr7,5528074,A,G,ACTB,c.914T>C,p.Met305Thr,NA,0.96642315,0.99124,0.9677,0.90887,VUS,.,1
chr7,5529392,C,T,ACTB,c.132G>A,p.Met44Ile,NA,0.93295884,0.84183,0.9968,0.92584,VUS,.,0
chr7,5529383,C,T,ACTB,c.141G>A,p.Met47Ile,NA,0.93206733,0.80247,0.9892,0.95793,P/LP,.,1
chr7,5529384,A,G,ACTB,c.140T>C,p.Met47Thr,NA,0.9751344,0.93425,0.9881,0.92833,VUS,.,1
chr7,5529278,C,T,ACTB,c.246G>A,p.Met82Ile,NA,0.98127925,0.99091,0.9869,0.7608,VUS,.,1
chr7,5528485,A,C,ACTB,c.598T>G,p.Phe200Val,NA,0.9864225,0.99434,0.99,0.94353,P/LP,.,1
chr7,5528415,A,G,ACTB,c.668T>C,p.Phe223Ser,NA,0.97444427,0.98563,0.9912,0.85205,VUS,.,1
chr7,5528297,G,T,ACTB,c.786C>A,p.Phe262Leu,NA,0.97402465,0.96985,0.9971,0.74923,VUS,.,1
chr7,5529199,G,A,ACTB,c.325C>T,p.Pro109Ser,NA,0.9842743,0.92705,0.9974,0.85773,P/LP,.,2
chr7,5528694,G,C,ACTB,c.389C>G,p.Pro130Arg,NA,0.9408101,0.99671,0.9655,0.94324,VUS,.,1
chr7,5528694,G,A,ACTB,c.389C>T,p.Pro130Leu,NA,0.93379027,0.99695,0.9769,0.87264,VUS,.,1
chr7,5528592,G,T,ACTB,c.491C>A,p.Pro164His,NA,0.96530646,0.98526,0.9998,0.84236,P/LP,.,1
chr7,5528593,G,A,ACTB,c.490C>T,p.Pro164Ser,NA,0.9598579,0.96799,0.9966,0.67865,Conflicting,Pathogenic(1)|Uncertain_significance(1),1
chr7,5528568,G,C,ACTB,c.515C>G,p.Pro172Arg,NA,0.96751195,0.96539,0.9894,0.93734,VUS,.,1
chr7,5528355,G,A,ACTB,c.728C>T,p.Pro243Leu,NA,0.9352088,0.92501,0.995,0.82771,VUS,.,1
chr7,5528311,G,C,ACTB,c.772C>G,p.Pro258Ala,NA,0.9219372,0.89145,0.5759,0.7699,VUS,.,1
chr7,5528310,G,A,ACTB,c.773C>T,p.Pro258Leu,NA,0.96592206,0.92868,0.9805,0.756,P/LP,.,2
chr7,5528292,G,T,ACTB,c.791C>A,p.Pro264His,NA,0.9665435,0.93699,0.9957,0.90557,P/LP,.,1
chr7,5528069,G,A,ACTB,c.919C>T,p.Pro307Ser,NA,0.8620162,0.95691,0.3791,0.74073,VUS,.,1
chr7,5528023,G,C,ACTB,c.965C>G,p.Pro322Arg,NA,0.92702144,0.97474,0.9935,0.92177,P/LP,.,1
chr7,5529563,G,C,ACTB,c.95C>G,p.Pro32Arg,NA,0.9306928,0.99952,0.9938,0.87954,P/LP,.,1
chr7,5529564,G,A,ACTB,c.94C>T,p.Pro32Ser,3.18572793883e-5,0.9129865,0.99695,0.9746,0.85426,Conflicting,Likely_pathogenic(2)|Uncertain_significance(2),1
chr7,5529545,G,A,ACTB,c.113C>T,p.Pro38Leu,NA,0.949767,0.97549,0.9835,0.75875,P/LP,.,1
chr7,5529315,G,T,ACTB,c.209C>A,p.Pro70His,NA,0.96892065,0.97361,0.9998,0.95555,VUS,.,0
chr7,5529315,G,A,ACTB,c.209C>T,p.Pro70Leu,NA,0.9550699,0.99822,0.9984,0.91203,Conflicting,Pathogenic(2)|Likely_pathogenic(1)|Uncertain_significance(1),1
chr7,5528661,G,C,ACTB,c.422C>G,p.Ser141Cys,NA,0.9822302,0.99671,0.9687,0.88714,VUS,.,1
chr7,5528486,G,C,ACTB,c.597C>G,p.Ser199Arg,NA,0.94089526,0.86686,0.9934,0.64004,P/LP,.,1
chr7,5528290,A,C,ACTB,c.793T>G,p.Ser265Ala,NA,0.8772983,0.76421,0.1514,0.64488,VUS,.,1
chr7,5528176,G,A,ACTB,c.812C>T,p.Ser271Phe,NA,0.9162928,0.96465,0.7667,0.93319,VUS,.,1
chr7,5528090,A,G,ACTB,c.898T>C,p.Ser300Pro,NA,0.98790073,0.96725,0.9989,0.91623,VUS,.,1
chr7,5527863,G,A,ACTB,c.1013C>T,p.Ser338Phe,NA,0.9523457,0.98563,0.9982,0.70921,P/LP,.,0
chr7,5527833,G,A,ACTB,c.1043C>T,p.Ser348Leu,NA,0.9510229,0.97022,0.9977,0.9493,P/LP,.,2
chr7,5527782,G,C,ACTB,c.1094C>G,p.Ser365Cys,NA,0.8839516,0.79033,0.1521,0.71826,VUS,.,1
chr7,5529369,G,A,ACTB,c.155C>T,p.Ser52Phe,3.97911759088e-6,0.69527286,0.86384,0.8876,0.79151,VUS,.,1
chr7,5529344,G,C,ACTB,c.180C>G,p.Ser60Arg,NA,0.9754885,0.95063,0.9948,0.91158,P/LP,.,1
chr7,5529345,C,T,ACTB,c.179G>A,p.Ser60Asn,NA,0.979082,0.84932,0.9104,0.51969,P/LP,.,1
chr7,5529165,G,A,ACTB,c.359C>T,p.Thr120Ile,NA,0.93046314,0.98921,0.9123,0.72626,P/LP,.,0
chr7,5529165,G,C,ACTB,c.359C>G,p.Thr120Ser,NA,0.959586,0.87283,0.8149,0.74823,VUS,.,1
chr7,5528697,G,A,ACTB,c.386C>T,p.Thr129Ile,NA,0.7269457,0.82799,0.4155,0.6323,VUS,.,1
chr7,5528637,G,A,ACTB,c.446C>T,p.Thr149Ile,NA,0.95354337,0.99571,0.9994,0.88578,P/LP,.,0
chr7,5528605,T,C,ACTB,c.478A>G,p.Thr160Ala,NA,0.96611685,0.89376,0.8171,0.71443,P/LP,.,2
chr7,5528604,G,A,ACTB,c.479C>T,p.Thr160Ile,NA,0.94775426,0.94765,0.997,0.69682,P/LP,.,2
chr7,5528599,T,C,ACTB,c.484A>G,p.Thr162Ala,NA,0.94580036,0.90633,0.4634,0.73648,P/LP,.,1
chr7,5528503,T,C,ACTB,c.580A>G,p.Thr194Ala,NA,0.9270187,0.77399,0.5503,0.74008,VUS,.,1
chr7,5528482,T,C,ACTB,c.601A>G,p.Thr201Ala,NA,0.9411661,0.8896,0.5476,0.63625,VUS,.,1
chr7,5528481,G,A,ACTB,c.602C>T,p.Thr201Ile,NA,0.91636086,0.91626,0.8279,0.79877,P/LP,.,1
chr7,5528398,T,C,ACTB,c.685A>G,p.Thr229Ala,NA,0.78424686,0.76619,0.1928,0.78672,VUS,.,2
chr7,5528397,G,A,ACTB,c.686C>T,p.Thr229Met,3.97981438146e-6,0.66565824,0.85091,0.2688,0.79991,VUS,.,1
chr7,5528338,T,A,ACTB,c.745A>T,p.Thr249Ser,NA,0.9212736,0.94162,0.6336,0.81722,VUS,.,1
chr7,5528098,G,A,ACTB,c.890C>T,p.Thr297Ile,1.19298524675e-5,0.53264093,0.77592,0.2394,0.57378,VUS,.,2
chr7,5528035,G,C,ACTB,c.953C>G,p.Thr318Ser,NA,0.81313044,0.63482,0.1523,0.56636,VUS,.,1
chr7,5527825,T,C,ACTB,c.1051A>G,p.Thr351Ala,NA,0.9634619,0.94952,0.9465,0.68587,P/LP,.,1
chr7,5529259,T,C,ACTB,c.265A>G,p.Thr89Ala,NA,0.94084805,0.92705,0.4966,0.66746,VUS,.,1
chr7,5527856,C,A,ACTB,c.1020G>T,p.Trp340Cys,NA,0.99104744,0.96836,0.9998,0.69356,P/LP,.,1
chr7,5527810,A,G,ACTB,c.1066T>C,p.Trp356Arg,NA,0.97421867,0.99783,0.9997,0.72613,Conflicting,Likely_pathogenic(2)|Uncertain_significance(1),1
chr7,5529266,C,G,ACTB,c.258G>C,p.Trp86Cys,NA,0.9797677,0.9706,0.9987,0.77174,P/LP,.,1
chr7,5528586,T,C,ACTB,c.497A>G,p.Tyr166Cys,NA,0.9684012,0.98489,0.9743,0.78828,VUS,.,1
chr7,5528108,A,C,ACTB,c.880T>G,p.Tyr294Asp,NA,0.9939908,0.98304,0.9982,0.96763,VUS,.,1
chr7,5527791,T,C,ACTB,c.1085A>G,p.Tyr362Cys,NA,0.9372429,0.99315,0.998,0.85146,VUS,.,1
chr7,5529366,T,C,ACTB,c.158A>G,p.Tyr53Cys,NA,0.9827504,0.98452,0.9949,0.8437,P/LP,.,2
chr7,5529217,C,G,ACTB,c.307G>C,p.Val103Leu,NA,0.9438351,0.79583,0.7111,0.46555,VUS,.,1
chr7,5529217,C,T,ACTB,c.307G>A,p.Val103Met,NA,0.8566098,0.90324,0.7197,0.56067,VUS,.,1
chr7,5528683,C,T,ACTB,c.400G>A,p.Val134Ile,NA,0.75218517,0.80842,0.2999,0.67161,VUS,.,2
chr7,5528629,C,T,ACTB,c.454G>A,p.Val152Met,NA,0.8462227,0.99189,0.9977,0.77197,Conflicting,Pathogenic(2)|Likely_pathogenic(1)|Uncertain_significance(2),1
chr7,5528607,A,G,ACTB,c.476T>C,p.Val159Ala,NA,0.979529,0.98816,0.9862,0.72693,P/LP,.,1
chr7,5528458,C,A,ACTB,c.625G>T,p.Val209Leu,NA,0.9685715,0.94353,0.9809,0.86444,P/LP,.,1
chr7,5528458,C,T,ACTB,c.625G>A,p.Val209Met,NA,0.9004054,0.97474,0.9878,0.83502,P/LP,.,2
chr7,5528428,C,T,ACTB,c.655G>A,p.Val219Ile,NA,0.6872521,0.80247,0.2361,0.54775,P/LP,.,1
chr7,5528428,C,G,ACTB,c.655G>C,p.Val219Leu,NA,0.944106,0.9484,0.9539,0.75271,VUS,.,1
chr7,5528344,C,T,ACTB,c.739G>A,p.Val247Ile,NA,0.813097,0.82289,0.2336,0.70772,VUS,.,1
chr7,5528344,C,A,ACTB,c.739G>T,p.Val247Phe,NA,0.9768072,0.96354,0.8902,0.93396,VUS,.,1
chr7,5528128,A,G,ACTB,c.860T>C,p.Val287Ala,NA,0.96086216,0.88348,0.9495,0.81906,VUS,.,1
chr7,5528096,C,T,ACTB,c.892G>A,p.Val298Met,NA,0.95624536,0.98886,0.9875,0.64687,VUS,.,1
chr7,5527767,A,C,ACTB,c.1109T>G,p.Val370Gly,NA,0.9968297,0.99157,0.988,0.91038,VUS,.,1
chr7,5529397,C,T,ACTB,c.127G>A,p.Val43Met,NA,0.42869642,0.89099,0.9216,0.76444,P/LP,.,1
chr7,5529238,C,A,ACTB,c.286G>T,p.Val96Leu,NA,0.9802828,0.90101,0.928,0.86795,VUS,.,1
