chrom,pos,ref_base,alt_base,base__gene,base__cchange,base__achange,gnomad__af,VEP_varity_r,VEP_revel__score,VEP_alphamissense__pathogenicity,VEP_esm1b__score,clinvar,conf,stars
chr19,8698182,C,T,ACTL9,c.520G>A,p.Ala174Thr,NA,NA,0.82742,NA,NA,VUS,.,1
chr19,8697747,C,A,ACTL9,c.955G>T,p.Ala319Ser,NA,NA,0.16647,NA,NA,VUS,.,1
chr19,8697621,C,T,ACTL9,c.1081G>A,p.Ala361Thr,2.53507456741e-5,NA,0.0279,NA,NA,VUS,.,1
chr19,8697539,G,T,ACTL9,c.1163C>A,p.Ala388Asp,3.99125117742e-6,NA,0.99762,NA,NA,VUS,.,1
chr19,8697527,G,C,ACTL9,c.1175C>G,p.Ala392Gly,3.59404825609e-5,NA,0.67691,NA,NA,VUS,.,1
chr19,8698313,C,A,ACTL9,c.389G>T,p.Arg130Leu,5.89339305305e-5,NA,0.78848,NA,NA,VUS,.,1
chr19,8698191,G,A,ACTL9,c.511C>T,p.Arg171Cys,2.04555868299e-5,NA,0.64624,NA,NA,VUS,.,1
chr19,8698646,C,T,ACTL9,c.56G>A,p.Arg19Lys,8.51505888163e-6,NA,0.46613,NA,NA,VUS,.,1
chr19,8697846,G,A,ACTL9,c.856C>T,p.Arg286Cys,1.61218814236e-5,NA,0.61955,NA,NA,VUS,.,1
chr19,8698598,C,T,ACTL9,c.104G>A,p.Arg35Gln,1.7832813804e-5,NA,0.38394,NA,NA,B/LB,.,1
chr19,8697531,G,T,ACTL9,c.1171C>A,p.Arg391Ser,3.19445442711e-5,NA,0.10877,NA,NA,VUS,.,1
chr19,8697503,C,T,ACTL9,c.1199G>A,p.Arg400Gln,2.88794763188e-4,NA,0.786,NA,NA,B/LB,.,0
chr19,8698634,T,A,ACTL9,c.68A>T,p.Asn23Ile,NA,NA,0.49871,NA,NA,VUS,.,1
chr19,8697691,G,C,ACTL9,c.1011C>G,p.Asn337Lys,2.14313268849e-5,NA,0.31778,NA,NA,VUS,.,1
chr19,8698275,C,T,ACTL9,c.427G>A,p.Asp143Asn,5.04271176868e-6,NA,0.74306,NA,NA,VUS,.,1
chr19,8698383,C,G,ACTL9,c.319G>C,p.Glu107Gln,3.85334181069e-5,NA,0.70029,NA,NA,VUS,.,1
chr19,8698654,C,A,ACTL9,c.48G>T,p.Glu16Asp,NA,NA,0.63375,NA,NA,VUS,.,1
chr19,8698655,T,C,ACTL9,c.47A>G,p.Glu16Gly,1.05654470749e-4,NA,0.59007,NA,NA,VUS,.,1
chr19,8697948,C,T,ACTL9,c.754G>A,p.Glu252Lys,8.0066615424e-6,NA,0.44899,NA,NA,VUS,.,1
chr19,8697879,C,T,ACTL9,c.823G>A,p.Glu275Lys,8.04660594161e-6,NA,0.49871,NA,NA,VUS,.,1
chr19,8698137,C,T,ACTL9,c.565G>A,p.Gly189Ser,1.77519509032e-4,NA,0.77847,NA,NA,VUS,.,1
chr19,8698101,C,T,ACTL9,c.601G>A,p.Gly201Arg,2.06652559185e-5,NA,0.64826,NA,NA,VUS,.,1
chr19,8698586,C,T,ACTL9,c.116G>A,p.Gly39Asp,6.06371898586e-5,NA,0.43303,NA,NA,VUS,.,1
chr19,8698407,C,G,ACTL9,c.295G>C,p.Gly99Arg,NA,NA,0.90457,NA,NA,VUS,.,1
chr19,8698102,G,C,ACTL9,c.600C>G,p.His200Gln,NA,NA,0.39377,NA,NA,VUS,.,1
chr19,8698020,G,C,ACTL9,c.682C>G,p.Leu228Val,7.33573456378e-6,NA,0.89966,NA,NA,VUS,.,1
chr19,8697701,A,G,ACTL9,c.1001T>C,p.Leu334Ser,2.50164393744e-5,NA,0.81427,NA,NA,VUS,.,1
chr19,8697860,T,C,ACTL9,c.842A>G,p.Lys281Arg,NA,NA,0.48268,NA,NA,VUS,.,1
chr19,8697827,T,C,ACTL9,c.875A>G,p.Lys292Arg,1.43155724797e-5,NA,0.70276,NA,NA,VUS,.,1
chr19,8698009,G,T,ACTL9,c.693C>A,p.Phe231Leu,NA,NA,0.85821,NA,NA,VUS,.,1
chr19,8698364,G,A,ACTL9,c.338C>T,p.Pro113Leu,NA,NA,0.91026,NA,NA,VUS,.,1
chr19,8698589,G,C,ACTL9,c.113C>G,p.Pro38Arg,4.41306266549e-5,NA,0.56562,NA,NA,VUS,.,1
chr19,8698126,G,C,ACTL9,c.576C>G,p.Ser192Arg,6.54255203146e-5,NA,0.17616,NA,NA,VUS,.,1
chr19,8697914,G,C,ACTL9,c.788C>G,p.Ser263Cys,1.74220983317e-4,NA,0.59007,NA,NA,VUS,.,1
chr19,8697914,G,A,ACTL9,c.788C>T,p.Ser263Phe,NA,NA,0.6262,NA,NA,VUS,.,1
chr19,8697668,G,A,ACTL9,c.1034C>T,p.Ser345Leu,4.02476032552e-6,NA,0.60574,NA,NA,P/LP,.,0
chr19,8698680,A,G,ACTL9,c.22T>C,p.Ser8Pro,NA,NA,0.5262,NA,NA,B/LB,.,1
chr19,8698487,G,C,ACTL9,c.215C>G,p.Thr72Ser,2.31317274774e-5,NA,0.51872,NA,NA,VUS,.,1
chr19,8698092,A,T,ACTL9,c.610T>A,p.Tyr204Asn,8.78876210286e-5,NA,0.40148,NA,NA,VUS,.,1
chr19,8697476,T,C,ACTL9,c.1226A>G,p.Tyr409Cys,2.05988497602e-5,NA,0.25827,NA,NA,VUS,.,1
chr19,8698392,C,T,ACTL9,c.310G>A,p.Val104Met,5.74441929665e-6,NA,0.50185,NA,NA,VUS,.,1
chr19,8698208,A,T,ACTL9,c.494T>A,p.Val165Glu,8.23540069342e-6,NA,0.88585,NA,NA,VUS,.,1
chr19,8698080,C,T,ACTL9,c.622G>A,p.Val208Ile,8.2915302019e-6,NA,0.6251,NA,NA,VUS,.,1
chr19,8697921,C,T,ACTL9,c.781G>A,p.Val261Met,1.56376611745e-4,NA,0.83305,NA,NA,VUS,.,1
chr19,8697564,C,A,ACTL9,c.1138G>T,p.Val380Leu,3.99262163522e-6,NA,0.93816,NA,NA,P/LP,.,0
chr19,8697509,A,G,ACTL9,c.1193T>C,p.Val398Ala,4.00458124094e-6,NA,0.88679,NA,NA,VUS,.,1
