chrom,pos,ref_base,alt_base,base__gene,base__cchange,base__achange,gnomad__af,VEP_varity_r,VEP_revel__score,VEP_alphamissense__pathogenicity,VEP_esm1b__score,clinvar,conf,stars
chr1,236718959,G,A,ACTN2,c.307G>A,p.Ala103Thr,NA,0.85150504,0.82516,0.9704,0.8696,VUS,.,1
chr1,236718974,G,A,ACTN2,c.322G>A,p.Ala108Thr,NA,0.48604974,0.19811,0.0966,0.81642,VUS,.,1
chr1,236719007,G,A,ACTN2,c.355G>A,p.Ala119Thr,NA,0.8746043,0.91668,0.9901,0.90588,P/LP,.,2
chr1,236720168,C,T,ACTN2,c.425C>T,p.Ala142Val,NA,0.8898755,0.69696,0.9731,0.96356,VUS,.,2
chr1,236725941,G,A,ACTN2,c.457G>A,p.Ala153Thr,NA,0.94417745,0.86232,0.9817,0.87133,VUS,.,1
chr1,236725942,C,T,ACTN2,c.458C>T,p.Ala153Val,NA,0.9531179,0.85563,0.9927,0.93657,VUS,.,2
chr1,236725980,G,C,ACTN2,c.496G>C,p.Ala166Pro,NA,0.9460819,0.85301,0.9987,0.98764,VUS,.,2
chr1,236731261,C,T,ACTN2,c.644C>T,p.Ala215Val,NA,0.85891765,0.94353,0.9073,0.85031,VUS,.,2
chr1,236731272,G,C,ACTN2,c.655G>C,p.Ala219Pro,NA,0.9840417,0.9617,0.9986,0.96465,VUS,.,1
chr1,236731272,G,A,ACTN2,c.655G>A,p.Ala219Thr,NA,0.94482577,0.93738,0.9628,0.8149,VUS,.,2
chr1,236731273,C,T,ACTN2,c.656C>T,p.Ala219Val,NA,0.94383425,0.96133,0.9839,0.89152,VUS,.,1
chr1,236735668,C,T,ACTN2,c.731C>T,p.Ala244Val,7.07098562469e-6,0.8647952,0.7934,0.9335,0.87192,Conflicting,Uncertain_significance(1)|Likely_benign(1),1
chr1,236735700,G,A,ACTN2,c.763G>A,p.Ala255Thr,3.9769021523e-6,0.75999576,0.942,0.2759,0.64568,VUS,.,2
chr1,236735701,C,T,ACTN2,c.764C>T,p.Ala255Val,NA,0.6957975,0.88348,0.4904,0.78834,VUS,.,1
chr1,236735707,C,T,ACTN2,c.770C>T,p.Ala257Val,NA,0.69256943,0.87868,0.5992,0.90646,VUS,.,2
chr1,236735712,G,A,ACTN2,c.775G>A,p.Ala259Thr,NA,0.62733585,0.77656,0.4204,0.58924,VUS,.,2
chr1,236735713,C,T,ACTN2,c.776C>T,p.Ala259Val,1.06079786143e-5,0.5757682,0.83802,0.5642,0.72273,VUS,.,2
chr1,236737123,C,A,ACTN2,c.785C>A,p.Ala262Asp,NA,0.9242019,0.93582,0.9748,0.99762,VUS,.,1
chr1,236737131,G,A,ACTN2,c.793G>A,p.Ala265Thr,NA,0.9087182,0.88443,0.9453,0.81837,VUS,.,1
chr1,236737132,C,T,ACTN2,c.794C>T,p.Ala265Val,3.97838938884e-6,0.72623765,0.88632,0.9501,0.9078,VUS,.,2
chr1,236737135,C,A,ACTN2,c.797C>A,p.Ala266Asp,NA,0.94859815,0.95101,0.9971,0.98581,VUS,.,1
chr1,236737158,G,C,ACTN2,c.820G>C,p.Ala274Pro,NA,0.6830517,0.63162,0.9858,0.97564,VUS,.,1
chr1,236737206,G,A,ACTN2,c.868G>A,p.Ala290Thr,NA,0.66662544,0.74306,0.3301,0.71101,VUS,.,1
chr1,236739369,C,A,ACTN2,c.944C>A,p.Ala315Asp,4.7717512327e-5,0.43094942,0.32913,0.1352,0.37013,B/LB,.,1
chr1,236686776,G,A,ACTN2,c.103G>A,p.Ala35Thr,NA,0.7678447,0.4843,0.6931,0.81727,VUS,.,1
chr1,236742903,C,G,ACTN2,c.1115C>G,p.Ala372Gly,7.07018573378e-6,0.29312837,0.51721,0.1369,0.45461,B/LB,.,1
chr1,236742903,C,T,ACTN2,c.1115C>T,p.Ala372Val,NA,0.39428228,0.64725,0.1534,0.67865,VUS,.,1
chr1,236742996,C,A,ACTN2,c.1208C>A,p.Ala403Asp,NA,0.9124053,0.91198,0.8865,0.98521,VUS,.,1
chr1,236743017,C,A,ACTN2,c.1229C>A,p.Ala410Asp,NA,0.9071643,0.7934,0.99,0.86892,VUS,.,1
chr1,236743016,G,T,ACTN2,c.1228G>T,p.Ala410Ser,3.97671237235e-6,0.26681095,0.43303,0.146,0.08128,Conflicting,Uncertain_significance(2)|Likely_benign(1),1
chr1,236744664,G,C,ACTN2,c.1294G>C,p.Ala432Pro,NA,0.8799234,0.57741,0.8598,0.88522,VUS,.,1
chr1,236744665,C,T,ACTN2,c.1295C>T,p.Ala432Val,4.24514284906e-5,0.40080485,0.44724,0.1293,0.79018,Conflicting,Uncertain_significance(2)|Benign(1)|Likely_benign(1),1
chr1,236744707,C,A,ACTN2,c.1337C>A,p.Ala446Glu,NA,0.90679204,0.89468,0.9805,0.90232,VUS,.,1
chr1,236744706,G,A,ACTN2,c.1336G>A,p.Ala446Thr,NA,0.60237396,0.70764,0.798,0.6468,VUS,.,1
chr1,236744707,C,T,ACTN2,c.1337C>T,p.Ala446Val,7.96286121529e-6,0.8219769,0.75956,0.8404,0.7169,Conflicting,Uncertain_significance(3)|Likely_benign(1),1
chr1,236744725,C,G,ACTN2,c.1355C>G,p.Ala452Gly,7.96546175782e-6,0.30305523,0.38592,0.3079,0.62047,VUS,.,1
chr1,236744724,G,A,ACTN2,c.1354G>A,p.Ala452Thr,NA,0.3961707,0.47942,0.5184,0.70995,VUS,.,1
chr1,236744728,C,G,ACTN2,c.1358C>G,p.Ala453Gly,3.98307987668e-6,0.82898515,0.7359,0.699,0.78928,VUS,.,2
chr1,236744728,C,T,ACTN2,c.1358C>T,p.Ala453Val,4.77969585202e-5,0.8086066,0.79094,0.6907,0.9556,Conflicting,Uncertain_significance(5)|Benign(1),1
chr1,236744754,G,T,ACTN2,c.1384G>T,p.Ala462Ser,7.97836268041e-6,0.42117712,0.64008,0.6066,0.67168,Conflicting,Uncertain_significance(3)|Likely_benign(1),1
chr1,236744754,G,A,ACTN2,c.1384G>A,p.Ala462Thr,3.98918134021e-6,0.46222758,0.62179,0.8499,0.72705,B/LB,.,1
chr1,236744758,C,G,ACTN2,c.1388C>G,p.Ala463Gly,NA,0.595812,0.67142,0.7282,0.79549,VUS,.,1
chr1,236744763,G,A,ACTN2,c.1393G>A,p.Ala465Thr,7.09682913674e-6,0.6347655,0.78413,0.95,0.88509,Conflicting,Uncertain_significance(3)|Likely_benign(1),1
chr1,236744764,C,T,ACTN2,c.1394C>T,p.Ala465Val,3.18613394507e-5,0.61657476,0.75822,0.9794,0.88389,B/LB,.,1
chr1,236717867,G,T,ACTN2,c.136G>T,p.Ala46Ser,3.18552497452e-5,0.77437127,0.63269,0.3978,0.8036,VUS,.,2
chr1,236747686,G,T,ACTN2,c.1426G>T,p.Ala476Ser,4.59701830321e-5,0.23142734,0.42395,0.1065,0.00154,Conflicting,Uncertain_significance(1)|Likely_benign(1),1
chr1,236747686,G,A,ACTN2,c.1426G>A,p.Ala476Thr,4.9152734165e-4,0.2830223,0.30843,0.1066,0.13712,B/LB,.,2
chr1,236747768,C,A,ACTN2,c.1508C>A,p.Ala503Asp,NA,0.66278744,0.61272,0.3496,0.65083,VUS,.,1
chr1,236747767,G,T,ACTN2,c.1507G>T,p.Ala503Ser,NA,0.36732525,0.3739,0.0702,0.48277,Conflicting,Uncertain_significance(2)|Likely_benign(1),1
chr1,236749172,G,A,ACTN2,c.1564G>A,p.Ala522Thr,7.9545635331e-6,0.72844166,0.62729,0.6398,0.77174,VUS,.,1
chr1,236749181,G,T,ACTN2,c.1573G>T,p.Ala525Ser,NA,0.6108238,0.50805,0.1292,0.42129,VUS,.,1
chr1,236749211,G,A,ACTN2,c.1603G>A,p.Ala535Thr,3.9768388903e-6,0.35561588,0.71946,0.4163,0.59899,Conflicting,Uncertain_significance(1)|Likely_benign(1),1
chr1,236749212,C,T,ACTN2,c.1604C>T,p.Ala535Val,3.97671237235e-6,0.57180095,0.70521,0.7885,0.72821,B/LB,.,1
chr1,236751483,C,G,ACTN2,c.1670C>G,p.Ala557Gly,NA,0.49083468,0.79704,0.553,0.79626,VUS,.,1
chr1,236751483,C,T,ACTN2,c.1670C>T,p.Ala557Val,NA,0.63892144,0.89605,0.8825,0.68893,VUS,.,1
chr1,236751516,C,G,ACTN2,c.1703C>G,p.Ala568Gly,3.97788297068e-6,0.863167,0.71242,0.7081,0.84547,Conflicting,Uncertain_significance(1)|Benign(1),1
chr1,236751516,C,T,ACTN2,c.1703C>T,p.Ala568Val,NA,0.6615183,0.69358,0.8382,0.82068,VUS,.,2
chr1,236751543,C,A,ACTN2,c.1730C>A,p.Ala577Asp,NA,0.37975264,0.22779,0.3086,0.60989,VUS,.,1
chr1,236753995,G,A,ACTN2,c.1888G>A,p.Ala630Thr,3.18451054073e-5,0.32377082,0.59619,0.0854,0.49133,Conflicting,Uncertain_significance(1)|Likely_benign(1),1
chr1,236754008,C,T,ACTN2,c.1901C>T,p.Ala634Val,NA,0.12481107,0.46444,0.1249,0.60133,VUS,.,1
chr1,236754037,G,A,ACTN2,c.1930G>A,p.Ala644Thr,1.6288490411e-4,0.19380504,0.4053,0.071,0.38553,Conflicting,Uncertain_significance(8)|Likely_benign(2),1
chr1,236754050,C,A,ACTN2,c.1943C>A,p.Ala648Asp,7.07618933052e-6,0.36306864,0.27909,0.261,0.61213,VUS,.,1
chr1,236754050,C,G,ACTN2,c.1943C>G,p.Ala648Gly,NA,0.21171758,0.17934,0.1073,0.5244,VUS,.,1
chr1,236755025,G,T,ACTN2,c.1981G>T,p.Ala661Ser,NA,0.18605466,0.3739,0.0691,0.13558,VUS,.,1
chr1,236755026,C,T,ACTN2,c.1982C>T,p.Ala661Val,3.18532203606e-5,0.16749938,0.1533,0.1666,0.51327,B/LB,.,1
chr1,236755052,G,A,ACTN2,c.2008G>A,p.Ala670Thr,NA,0.12453074,0.36365,0.0612,9.5e-4,VUS,.,2
chr1,236755157,G,A,ACTN2,c.2113G>A,p.Ala705Thr,NA,0.42336857,0.34888,0.186,0.7449,VUS,.,2
chr1,236755158,C,T,ACTN2,c.2114C>T,p.Ala705Val,NA,0.43343046,0.45592,0.3582,0.80479,VUS,.,1
chr1,236757525,G,A,ACTN2,c.2194G>A,p.Ala732Thr,3.18101569831e-5,0.4431353,0.63588,0.2824,0.40601,Conflicting,Uncertain_significance(5)|Likely_benign(1),1
chr1,236757571,C,T,ACTN2,c.2240C>T,p.Ala747Val,NA,0.25937915,0.65424,0.425,0.694,VUS,.,2
chr1,236757609,G,A,ACTN2,c.2278G>A,p.Ala760Thr,4.7715614935e-5,0.25836563,0.19503,0.0972,0.63089,Conflicting,Uncertain_significance(1)|Likely_benign(1),1
chr1,236757610,C,T,ACTN2,c.2279C>T,p.Ala760Val,NA,0.48546466,0.5065,0.2002,0.78751,VUS,.,1
chr1,236759761,C,T,ACTN2,c.2339C>T,p.Ala780Val,NA,0.7720306,0.83582,0.905,0.82549,VUS,.,1
chr1,236761031,C,T,ACTN2,c.2384C>T,p.Ala795Val,NA,0.33425122,0.82003,0.1919,0.70616,VUS,.,1
chr1,236761114,G,T,ACTN2,c.2467G>T,p.Ala823Ser,NA,0.25309828,0.50185,0.1165,0.50278,VUS,.,2
chr1,236761115,C,T,ACTN2,c.2468C>T,p.Ala823Val,NA,0.13663147,0.64215,0.2779,0.56394,VUS,.,1
chr1,236761144,G,A,ACTN2,c.2497G>A,p.Ala833Thr,7.78270682543e-5,0.40234047,0.57999,0.1169,0.75436,VUS,.,2
chr1,236761145,C,T,ACTN2,c.2498C>T,p.Ala833Val,NA,0.48784813,0.51872,0.2783,0.81927,VUS,.,1
chr1,236762473,G,A,ACTN2,c.2539G>A,p.Ala847Thr,NA,0.14134382,0.222,0.0835,0.68491,VUS,.,1
chr1,236762474,C,T,ACTN2,c.2540C>T,p.Ala847Val,6.01744350682e-5,0.16247489,0.0877,0.0718,0.50953,Conflicting,Uncertain_significance(2)|Likely_benign(1),1
chr1,236762510,C,A,ACTN2,c.2576C>A,p.Ala859Asp,NA,0.93845624,0.93227,0.9891,0.99411,VUS,.,1
chr1,236762509,G,A,ACTN2,c.2575G>A,p.Ala859Thr,NA,0.6935866,0.87674,0.7458,0.8433,VUS,.,1
chr1,236762536,G,A,ACTN2,c.2602G>A,p.Ala868Thr,4.59929524645e-5,0.074888766,0.06331,0.0721,0.49149,Conflicting,Uncertain_significance(3)|Benign(1)|Likely_benign(2),1
chr1,236762566,G,A,ACTN2,c.2632G>A,p.Ala878Thr,3.97851601353e-6,0.6772995,0.75279,0.5442,0.75788,VUS,.,2
chr1,236762578,G,A,ACTN2,c.2644G>A,p.Ala882Thr,2.38752755605e-5,0.047443315,0.07369,0.0593,0.10629,Conflicting,Uncertain_significance(1)|Benign(1)|Likely_benign(1),1
chr1,236762582,C,T,ACTN2,c.2648C>T,p.Ala883Val,3.53774419279e-5,0.22953361,0.56428,0.1336,0.63512,Conflicting,Uncertain_significance(1)|Benign(1),1
chr1,236762593,G,A,ACTN2,c.2659G>A,p.Ala887Thr,1.30944713019e-4,0.2980177,0.6978,0.1698,0.66563,Conflicting,Uncertain_significance(3)|Likely_benign(3),1
chr1,236718945,C,T,ACTN2,c.293C>T,p.Ala98Val,NA,0.8328119,0.601,0.8781,0.88059,VUS,.,1
chr1,236720161,C,T,ACTN2,c.418C>T,p.Arg140Cys,NA,0.8828715,0.89192,0.9934,0.91398,VUS,.,2
chr1,236720162,G,A,ACTN2,c.419G>A,p.Arg140His,1.98925800676e-5,0.8159875,0.80188,0.98,0.87844,Conflicting,Uncertain_significance(3)|Likely_benign(1),1
chr1,236725990,G,C,ACTN2,c.506G>C,p.Arg169Thr,3.97674400108e-6,0.95448565,0.5974,0.674,0.5954,Conflicting,Uncertain_significance(5)|Likely_benign(1),1
chr1,236727716,G,A,ACTN2,c.575G>A,p.Arg192Gln,3.53519284477e-5,0.91744,0.98341,0.9289,0.91146,Conflicting,Uncertain_significance(3)|Likely_benign(1),1
chr1,236727722,G,A,ACTN2,c.581G>A,p.Arg194Gln,1.06056535204e-5,0.9570359,0.94914,0.8519,0.88875,VUS,.,2
chr1,236737180,G,A,ACTN2,c.842G>A,p.Arg281Lys,NA,0.4764382,0.21317,0.0608,0.36381,VUS,.,1
chr1,236737201,G,A,ACTN2,c.863G>A,p.Arg288Lys,NA,0.16957182,0.38986,0.0631,0.06672,VUS,.,1
chr1,236686755,C,T,ACTN2,c.82C>T,p.Arg28Cys,NA,0.8930341,0.77783,0.9828,0.81182,VUS,.,1
chr1,236686755,C,A,ACTN2,c.82C>A,p.Arg28Ser,NA,0.96442443,0.71869,0.9923,0.84517,VUS,.,1
chr1,236739317,C,T,ACTN2,c.892C>T,p.Arg298Cys,1.19335539715e-5,0.45784408,0.88205,0.1107,0.84666,VUS,.,2
chr1,236739318,G,A,ACTN2,c.893G>A,p.Arg298His,4.45708464216e-4,0.26560897,0.82003,0.0735,0.78751,Conflicting,Uncertain_significance(4)|Benign(1)|Likely_benign(4),1
chr1,236739320,C,T,ACTN2,c.895C>T,p.Arg299Cys,1.76865935621e-5,0.46604103,0.6823,0.1369,0.79888,Conflicting,Uncertain_significance(3)|Likely_benign(1),1
chr1,236739321,G,A,ACTN2,c.896G>A,p.Arg299His,3.18336162988e-5,0.43055332,0.74093,0.0899,0.73546,Conflicting,Uncertain_significance(3)|Likely_benign(1),1
chr1,236739345,G,A,ACTN2,c.920G>A,p.Arg307Gln,1.41446717022e-5,0.81008565,0.76946,0.2687,0.6814,Conflicting,Uncertain_significance(2)|Benign(1),1
chr1,236739345,G,T,ACTN2,c.920G>T,p.Arg307Leu,NA,0.8522853,0.84074,0.7204,0.73498,VUS,.,1
chr1,236739396,G,C,ACTN2,c.971G>C,p.Arg324Pro,3.97639611268e-6,0.9797387,0.92908,0.9972,0.99334,VUS,.,2
chr1,236739395,C,T,ACTN2,c.970C>T,p.Arg324Trp,1.06069284457e-5,0.8999575,0.85924,0.9279,0.93813,VUS,.,2
chr1,236739404,C,T,ACTN2,c.979C>T,p.Arg327Cys,1.98819805634e-5,0.9224282,0.75415,0.8087,0.7079,VUS,.,2
chr1,236739405,G,A,ACTN2,c.980G>A,p.Arg327His,7.95285547276e-6,0.8815585,0.82855,0.8471,0.90291,Conflicting,Uncertain_significance(1)|Likely_benign(1),1
chr1,236739405,G,C,ACTN2,c.980G>C,p.Arg327Pro,NA,0.99091935,0.89007,0.9964,0.9931,VUS,.,2
chr1,236739408,G,A,ACTN2,c.983G>A,p.Arg328Gln,1.414157127e-5,0.77992606,0.68582,0.1618,0.78968,Conflicting,Uncertain_significance(5)|Benign(1),1
chr1,236739407,C,T,ACTN2,c.982C>T,p.Arg328Trp,3.97639611268e-5,0.7700125,0.66202,0.38,0.90354,Conflicting,Uncertain_significance(4)|Likely_benign(1),1
chr1,236739483,G,A,ACTN2,c.1058G>A,p.Arg353Gln,3.18309141839e-5,0.7133523,0.85872,0.4984,0.89005,Conflicting,Uncertain_significance(3)|Benign(1),1
chr1,236739482,C,T,ACTN2,c.1057C>T,p.Arg353Trp,1.59110255452e-5,0.8826187,0.84826,0.7809,0.9373,Conflicting,Uncertain_significance(6)|Likely_benign(1),1
chr1,236739494,C,T,ACTN2,c.1069C>T,p.Arg357Cys,3.97905425838e-6,0.8997064,0.77464,0.9677,0.80149,VUS,.,2
chr1,236739495,G,A,ACTN2,c.1070G>A,p.Arg357His,4.24511281387e-5,0.83051515,0.85666,0.934,0.83923,VUS,.,0
chr1,236742918,G,A,ACTN2,c.1130G>A,p.Arg377Lys,3.97642773638e-6,0.29312497,0.28911,0.0757,0.3725,Conflicting,Uncertain_significance(1)|Likely_benign(1),1
chr1,236742969,G,A,ACTN2,c.1181G>A,p.Arg394Gln,1.19306115631e-5,0.5710655,0.49236,0.4149,0.7316,VUS,.,2
chr1,236742968,C,T,ACTN2,c.1180C>T,p.Arg394Trp,4.24253137705e-5,0.64935416,0.71714,0.7352,0.82941,Conflicting,Uncertain_significance(5)|Likely_benign(1),1
chr1,236742980,C,T,ACTN2,c.1192C>T,p.Arg398Cys,3.18216854179e-5,0.86813897,0.65522,0.9269,0.92508,Conflicting,Uncertain_significance(2)|Benign(1),1
chr1,236742980,C,G,ACTN2,c.1192C>G,p.Arg398Gly,NA,0.89498675,0.74306,0.9565,0.9597,VUS,.,2
chr1,236742981,G,A,ACTN2,c.1193G>A,p.Arg398His,1.19307064569e-5,0.785942,0.79825,0.739,0.86159,Conflicting,Uncertain_significance(1)|Likely_benign(1),1
chr1,236742980,C,A,ACTN2,c.1192C>A,p.Arg398Ser,NA,0.94949627,0.74022,0.9895,0.94693,VUS,.,1
chr1,236743007,A,G,ACTN2,c.1219A>G,p.Arg407Gly,NA,0.5440035,0.4843,0.2817,0.94916,VUS,.,1
chr1,236686795,G,A,ACTN2,c.122G>A,p.Arg41Lys,NA,0.54182047,0.64624,0.1966,0.40406,VUS,.,2
chr1,236744683,G,A,ACTN2,c.1313G>A,p.Arg438Gln,1.76895971017e-5,0.37879092,0.35103,0.3261,0.71709,Conflicting,Uncertain_significance(1)|Likely_benign(1),1
chr1,236744682,C,T,ACTN2,c.1312C>T,p.Arg438Trp,1.19392530803e-5,0.7345308,0.65126,0.6865,0.83727,Conflicting,Uncertain_significance(3)|Likely_benign(1),1
chr1,236744695,G,A,ACTN2,c.1325G>A,p.Arg442Gln,1.59193842382e-5,0.6224708,0.44724,0.4072,0.74544,Conflicting,Uncertain_significance(3)|Likely_benign(1),1
chr1,236744694,C,T,ACTN2,c.1324C>T,p.Arg442Trp,1.06130823929e-5,0.6459096,0.69696,0.803,0.9349,Conflicting,Uncertain_significance(2)|Benign(1),1
chr1,236744739,C,T,ACTN2,c.1369C>T,p.Arg457Cys,7.96946102535e-6,0.8656251,0.84986,0.9413,0.91655,Conflicting,Uncertain_significance(2)|Likely_benign(1),1
chr1,236744740,G,A,ACTN2,c.1370G>A,p.Arg457His,1.59414629481e-5,0.83626455,0.81427,0.8265,0.88676,VUS,.,2
chr1,236744740,G,T,ACTN2,c.1370G>T,p.Arg457Leu,3.98536573701e-6,0.8912885,0.88396,0.9681,0.98026,VUS,.,1
chr1,236747705,G,A,ACTN2,c.1445G>A,p.Arg482Gln,2.47523001959e-5,0.6446906,0.77077,0.1513,0.67362,Conflicting,Uncertain_significance(2)|Likely_benign(1),1
chr1,236747704,C,G,ACTN2,c.1444C>G,p.Arg482Gly,7.07198574288e-6,0.89671534,0.80605,0.609,0.85103,Conflicting,Uncertain_significance(1)|Benign(1),1
chr1,236747704,C,T,ACTN2,c.1444C>T,p.Arg482Trp,6.36435958632e-5,0.8581131,0.794,0.47,0.8092,Conflicting,Uncertain_significance(4)|Likely_benign(1),1
chr1,236747735,G,A,ACTN2,c.1475G>A,p.Arg492Gln,7.95690540035e-6,0.3832964,0.33359,0.0729,0.60174,VUS,.,1
chr1,236747759,G,A,ACTN2,c.1499G>A,p.Arg500Lys,NA,0.77758247,0.78163,0.8174,0.84227,VUS,.,1
chr1,236749124,A,G,ACTN2,c.1516A>G,p.Arg506Gly,NA,0.25426567,0.55201,0.5988,0.66342,VUS,.,2
chr1,236751528,G,A,ACTN2,c.1715G>A,p.Arg572Gln,1.59091270662e-5,0.42212975,0.43303,0.1469,0.72212,VUS,.,2
chr1,236751527,C,T,ACTN2,c.1714C>T,p.Arg572Trp,5.65774864037e-5,0.35887185,0.65226,0.244,0.8433,Conflicting,Uncertain_significance(3)|Likely_benign(1),1
chr1,236751588,G,T,ACTN2,c.1775G>T,p.Arg592Ile,3.97766145328e-6,0.5340949,0.47281,0.1839,0.52663,VUS,.,2
chr1,236751636,G,A,ACTN2,c.1823G>A,p.Arg608Gln,6.72356929523e-5,0.23618944,0.338,0.069,0.57547,Conflicting,Uncertain_significance(5)|Likely_benign(1),1
chr1,236751635,C,T,ACTN2,c.1822C>T,p.Arg608Trp,1.7691224445e-5,0.19449799,0.71791,0.1336,0.66551,Conflicting,Uncertain_significance(4)|Likely_benign(1),1
chr1,236753968,C,T,ACTN2,c.1861C>T,p.Arg621Cys,3.97718685619e-6,0.84982264,0.91541,0.9854,0.93408,Conflicting,Uncertain_significance(1)|Likely_benign(1),1
chr1,236753969,G,A,ACTN2,c.1862G>A,p.Arg621His,3.18190134515e-5,0.53625786,0.97097,0.9696,0.91321,Conflicting,Uncertain_significance(3)|Likely_benign(1),1
chr1,236753998,C,T,ACTN2,c.1891C>T,p.Arg631Cys,7.0735364853e-6,0.72277135,0.92046,0.3267,0.83682,VUS,.,2
chr1,236753999,G,A,ACTN2,c.1892G>A,p.Arg631His,3.97908592438e-5,0.4127537,0.82686,0.1634,0.75141,Conflicting,Uncertain_significance(1)|Benign(1)|Likely_benign(1),1
chr1,236754016,C,T,ACTN2,c.1909C>T,p.Arg637Cys,3.18438378193e-5,0.6148548,0.67962,0.2569,0.67877,B/LB,.,1
chr1,236754017,G,A,ACTN2,c.1910G>A,p.Arg637His,7.96032573653e-6,0.40098402,0.52174,0.126,0.30836,Conflicting,Uncertain_significance(1)|Likely_benign(1),1
chr1,236754016,C,A,ACTN2,c.1909C>A,p.Arg637Ser,NA,0.7983445,0.58633,0.5923,0.41378,VUS,.,2
chr1,236754023,G,A,ACTN2,c.1916G>A,p.Arg639Lys,NA,0.8284264,0.73372,0.841,0.84592,VUS,.,2
chr1,236754025,C,T,ACTN2,c.1918C>T,p.Arg640Cys,2.12327749114e-5,0.6486526,0.68319,0.1374,0.7079,VUS,.,2
chr1,236754026,G,A,ACTN2,c.1919G>A,p.Arg640His,7.96336850488e-6,0.6546618,0.71401,0.1158,0.70461,VUS,.,2
chr1,236754026,G,T,ACTN2,c.1919G>T,p.Arg640Leu,NA,0.7021624,0.75889,0.2211,0.74056,VUS,.,1
chr1,236755029,G,A,ACTN2,c.1985G>A,p.Arg662Gln,1.59064699567e-5,0.4555272,0.33359,0.0754,0.51107,Conflicting,Uncertain_significance(2)|Benign(1),1
chr1,236755028,C,G,ACTN2,c.1984C>G,p.Arg662Gly,3.18552497452e-5,0.473663,0.42395,0.1166,0.60872,Conflicting,Uncertain_significance(2)|Benign(1),1
chr1,236755028,C,T,ACTN2,c.1984C>T,p.Arg662Trp,3.18185353575e-5,0.5771799,0.72328,0.1515,0.71362,Conflicting,Uncertain_significance(4)|Likely_benign(1),1
chr1,236717931,G,A,ACTN2,c.200G>A,p.Arg67Lys,NA,0.89483535,0.63694,0.3582,0.79872,VUS,.,2
chr1,236757492,C,T,ACTN2,c.2161C>T,p.Arg721Cys,1.59055844507e-5,0.87402654,0.84237,0.8734,0.76334,VUS,.,2
chr1,236757492,C,G,ACTN2,c.2161C>G,p.Arg721Gly,NA,0.94579536,0.86485,0.9698,0.86846,VUS,.,1
chr1,236757493,G,A,ACTN2,c.2162G>A,p.Arg721His,2.47473997554e-5,0.62881726,0.71558,0.6916,0.85712,Conflicting,Uncertain_significance(4)|Likely_benign(1),1
chr1,236757493,G,T,ACTN2,c.2162G>T,p.Arg721Leu,NA,0.8947065,0.86283,0.9421,0.94307,VUS,.,1
chr1,236757493,G,C,ACTN2,c.2162G>C,p.Arg721Pro,3.97645936059e-6,0.9804357,0.88632,0.9974,0.9944,VUS,.,1
chr1,236757492,C,A,ACTN2,c.2161C>A,p.Arg721Ser,4.77257782837e-4,0.9613571,0.8246,0.9864,0.81648,Conflicting,Uncertain_significance(2)|Benign(1)|Likely_benign(6),1
chr1,236757565,G,C,ACTN2,c.2234G>C,p.Arg745Thr,3.18654005481e-5,0.75686836,0.84398,0.9953,0.90323,VUS,.,1
chr1,236757607,G,C,ACTN2,c.2276G>C,p.Arg759Thr,NA,0.891734,0.8849,0.9418,0.69425,P/LP,.,0
chr1,236757632,G,C,ACTN2,c.2301G>C,p.Arg767Ser,NA,0.85860854,0.60456,0.9459,0.72553,VUS,.,1
chr1,236759724,A,G,ACTN2,c.2302A>G,p.Arg768Gly,NA,0.23705368,0.14996,0.2238,0.35993000000000003,VUS,.,1
chr1,236759758,G,A,ACTN2,c.2336G>A,p.Arg779Lys,NA,0.4026761,0.70029,0.3263,0.32695,VUS,.,1
chr1,236759758,G,C,ACTN2,c.2336G>C,p.Arg779Thr,NA,0.7144488,0.91498,0.9783,0.83968,VUS,.,1
chr1,236761033,C,T,ACTN2,c.2386C>T,p.Arg796Cys,1.7674589596e-5,0.71504736,0.91753,0.8335,0.81219,VUS,.,2
chr1,236761034,G,A,ACTN2,c.2387G>A,p.Arg796His,1.59050784916e-5,0.4834619,0.86736,0.4752,0.69525,VUS,.,2
chr1,236761034,G,T,ACTN2,c.2387G>T,p.Arg796Leu,NA,0.81030726,0.93306,0.8946,0.90642,VUS,.,2
chr1,236761154,G,A,ACTN2,c.2507G>A,p.Arg836Gln,2.83117692025e-5,0.3285922,0.50341,0.1202,0.73786,Conflicting,Uncertain_significance(3)|Likely_benign(1),1
chr1,236761153,C,T,ACTN2,c.2506C>T,p.Arg836Trp,3.98079663702e-6,0.63020575,0.73152,0.5976,0.94925,Conflicting,Uncertain_significance(1)|Likely_benign(1),1
chr1,236718901,G,C,ACTN2,c.249G>C,p.Arg83Ser,7.95412063219e-6,0.70547,0.57221,0.6931,0.73274,VUS,.,2
chr1,236762485,C,T,ACTN2,c.2551C>T,p.Arg851Cys,1.55290632391e-4,0.719256,0.75004,0.1056,0.82533,Conflicting,Uncertain_significance(3)|Likely_benign(2),1
chr1,236762486,G,A,ACTN2,c.2552G>A,p.Arg851His,4.60082531728e-5,0.7794529,0.79704,0.0926,0.67077,Conflicting,Uncertain_significance(4)|Likely_benign(2),1
chr1,236762489,G,A,ACTN2,c.2555G>A,p.Arg852Gln,7.0799968848e-5,0.6321864,0.6867,0.1412,0.78516,Conflicting,Uncertain_significance(3)|Likely_benign(2),1
chr1,236762488,C,T,ACTN2,c.2554C>T,p.Arg852Trp,3.98200135388e-6,0.7873104,0.67049,0.52,0.967,VUS,.,2
chr1,236762528,G,C,ACTN2,c.2594G>C,p.Arg865Thr,7.96038910382e-6,0.83610415,0.81485,0.6899,0.89975,Conflicting,Uncertain_significance(1)|Likely_benign(1),1
chr1,236718918,G,A,ACTN2,c.266G>A,p.Arg89Gln,7.95418390073e-6,0.79975945,0.82061,0.6669,0.88246,B/LB,.,1
chr1,236718917,C,T,ACTN2,c.265C>T,p.Arg89Trp,3.53581783467e-5,0.8598024,0.91668,0.9265,0.9075,VUS,.,2
chr1,236718930,G,A,ACTN2,c.278G>A,p.Arg93Gln,2.82843424951e-5,0.9581513,0.87085,0.9963,0.91789,Conflicting,Uncertain_significance(5)|Benign(1),1
chr1,236718955,C,A,ACTN2,c.303C>A,p.Asn101Lys,NA,0.9358318,0.82346,0.993,0.96183,VUS,.,1
chr1,236686704,A,C,ACTN2,c.31A>C,p.Asn11His,NA,0.18617043,0.54217,0.0968,0.35713,VUS,.,2
chr1,236686705,A,G,ACTN2,c.32A>G,p.Asn11Ser,NA,0.094610736,0.43123,0.0675,0.22662,VUS,.,2
chr1,236725992,A,C,ACTN2,c.508A>C,p.Asn170His,1.98832455819e-5,0.8889136,0.7772,0.342,0.66739,Conflicting,Uncertain_significance(1)|Benign(1),1
chr1,236725994,T,A,ACTN2,c.510T>A,p.Asn170Lys,NA,0.9237174,0.73372,0.9295,0.84192,VUS,.,1
chr1,236725993,A,G,ACTN2,c.509A>G,p.Asn170Ser,NA,0.745484,0.76089,0.231,0.66303,VUS,.,1
chr1,236731256,C,A,ACTN2,c.639C>A,p.Asn213Lys,NA,0.89110637,0.60456,0.5481,0.77874,VUS,.,1
chr1,236735643,A,G,ACTN2,c.706A>G,p.Asn236Asp,NA,0.72364473,0.68319,0.3118,0.66073,VUS,.,2
chr1,236737139,C,G,ACTN2,c.801C>G,p.Asn267Lys,NA,0.5884851,0.73005,0.7507,0.86537,VUS,.,1
chr1,236737138,A,G,ACTN2,c.800A>G,p.Asn267Ser,NA,0.443799,0.78163,0.1222,0.74026,VUS,.,1
chr1,236737164,A,G,ACTN2,c.826A>G,p.Asn276Asp,NA,0.86644626,0.77012,0.9592,0.90572,VUS,.,2
chr1,236737165,A,T,ACTN2,c.827A>T,p.Asn276Ile,NA,0.89911383,0.78724,0.9487,0.92184,VUS,.,1
chr1,236737174,A,C,ACTN2,c.836A>C,p.Asn279Thr,NA,0.77580816,0.77464,0.8907,0.73473,VUS,.,2
chr1,236686679,C,A,ACTN2,c.6C>A,p.Asn2Lys,1.21850173027e-5,0.121274985,0.51265,0.1283,0.41321,VUS,.,2
chr1,236739456,A,G,ACTN2,c.1031A>G,p.Asn344Ser,3.97658586244e-6,0.27171618,0.23065,0.0636,0.78437,Conflicting,Uncertain_significance(1)|Likely_benign(1),1
chr1,236739456,A,C,ACTN2,c.1031A>C,p.Asn344Thr,NA,0.38917717,0.47447,0.1672,0.83873,VUS,.,2
chr1,236742960,A,G,ACTN2,c.1172A>G,p.Asn391Ser,5.56708737941e-5,0.24844743,0.10877,0.0625,0.58541,Conflicting,Uncertain_significance(3)|Benign(1),1
chr1,236747693,A,T,ACTN2,c.1433A>T,p.Asn478Ile,8.75001988641e-5,0.41982588,0.34456,0.0861,0.37099,B/LB,.,1
chr1,236747693,A,G,ACTN2,c.1433A>G,p.Asn478Ser,NA,0.09789203,0.38986,0.0493,0.01724,VUS,.,1
chr1,236747699,A,G,ACTN2,c.1439A>G,p.Asn480Ser,3.97712358514e-6,0.4728036,0.68582,0.5144,0.62189,Conflicting,Uncertain_significance(1)|Likely_benign(1),1
chr1,236717876,A,C,ACTN2,c.145A>C,p.Asn49His,7.95557606326e-6,0.9313386,0.95544,0.9754,0.98195,VUS,.,1
chr1,236749194,A,G,ACTN2,c.1586A>G,p.Asn529Ser,3.88882211114e-5,0.7360299,0.72555,0.0797,0.75688,Conflicting,Uncertain_significance(2)|Likely_benign(2),1
chr1,236749197,A,G,ACTN2,c.1589A>G,p.Asn530Ser,1.0606478437e-5,0.6184348,0.48105,0.2017,0.76962,Conflicting,Uncertain_significance(3)|Likely_benign(1),1
chr1,236751551,A,G,ACTN2,c.1738A>G,p.Asn580Asp,3.97677563032e-6,0.370563,0.49871,0.1419,0.38625,B/LB,.,1
chr1,236751553,C,A,ACTN2,c.1740C>A,p.Asn580Lys,2.78378722321e-5,0.14394465,0.27398,0.1463,0.42499,B/LB,.,1
chr1,236751552,A,G,ACTN2,c.1739A>G,p.Asn580Ser,NA,0.20547953,0.42578,0.0658,0.28927,VUS,.,2
chr1,236751582,A,G,ACTN2,c.1769A>G,p.Asn590Ser,NA,0.11208363,0.42943,0.0546,0.51795,Conflicting,Uncertain_significance(2)|Likely_benign(1),1
chr1,236751602,A,C,ACTN2,c.1789A>C,p.Asn597His,7.95639893384e-6,0.83721226,0.86586,0.7348,0.67181,VUS,.,2
chr1,236754010,A,G,ACTN2,c.1903A>G,p.Asn635Asp,NA,0.77159756,0.50805,0.6677,0.74378,VUS,.,2
chr1,236754012,C,A,ACTN2,c.1905C>A,p.Asn635Lys,NA,0.92441136,0.66202,0.926,0.7375,VUS,.,1
chr1,236754047,A,G,ACTN2,c.1940A>G,p.Asn647Ser,NA,0.74672824,0.69696,0.1563,0.68108,VUS,.,1
chr1,236755095,A,T,ACTN2,c.2051A>T,p.Asn684Ile,3.97652261051e-6,0.49894574,0.42028,0.1398,0.76611,Conflicting,Uncertain_significance(3)|Likely_benign(1),1
chr1,236755105,C,A,ACTN2,c.2061C>A,p.Asn687Lys,3.18552497452e-5,0.30010608,0.2072,0.2188,0.64865,VUS,.,1
chr1,236755104,A,C,ACTN2,c.2060A>C,p.Asn687Thr,3.1847133758e-5,0.3295004,0.2335,0.0829,0.63904,VUS,.,1
chr1,236755114,C,A,ACTN2,c.2070C>A,p.Asn690Lys,NA,0.3626806,0.16647,0.1472,0.55818,VUS,.,2
chr1,236755113,A,G,ACTN2,c.2069A>G,p.Asn690Ser,1.41410713276e-5,0.14275414,0.17616,0.0651,0.06118,Conflicting,Uncertain_significance(4)|Benign(1),1
chr1,236755185,A,T,ACTN2,c.2141A>T,p.Asn714Ile,NA,0.5193175,0.55478,0.1668,0.73256,VUS,.,0
chr1,236757537,A,G,ACTN2,c.2206A>G,p.Asn736Asp,NA,0.91598207,0.81946,0.9404,0.89223,VUS,.,1
chr1,236757538,A,T,ACTN2,c.2207A>T,p.Asn736Ile,NA,0.95690084,0.87527,0.9578,0.98926,VUS,.,1
chr1,236757538,A,G,ACTN2,c.2207A>G,p.Asn736Ser,3.97630124458e-6,0.7126717,0.77528,0.3306,0.69789,VUS,.,2
chr1,236757620,C,G,ACTN2,c.2289C>G,p.Asn763Lys,3.97630124458e-6,0.80927235,0.68052,0.4902,0.81974,VUS,.,2
chr1,236757619,A,G,ACTN2,c.2288A>G,p.Asn763Ser,3.97633286678e-6,0.54868567,0.59861,0.0625,0.65352,B/LB,.,1
chr1,236759731,A,G,ACTN2,c.2309A>G,p.Asn770Ser,3.97626962289e-6,0.16385119,0.16972,0.0814,0.3778,VUS,.,1
chr1,236761058,A,G,ACTN2,c.2411A>G,p.Asn804Ser,3.9762380017e-6,0.35738283,0.70521,0.0561,0.2617,VUS,.,2
chr1,236718949,T,G,ACTN2,c.297T>G,p.Asn99Lys,NA,0.9849245,0.87479,0.9999,0.98596,VUS,.,1
chr1,236686716,G,A,ACTN2,c.43G>A,p.Asp15Asn,NA,0.12698883,0.35103,0.0728,0.32272,Conflicting,Uncertain_significance(1)|Likely_benign(1),1
chr1,236727685,G,T,ACTN2,c.544G>T,p.Asp182Tyr,NA,0.9864725,0.9789,0.9797,0.87743,VUS,.,1
chr1,236731233,G,A,ACTN2,c.616G>A,p.Asp206Asn,NA,0.6242118,0.82629,0.1644,0.40101,VUS,.,2
chr1,236731234,A,G,ACTN2,c.617A>G,p.Asp206Gly,3.97826277221e-6,0.7031546,0.94765,0.258,0.57329,VUS,.,2
chr1,236731233,G,C,ACTN2,c.616G>C,p.Asp206His,NA,0.8327086,0.93306,0.5827,0.79505,VUS,.,1
chr1,236731233,G,T,ACTN2,c.616G>T,p.Asp206Tyr,NA,0.89050514,0.93699,0.4755,0.80631,VUS,.,1
chr1,236731237,A,G,ACTN2,c.620A>G,p.Asp207Gly,NA,0.95154935,0.86686,0.7658,0.87219,VUS,.,1
chr1,236731236,G,T,ACTN2,c.619G>T,p.Asp207Tyr,NA,0.97844154,0.8849,0.5194,0.84463,VUS,.,1
chr1,236731307,T,A,ACTN2,c.690T>A,p.Asp230Glu,1.13163776275e-4,0.8343574,0.96465,0.7685,0.67491,Conflicting,Uncertain_significance(6)|Likely_benign(3),1
chr1,236731306,A,G,ACTN2,c.689A>G,p.Asp230Gly,3.18369945877e-5,0.9390537,0.99545,0.9475,0.91446,B/LB,.,1
chr1,236731306,A,T,ACTN2,c.689A>T,p.Asp230Val,NA,0.9626795,0.99622,0.9345,0.96192,VUS,.,1
chr1,236731314,G,A,ACTN2,c.697G>A,p.Asp233Asn,NA,0.95456266,0.91753,0.9446,0.88582,VUS,.,2
chr1,236735635,A,G,ACTN2,c.698A>G,p.Asp233Gly,NA,0.96691906,0.9628,0.9511,0.90483,VUS,.,1
chr1,236735658,G,A,ACTN2,c.721G>A,p.Asp241Asn,3.97718685619e-6,0.9528617,0.9246,0.9913,0.81011,VUS,.,2
chr1,236686758,G,A,ACTN2,c.85G>A,p.Asp29Asn,NA,0.8130065,0.56024,0.7206,0.79095,VUS,.,2
chr1,236739389,G,A,ACTN2,c.964G>A,p.Asp322Asn,NA,0.54408675,0.67418,0.3549,0.66067,VUS,.,1
chr1,236739391,C,G,ACTN2,c.966C>G,p.Asp322Glu,NA,0.18845387,0.58507,0.443,0.19717,VUS,.,1
chr1,236739389,G,T,ACTN2,c.964G>T,p.Asp322Tyr,NA,0.8759836,0.88726,0.6139,0.86639,VUS,.,1
chr1,236742896,G,A,ACTN2,c.1108G>A,p.Asp370Asn,3.97658586244e-6,0.78376156,0.73078,0.5773,0.8222,VUS,.,1
chr1,236742897,A,T,ACTN2,c.1109A>T,p.Asp370Val,NA,0.9200593,0.91371,0.8912,0.86676,VUS,.,1
chr1,236744718,G,A,ACTN2,c.1348G>A,p.Asp450Asn,1.19467652142e-5,0.8395136,0.77271,0.8435,0.81743,Conflicting,Uncertain_significance(1)|Benign(1),1
chr1,236744719,A,G,ACTN2,c.1349A>G,p.Asp450Gly,NA,0.9194203,0.90413,0.9679,0.93949,VUS,.,1
chr1,236744718,G,T,ACTN2,c.1348G>T,p.Asp450Tyr,7.9645101428e-6,0.9396477,0.88443,0.9705,0.94975,VUS,.,2
chr1,236747675,A,G,ACTN2,c.1415A>G,p.Asp472Gly,3.97902259289e-6,0.6659611,0.74306,0.2117,0.55302,VUS,.,1
chr1,236747683,G,A,ACTN2,c.1423G>A,p.Asp475Asn,0.00742309895815,0.3307715,0.61955,0.1037,0.68949,B/LB,.,2
chr1,236747702,A,G,ACTN2,c.1442A>G,p.Asp481Gly,3.97725012926e-6,0.42907152,0.28662,0.1014,0.03959,VUS,.,2
chr1,236747722,G,T,ACTN2,c.1462G>T,p.Asp488Tyr,NA,0.8958398,0.85718,0.6708,0.76161,VUS,.,1
chr1,236747733,C,G,ACTN2,c.1473C>G,p.Asp491Glu,NA,0.42210808,0.56024,0.983,0.6027,VUS,.,1
chr1,236749222,T,G,ACTN2,c.1614T>G,p.Asp538Glu,NA,0.6796015,0.69443,0.9927,0.71089,VUS,.,1
chr1,236749230,A,G,ACTN2,c.1622A>G,p.Asp541Gly,NA,0.8545863,0.94503,0.992,0.70266,VUS,.,1
chr1,236751520,C,A,ACTN2,c.1707C>A,p.Asp569Glu,NA,0.3466937,0.60924,0.3144,0.34708,Conflicting,Uncertain_significance(2)|Likely_benign(1),1
chr1,236751627,A,G,ACTN2,c.1814A>G,p.Asp605Gly,NA,0.29437858,0.39571,0.0879,0.35385,VUS,.,1
chr1,236751647,G,A,ACTN2,c.1834G>A,p.Asp612Asn,NA,0.28630123,0.51417,0.0865,0.20566,VUS,.,1
chr1,236753971,G,A,ACTN2,c.1864G>A,p.Asp622Asn,2.89967820644e-4,0.758442,0.80605,0.401,0.75916,Conflicting,Uncertain_significance(1)|Benign(2)|Likely_benign(6),1
chr1,236753972,A,G,ACTN2,c.1865A>G,p.Asp622Gly,3.97737668144e-6,0.8836389,0.92948,0.8091,0.74716,VUS,.,1
chr1,236717924,G,A,ACTN2,c.193G>A,p.Asp65Asn,7.95538619422e-6,0.9262431,0.92378,0.9614,0.83491,VUS,.,2
chr1,236717925,A,G,ACTN2,c.194A>G,p.Asp65Gly,NA,0.937915,0.95802,0.9886,0.8178,VUS,.,1
chr1,236755121,G,A,ACTN2,c.2077G>A,p.Asp693Asn,3.97696541631e-6,0.47265026,0.60456,0.2378,0.73966,VUS,.,1
chr1,236755122,A,G,ACTN2,c.2078A>G,p.Asp693Gly,NA,0.87272626,0.88585,0.4991,0.71455,VUS,.,2
chr1,236755138,C,A,ACTN2,c.2094C>A,p.Asp698Glu,NA,0.35277912,0.52023,0.2892,0.42008,VUS,.,1
chr1,236759753,T,G,ACTN2,c.2331T>G,p.Asp777Glu,NA,0.25697812,0.71636,0.3809,0.37516,VUS,.,1
chr1,236761051,G,A,ACTN2,c.2404G>A,p.Asp802Asn,NA,0.7707442,0.92419,0.6949,0.68657,VUS,.,1
chr1,236761093,G,A,ACTN2,c.2446G>A,p.Asp816Asn,3.97677563032e-6,0.50150967,0.78163,0.2635,0.78734,Conflicting,Uncertain_significance(2)|Likely_benign(1),1
chr1,236761117,G,C,ACTN2,c.2470G>C,p.Asp824His,NA,0.5123014,0.7891,0.9216,0.89576,VUS,.,1
chr1,236761123,G,A,ACTN2,c.2476G>A,p.Asp826Asn,7.95563935496e-6,0.82271117,0.781,0.7828,0.74366,B/LB,.,1
chr1,236761124,A,T,ACTN2,c.2477A>T,p.Asp826Val,7.9552596199e-6,0.8950611,0.87722,0.9415,0.94333,Conflicting,Uncertain_significance(2)|Likely_benign(1),1
chr1,236762503,G,A,ACTN2,c.2569G>A,p.Asp857Asn,NA,0.51283485,0.69612,0.1269,0.75507,VUS,.,1
chr1,236762505,T,A,ACTN2,c.2571T>A,p.Asp857Glu,NA,0.16828704,0.19811,0.0648,0.39114,VUS,.,1
chr1,236762504,A,G,ACTN2,c.2570A>G,p.Asp857Gly,NA,0.48475546,0.61272,0.1828,0.81685,VUS,.,1
chr1,236762503,G,C,ACTN2,c.2569G>C,p.Asp857His,2.38859208421e-5,0.61116403,0.72328,0.243,0.79046,VUS,.,2
chr1,236718914,G,C,ACTN2,c.262G>C,p.Asp88His,NA,0.9149322,0.7293,0.9952,0.89389,VUS,.,1
chr1,236762611,G,A,ACTN2,c.2677G>A,p.Asp893Asn,1.59424089334e-4,0.42298785,0.73735,0.4707,0.72066,Conflicting,Uncertain_significance(2)|Likely_benign(2),1
chr1,236762612,A,G,ACTN2,c.2678A>G,p.Asp893Gly,2.1249017233e-5,0.6930637,0.90721,0.744,0.75705,Conflicting,Uncertain_significance(3)|Likely_benign(1),1
chr1,236762612,A,T,ACTN2,c.2678A>T,p.Asp893Val,NA,0.76045614,0.91285,0.8147,0.83817,VUS,.,1
chr1,236739442,C,G,ACTN2,c.1017C>G,p.Cys339Trp,NA,0.77168345,0.69188,0.9777,0.86356,VUS,.,1
chr1,236747707,T,A,ACTN2,c.1447T>A,p.Cys483Ser,NA,0.8997429,0.84666,0.9568,0.89935,VUS,.,1
chr1,236747719,T,C,ACTN2,c.1459T>C,p.Cys487Arg,NA,0.9175555,0.85301,0.9944,0.92251,P/LP,.,1
chr1,236747720,G,T,ACTN2,c.1460G>T,p.Cys487Phe,NA,0.87081,0.85975,0.9923,0.92087,VUS,.,2
chr1,236747720,G,C,ACTN2,c.1460G>C,p.Cys487Ser,NA,0.8431214,0.83471,0.9882,0.86574,VUS,.,1
chr1,236717874,G,C,ACTN2,c.143G>C,p.Cys48Ser,NA,0.9529011,0.89966,0.962,0.86155,VUS,.,2
chr1,236759764,G,T,ACTN2,c.2342G>T,p.Cys781Phe,NA,0.9493177,0.95728,0.9667,0.95956,VUS,.,1
chr1,236720175,G,C,ACTN2,c.432G>C,p.Gln144His,NA,0.87777096,0.786,0.932,0.78494,VUS,.,1
chr1,236720174,A,T,ACTN2,c.431A>T,p.Gln144Leu,NA,0.89980865,0.82855,0.9058,0.91362,VUS,.,1
chr1,236686738,A,G,ACTN2,c.65A>G,p.Gln22Arg,NA,0.63116413,0.6173,0.4263,0.49572,VUS,.,1
chr1,236686738,A,T,ACTN2,c.65A>T,p.Gln22Leu,NA,0.7978292,0.72022,0.4278,0.63451,VUS,.,2
chr1,236735719,A,G,ACTN2,c.782A>G,p.Gln261Arg,NA,0.7936343,0.60574,0.2941,0.66557,VUS,.,1
chr1,236737167,C,G,ACTN2,c.829C>G,p.Gln277Glu,NA,0.77018285,0.71401,0.2456,0.91662,VUS,.,1
chr1,236739366,A,C,ACTN2,c.941A>C,p.Gln314Pro,NA,0.6888053,0.42395,0.0655,0.4926,VUS,.,1
chr1,236739375,A,G,ACTN2,c.950A>G,p.Gln317Arg,7.95298197059e-6,0.49551323,0.74727,0.1598,0.78778,VUS,.,1
chr1,236739375,A,C,ACTN2,c.950A>C,p.Gln317Pro,NA,0.95474726,0.94466,0.9246,0.91365,VUS,.,1
chr1,236739471,A,G,ACTN2,c.1046A>G,p.Gln349Arg,NA,0.90851784,0.92908,0.9114,0.96525,VUS,.,1
chr1,236739471,A,T,ACTN2,c.1046A>T,p.Gln349Leu,1.0606478437e-5,0.86828464,0.95212,0.9287,0.89098,Conflicting,Uncertain_significance(4)|Benign(1),1
chr1,236742927,A,G,ACTN2,c.1139A>G,p.Gln380Arg,NA,0.38018167,0.60219,0.1959,0.71201,VUS,.,1
chr1,236686681,A,G,ACTN2,c.8A>G,p.Gln3Arg,NA,0.20104752,0.68757,0.0878,0.18118,VUS,.,1
chr1,236686682,G,T,ACTN2,c.9G>T,p.Gln3His,NA,0.08883447,0.69863,0.0899,0.25481,VUS,.,1
chr1,236743011,A,G,ACTN2,c.1223A>G,p.Gln408Arg,NA,0.59502053,0.59861,0.2684,0.65424,VUS,.,1
chr1,236744647,A,G,ACTN2,c.1277A>G,p.Gln426Arg,NA,0.44248012,0.29647,0.1062,0.78862,VUS,.,1
chr1,236744749,A,G,ACTN2,c.1379A>G,p.Gln460Arg,NA,0.37680128,0.69443,0.8371,0.83682,VUS,.,1
chr1,236747712,G,C,ACTN2,c.1452G>C,p.Gln484His,1.94889907089e-4,0.75108695,0.70029,0.8395,0.58631,B/LB,.,2
chr1,236747754,G,C,ACTN2,c.1494G>C,p.Gln498His,3.18369945877e-5,0.33621642,0.53499,0.4389,0.55811,VUS,.,2
chr1,236749155,A,G,ACTN2,c.1547A>G,p.Gln516Arg,NA,0.35259715,0.75687,0.211,0.74852,VUS,.,1
chr1,236749155,A,T,ACTN2,c.1547A>T,p.Gln516Leu,3.1841049481e-5,0.53276026,0.79461,0.1655,0.48053,VUS,.,2
chr1,236751532,G,C,ACTN2,c.1719G>C,p.Gln573His,NA,0.24208641,0.36984,0.1584,0.45153,VUS,.,0
chr1,236717904,A,G,ACTN2,c.173A>G,p.Gln58Arg,NA,0.46050525,0.37795,0.401,0.77094,VUS,.,1
chr1,236753983,C,A,ACTN2,c.1876C>A,p.Gln626Lys,NA,0.6010836,0.59007,0.153,0.37537,VUS,.,1
chr1,236754030,G,T,ACTN2,c.1923G>T,p.Gln641His,NA,0.8037418,0.65522,0.3264,0.65248,VUS,.,2
chr1,236754068,A,G,ACTN2,c.1961A>G,p.Gln654Arg,NA,0.36917156,0.73372,0.1951,0.70392,VUS,.,1
chr1,236755042,G,C,ACTN2,c.1998G>C,p.Gln666His,NA,0.16888998,0.20419,0.1091,0.22212,VUS,.,1
chr1,236755083,A,G,ACTN2,c.2039A>G,p.Gln680Arg,1.98826130525e-5,0.41273975,0.4034,0.0917,0.71925,VUS,.,2
chr1,236755152,A,T,ACTN2,c.2108A>T,p.Gln703Leu,4.59792880991e-5,0.91666704,0.83305,0.8444,0.86717,Conflicting,Uncertain_significance(4)|Benign(1)|Likely_benign(1),1
chr1,236757553,A,G,ACTN2,c.2222A>G,p.Gln741Arg,7.95279222535e-6,0.66030973,0.83911,0.7497,0.88002,B/LB,.,1
chr1,236757554,G,C,ACTN2,c.2223G>C,p.Gln741His,NA,0.8112862,0.8131,0.848,0.752,VUS,.,1
chr1,236761083,A,T,ACTN2,c.2436A>T,p.Gln812His,3.97639611268e-6,0.5931011,0.81717,0.5905,0.71753,VUS,.,2
chr1,236761082,A,C,ACTN2,c.2435A>C,p.Gln812Pro,NA,0.8109089,0.93464,0.2996,0.84607,VUS,.,1
chr1,236761135,C,A,ACTN2,c.2488C>A,p.Gln830Lys,1.98916303976e-5,0.89700437,0.82968,0.7263,0.81974,VUS,.,1
chr1,236762507,A,C,ACTN2,c.2573A>C,p.Gln858Pro,7.96089607846e-6,0.9167003,0.93346,0.9233,0.91269,Conflicting,Uncertain_significance(2)|Likely_benign(1),1
chr1,236762512,C,G,ACTN2,c.2578C>G,p.Gln860Glu,3.98028960587e-6,0.18424669,0.42028,0.0457,2.3e-4,B/LB,.,1
chr1,236686699,A,G,ACTN2,c.26A>G,p.Gln9Arg,7.21541212029e-4,0.16747963,0.67782,0.1039,0.40406,Conflicting,Uncertain_significance(3)|Likely_benign(8),1
chr1,236686699,A,C,ACTN2,c.26A>C,p.Gln9Pro,NA,0.24643666,0.56694,0.0764,0.15137,VUS,.,2
chr1,236719010,G,A,ACTN2,c.358G>A,p.Glu120Lys,NA,0.92574939999999994,0.97248,0.9964,0.98003,VUS,.,1
chr1,236720106,A,C,ACTN2,c.363A>C,p.Glu121Asp,NA,0.56798965,0.53788,0.983,0.79029,VUS,.,1
chr1,236720190,A,C,ACTN2,c.447A>C,p.Glu149Asp,NA,0.70929027,0.60219,0.9037,0.61241,VUS,.,2
chr1,236720189,A,G,ACTN2,c.446A>G,p.Glu149Gly,NA,0.76013386,0.85459,0.7673,0.87237,VUS,.,1
chr1,236725948,A,C,ACTN2,c.464A>C,p.Glu155Ala,NA,0.8682505,0.99346,0.9553,0.8169,VUS,.,1
chr1,236725947,G,A,ACTN2,c.463G>A,p.Glu155Lys,NA,0.94888645,0.97549,0.9913,0.77094,VUS,.,1
chr1,236686719,G,A,ACTN2,c.46G>A,p.Glu16Lys,4.55663902306e-6,0.3301395,0.38592,0.1073,0.67833,Conflicting,Uncertain_significance(1)|Likely_benign(1),1
chr1,236686726,A,C,ACTN2,c.53A>C,p.Glu18Ala,NA,0.26610836,0.29647,0.1296,0.38962,VUS,.,1
chr1,236686727,G,C,ACTN2,c.54G>C,p.Glu18Asp,3.20128783236e-5,0.05925485,0.29403,0.0632,0.19023,B/LB,.,1
chr1,236731266,G,A,ACTN2,c.649G>A,p.Glu217Lys,NA,0.8648597,0.64522,0.5847,0.76282,VUS,.,1
chr1,236686740,G,C,ACTN2,c.67G>C,p.Glu23Gln,NA,0.22499752,0.39764,0.7343,0.60503,VUS,.,1
chr1,236735662,A,G,ACTN2,c.725A>G,p.Glu242Gly,NA,0.94860244,0.93108,0.9502,0.93424,VUS,.,1
chr1,236735717,G,C,ACTN2,c.780G>C,p.Glu260Asp,7.95671546785e-6,0.666941,0.60924,0.7813,0.8023,B/LB,.,1
chr1,236737125,G,A,ACTN2,c.787G>A,p.Glu263Lys,NA,0.7635723,0.89053,0.9154,0.86657,VUS,.,2
chr1,236737172,G,C,ACTN2,c.834G>C,p.Glu278Asp,NA,0.26589778,0.53499,0.1914,0.67045,VUS,.,1
chr1,236737190,A,T,ACTN2,c.852A>T,p.Glu284Asp,3.97702868233e-6,0.4211816,0.38986,0.2138,0.46472,VUS,.,1
chr1,236739339,A,C,ACTN2,c.914A>C,p.Glu305Ala,7.95329823278e-6,0.47436145,0.70029,0.317,0.847,B/LB,.,1
chr1,236739354,A,G,ACTN2,c.929A>G,p.Glu310Gly,NA,0.54423237,0.76156,0.3082,0.75395,VUS,.,2
chr1,236739353,G,A,ACTN2,c.928G>A,p.Glu310Lys,NA,0.60547477,0.68757,0.4212,0.86841,VUS,.,2
chr1,236739434,G,A,ACTN2,c.1009G>A,p.Glu337Lys,NA,0.8292075,0.94315,0.847,0.94604,VUS,.,2
chr1,236739450,A,G,ACTN2,c.1025A>G,p.Glu342Gly,3.97642773638e-6,0.7504846,0.86485,0.9486,0.97566,Conflicting,Uncertain_significance(1)|Likely_benign(1),1
chr1,236739515,G,A,ACTN2,c.1090G>A,p.Glu364Lys,7.97549926625e-6,0.7272754,0.82968,0.4788,0.9441,Conflicting,Uncertain_significance(2)|Likely_benign(1),1
chr1,236742923,G,A,ACTN2,c.1135G>A,p.Glu379Lys,NA,0.8989755,0.86078,0.9136,0.96052,VUS,.,1
chr1,236742933,A,G,ACTN2,c.1145A>G,p.Glu382Gly,7.95279222535e-6,0.86240983,0.91155,0.9209,0.96702,Conflicting,Uncertain_significance(1)|Likely_benign(1),1
chr1,236742944,G,A,ACTN2,c.1156G>A,p.Glu386Lys,1.06055785343e-5,0.79204965,0.84826,0.9613,0.88938,VUS,.,2
chr1,236742962,G,A,ACTN2,c.1174G>A,p.Glu392Lys,3.97658586244e-6,0.88884795,0.90146,0.8795,0.91358,VUS,.,1
chr1,236742986,G,A,ACTN2,c.1198G>A,p.Glu400Lys,NA,0.50815374,0.66863,0.5114,0.75401,VUS,.,1
chr1,236743000,G,T,ACTN2,c.1212G>T,p.Glu404Asp,NA,0.7542746,0.49714,0.2617,0.73906,VUS,.,1
chr1,236743030,G,T,ACTN2,c.1242G>T,p.Glu414Asp,NA,0.5917875,0.67234,0.2771,0.80117,VUS,.,2
chr1,236743028,G,A,ACTN2,c.1240G>A,p.Glu414Lys,NA,0.821162,0.82061,0.404,0.9234,VUS,.,2
chr1,236744633,G,T,ACTN2,c.1263G>T,p.Glu421Asp,NA,0.50804114,0.58126,0.2027,0.86574,VUS,.,1
chr1,236744632,A,G,ACTN2,c.1262A>G,p.Glu421Gly,NA,0.76233107,0.91069,0.3395,0.96382,VUS,.,1
chr1,236744658,G,C,ACTN2,c.1288G>C,p.Glu430Gln,1.41497753723e-5,0.36304855,0.60338,0.1825,0.62317,Conflicting,Uncertain_significance(2)|Benign(1),1
chr1,236744658,G,A,ACTN2,c.1288G>A,p.Glu430Lys,3.9795926489e-6,0.5560959,0.5787,0.2951,0.7262,VUS,.,1
chr1,236744677,A,C,ACTN2,c.1307A>C,p.Glu436Ala,6.36654310857e-5,0.47261378,0.71714,0.1921,0.72504,Conflicting,Uncertain_significance(2)|Likely_benign(1),1
chr1,236744703,G,A,ACTN2,c.1333G>A,p.Glu445Lys,3.18468802e-5,0.8140347,0.79279,0.8629,0.84754,Conflicting,Uncertain_significance(2)|Likely_benign(2),1
chr1,236744712,G,C,ACTN2,c.1342G>C,p.Glu448Gln,7.96235399033e-6,0.36765683,0.69016,0.7809,0.80111,Conflicting,Uncertain_significance(1)|Likely_benign(1),1
chr1,236744712,G,A,ACTN2,c.1342G>A,p.Glu448Lys,3.98117699517e-6,0.8135799,0.8336,0.9702,0.90208,VUS,.,2
chr1,236749132,G,T,ACTN2,c.1524G>T,p.Glu508Asp,3.97797791427e-6,0.6440418,0.66863,0.4954,0.84082,VUS,.,1
chr1,236749130,G,A,ACTN2,c.1522G>A,p.Glu508Lys,NA,0.71345824,0.81193,0.7849,0.86745,VUS,.,1
chr1,236749217,G,A,ACTN2,c.1609G>A,p.Glu537Lys,NA,0.93954563,0.88013,0.991,0.97279,VUS,.,2
chr1,236749254,A,T,ACTN2,c.1646A>T,p.Glu549Val,1.41407713791e-5,0.72289884,0.80188,0.6074,0.89471,Conflicting,Uncertain_significance(1)|Benign(1),1
chr1,236751512,G,A,ACTN2,c.1699G>A,p.Glu567Lys,NA,0.56786233,0.77142,0.4711,0.73798,VUS,.,2
chr1,236751554,G,A,ACTN2,c.1741G>A,p.Glu581Lys,7.07063565014e-6,0.58623093,0.74235,0.7848,0.92368,VUS,.,1
chr1,236751561,A,C,ACTN2,c.1748A>C,p.Glu583Ala,2.38610333418e-5,0.36904085,0.65913,0.119,0.73292,Conflicting,Uncertain_significance(5)|Likely_benign(1),1
chr1,236751561,A,G,ACTN2,c.1748A>G,p.Glu583Gly,9.72260523394e-4,0.44573444,0.71163,0.0984,0.77225,B/LB,.,2
chr1,236751560,G,A,ACTN2,c.1747G>A,p.Glu583Lys,NA,0.42948797,0.3402,0.1265,0.85944,VUS,.,1
chr1,236751629,G,C,ACTN2,c.1816G>C,p.Glu606Gln,NA,0.46460995,0.58254,0.1371,0.16265,VUS,.,1
chr1,236753990,A,G,ACTN2,c.1883A>G,p.Glu628Gly,NA,0.78849155,0.9484,0.9137,0.87269,P/LP,.,0
chr1,236753989,G,A,ACTN2,c.1882G>A,p.Glu628Lys,NA,0.8697427,0.93582,0.9823,0.87332,VUS,.,1
chr1,236754014,A,G,ACTN2,c.1907A>G,p.Glu636Gly,NA,0.8526348,0.90101,0.8163,0.72924,VUS,.,2
chr1,236754013,G,A,ACTN2,c.1906G>A,p.Glu636Lys,1.76905985083e-5,0.889185,0.87332,0.9424,0.80936,VUS,.,2
chr1,236717918,G,A,ACTN2,c.187G>A,p.Glu63Lys,NA,0.86174107,0.66297,0.9247,0.9584,VUS,.,1
chr1,236717922,A,G,ACTN2,c.191A>G,p.Glu64Gly,NA,0.7854822,0.95544,0.432,0.92817,VUS,.,1
chr1,236717921,G,A,ACTN2,c.190G>A,p.Glu64Lys,NA,0.7747558,0.94238,0.6519,0.89451,VUS,.,1
chr1,236754079,G,C,ACTN2,c.1972G>C,p.Glu658Gln,3.18349675283e-5,0.4690547,0.47447,0.2345,0.79527,VUS,.,2
chr1,236755058,G,A,ACTN2,c.2014G>A,p.Glu672Lys,NA,0.9078485,0.82799,0.9048,0.86398,VUS,.,1
chr1,236755131,A,G,ACTN2,c.2087A>G,p.Glu696Gly,NA,0.88469106,0.85459,0.9141,0.91251,VUS,.,1
chr1,236757541,A,C,ACTN2,c.2210A>C,p.Glu737Ala,3.97636448947e-6,0.63210493,0.89007,0.7613,0.92041,VUS,.,2
chr1,236757542,G,T,ACTN2,c.2211G>T,p.Glu737Asp,3.97639611268e-6,0.6427021,0.65226,0.4647,0.63525,Conflicting,Uncertain_significance(1)|Likely_benign(1),1
chr1,236761024,G,A,ACTN2,c.2377G>A,p.Glu793Lys,3.97626962289e-6,0.76747555,0.93969,0.9578,0.90051,VUS,.,2
chr1,236761109,A,G,ACTN2,c.2462A>G,p.Glu821Gly,NA,0.6893817,0.89786,0.9269,0.83314,VUS,.,1
chr1,236761132,G,A,ACTN2,c.2485G>A,p.Glu829Lys,NA,0.84858745,0.77077,0.5636,0.81863,VUS,.,2
chr1,236718896,G,A,ACTN2,c.244G>A,p.Glu82Lys,7.95431044083e-6,0.9110539,0.78288,0.9483,0.91615,VUS,.,2
chr1,236762479,G,A,ACTN2,c.2545G>A,p.Glu849Lys,NA,0.85208845,0.86686,0.9203,0.97458,VUS,.,1
chr1,236762607,G,C,ACTN2,c.2673G>C,p.Glu891Asp,NA,0.74537534,0.87381,0.5882,0.49102,VUS,.,1
chr1,236718984,G,C,ACTN2,c.332G>C,p.Gly111Ala,NA,0.940719,0.85615,0.9593,0.97261,VUS,.,1
chr1,236718983,G,A,ACTN2,c.331G>A,p.Gly111Arg,5.6568284991e-5,0.8330885,0.86027,0.9909,0.95526,Conflicting,Uncertain_significance(4)|Likely_benign(2),1
chr1,236718984,G,T,ACTN2,c.332G>T,p.Gly111Val,NA,0.9722259,0.92253,0.9926,0.99002,VUS,.,1
chr1,236719005,G,A,ACTN2,c.353G>A,p.Gly118Asp,NA,0.9533016,0.8849,0.999,0.96479,VUS,.,2
chr1,236719004,G,T,ACTN2,c.352G>T,p.Gly118Cys,NA,0.966295,0.9217,0.9947,0.9668,P/LP,.,1
chr1,236719004,G,A,ACTN2,c.352G>A,p.Gly118Ser,NA,0.91019416,0.78786,0.9563,0.91749,VUS,.,2
chr1,236720116,G,A,ACTN2,c.373G>A,p.Gly125Ser,NA,0.7724985,0.91962,0.8346,0.89189,VUS,.,1
chr1,236727688,G,T,ACTN2,c.547G>T,p.Gly183Cys,NA,0.988765,0.95876,0.997,0.94376,VUS,.,1
chr1,236735710,G,T,ACTN2,c.773G>T,p.Gly258Val,NA,0.96495163,0.91498,0.8558,0.9044,VUS,.,1
chr1,236742905,G,A,ACTN2,c.1117G>A,p.Gly373Ser,1.5906090442e-5,0.1569199,0.26882,0.0644,0.02109,Conflicting,Uncertain_significance(3)|Likely_benign(1),1
chr1,236742938,G,T,ACTN2,c.1150G>T,p.Gly384Cys,NA,0.8828835,0.85924,0.696,0.80441,VUS,.,1
chr1,236743043,G,A,ACTN2,c.1255G>A,p.Gly419Ser,3.97816781503e-6,0.74291396,0.78662,0.3645,0.66289,VUS,.,1
chr1,236747740,G,A,ACTN2,c.1480G>A,p.Gly494Arg,NA,0.81101954,0.77271,0.9944,0.92873000000000006,VUS,.,1
chr1,236749208,G,A,ACTN2,c.1600G>A,p.Gly534Ser,7.9534247447e-6,0.56943214,0.69696,0.2071,0.49868,B/LB,.,1
chr1,236749209,G,T,ACTN2,c.1601G>T,p.Gly534Val,3.97680726006e-6,0.80857825,0.80247,0.7198,0.9168,VUS,.,1
chr1,236717898,G,A,ACTN2,c.167G>A,p.Gly56Asp,3.97750324167e-6,0.8100846,0.786,0.5947,0.94846,VUS,.,2
chr1,236717897,G,A,ACTN2,c.166G>A,p.Gly56Ser,5.17083648224e-5,0.69595426,0.69946,0.253,0.85986,Conflicting,Uncertain_significance(3)|Benign(1),1
chr1,236751521,G,C,ACTN2,c.1708G>C,p.Gly570Arg*,NA,0.14656639,0.58758,0.2379,0.00756,VUS,.,2
chr1,236751521,G,A,ACTN2,c.1708G>A,p.Gly570Arg*,4.77323171653e-5,0.14656639,0.57999,0.2379,0.00756,Conflicting,Uncertain_significance(3)|Benign(1),1
chr1,236754055,G,C,ACTN2,c.1948G>C,p.Gly650Arg,3.980923415e-6,0.95027936,0.89877,0.983,0.94665,Conflicting,Uncertain_significance(2)|Likely_benign(1),1
chr1,236754056,G,T,ACTN2,c.1949G>T,p.Gly650Val,NA,0.9718535,0.93892,0.8468,0.95577,VUS,.,1
chr1,236755050,G,A,ACTN2,c.2006G>A,p.Gly669Glu,NA,0.8968743,0.80307,0.3594,0.84597,VUS,.,1
chr1,236755133,G,A,ACTN2,c.2089G>A,p.Gly697Arg,NA,0.705285,0.51112,0.6185,0.79212,VUS,.,1
chr1,236757499,G,C,ACTN2,c.2168G>C,p.Gly723Ala,NA,0.56981844,0.66956,0.4063,0.771,VUS,.,1
chr1,236757499,G,A,ACTN2,c.2168G>A,p.Gly723Glu,NA,0.848815,0.82289,0.9115,0.93562,VUS,.,2
chr1,236759778,G,A,ACTN2,c.2356G>A,p.Gly786Ser,7.95253924578e-6,0.87801933,0.98229,0.9756,0.91236,VUS,.,1
chr1,236686692,G,A,ACTN2,c.19G>A,p.Gly7Ser,NA,0.08441422,0.46781,0.0654,0.16431,VUS,.,2
chr1,236761060,G,A,ACTN2,c.2413G>A,p.Gly805Arg,1.59054579579e-5,0.19831458,0.74093,0.1769,0.433,Conflicting,Uncertain_significance(4)|Likely_benign(1),1
chr1,236761066,G,C,ACTN2,c.2419G>C,p.Gly807Arg,NA,0.8450624,0.95249,0.3893,0.83375,VUS,.,1
chr1,236717972,G,C,ACTN2,c.241G>C,p.Gly81Arg,NA,0.8859823,0.99189,0.9094,0.87096,VUS,.,1
chr1,236718894,G,A,ACTN2,c.242G>A,p.Gly81Glu,NA,0.778868,0.98041,0.8951,0.90268,VUS,.,2
chr1,236762546,G,T,ACTN2,c.2612G>T,p.Gly871Val,NA,0.9121955,0.87771,0.3332,0.72157,VUS,.,2
chr1,236762551,G,C,ACTN2,c.2617G>C,p.Gly873Arg,3.97883261051e-6,0.3330361,0.56562,0.2902,0.56771,Conflicting,Uncertain_significance(1)|Likely_benign(1),1
chr1,236762563,G,T,ACTN2,c.2629G>T,p.Gly877Cys,1.98936881306e-5,0.8980661,0.9171,0.4148,0.89895,VUS,.,2
chr1,236762602,G,A,ACTN2,c.2668G>A,p.Gly890Arg,2.38942916537e-5,0.9059154,0.93425,0.9659,0.79438,Conflicting,Uncertain_significance(1)|Benign(1),1
chr1,236727713,A,G,ACTN2,c.572A>G,p.His191Arg,NA,0.9569945,0.9989,0.9809,0.93011,VUS,.,1
chr1,236727714,C,A,ACTN2,c.573C>A,p.His191Gln,NA,0.96407306,0.97549,0.9713,0.81011,VUS,.,1
chr1,236727712,C,T,ACTN2,c.571C>T,p.His191Tyr,3.97636448947e-6,0.94904995,0.99434,0.7977,0.78274,VUS,.,1
chr1,236727720,C,G,ACTN2,c.579C>G,p.His193Gln,NA,0.97224337,0.9721,0.9958,0.81347,VUS,.,1
chr1,236735697,C,T,ACTN2,c.760C>T,p.His254Tyr,NA,0.94605273,0.98955,0.9865,0.86103,VUS,.,1
chr1,236739413,C,G,ACTN2,c.988C>G,p.His330Asp,NA,0.6492157,0.72705,0.6712,0.85821,VUS,.,1
chr1,236739414,A,T,ACTN2,c.989A>T,p.His330Leu,NA,0.7396396,0.8246,0.3662,0.85498,VUS,.,1
chr1,236743025,C,G,ACTN2,c.1237C>G,p.His413Asp,NA,0.95575523,0.86232,0.9891,0.8593,VUS,.,2
chr1,236743027,C,G,ACTN2,c.1239C>G,p.His413Gln,2.1214156914e-5,0.89189786,0.72328,0.9143,0.6038,VUS,.,2
chr1,236743026,A,T,ACTN2,c.1238A>T,p.His413Leu,7.07113562438e-6,0.91229874,0.81601,0.7167,0.65903,VUS,.,2
chr1,236744700,C,G,ACTN2,c.1330C>G,p.His444Asp,NA,0.9468922,0.90982,0.9895,0.98859,VUS,.,2
chr1,236744731,A,C,ACTN2,c.1361A>C,p.His454Pro,NA,0.9672797,0.85039,0.9877,0.99972,VUS,.,1
chr1,236747681,A,G,ACTN2,c.1421A>G,p.His474Arg,NA,0.7201575,0.6442,0.1492,0.7722,VUS,.,1
chr1,236747680,C,T,ACTN2,c.1420C>T,p.His474Tyr,3.9784843566e-6,0.45643348,0.37593,0.0825,0.38921,B/LB,.,1
chr1,236749160,C,T,ACTN2,c.1552C>T,p.His518Tyr,5.56792873051e-5,0.38800928,0.27909,0.0986,0.46969,B/LB,.,2
chr1,236749245,A,G,ACTN2,c.1637A>G,p.His546Arg,NA,0.9059631,0.92419,0.8338,0.77636,VUS,.,1
chr1,236754005,A,G,ACTN2,c.1898A>G,p.His633Arg,NA,0.29933244,0.61388,0.2126,0.36622,VUS,.,1
chr1,236754006,T,G,ACTN2,c.1899T>G,p.His633Gln,1.41476734151e-5,0.15013373,0.4072,0.1576,0.00644,Conflicting,Uncertain_significance(3)|Likely_benign(1),1
chr1,236755140,A,G,ACTN2,c.2096A>G,p.His699Arg,3.97734504264e-6,0.79306084,0.71791,0.9167,0.95138,VUS,.,1
chr1,236759746,A,T,ACTN2,c.2324A>T,p.His775Leu,3.97626962289e-6,0.36154708,0.63588,0.0863,0.43738,B/LB,.,1
chr1,236759745,C,T,ACTN2,c.2323C>T,p.His775Tyr,1.19289037337e-5,0.3311788,0.69527,0.0993,0.46355,VUS,.,2
chr1,236718935,C,T,ACTN2,c.283C>T,p.His95Tyr,NA,0.9585504,0.87234,0.9951,0.81469,VUS,.,1
chr1,236718972,T,C,ACTN2,c.320T>C,p.Ile107Thr,NA,0.9271348,0.99253,0.9882,0.97828,VUS,.,1
chr1,236719001,A,G,ACTN2,c.349A>G,p.Ile117Val,7.95469008527e-6,0.5476228,0.6104,0.4037,0.8107,VUS,.,1
chr1,236720144,T,C,ACTN2,c.401T>C,p.Ile134Thr,1.41452719429e-5,0.86988145,0.91242,0.9888,0.77317,Conflicting,Uncertain_significance(4)|Likely_benign(1),1
chr1,236720170,A,C,ACTN2,c.427A>C,p.Ile143Leu,NA,0.9063265,0.73445,0.9753,0.85282,VUS,.,1
chr1,236720171,T,C,ACTN2,c.428T>C,p.Ile143Thr,NA,0.9278727,0.91837,0.9992,0.95287,VUS,.,1
chr1,236720170,A,G,ACTN2,c.427A>G,p.Ile143Val,NA,0.67929274,0.67234,0.8438,0.72802,VUS,.,2
chr1,236726002,T,C,ACTN2,c.518T>C,p.Ile173Thr,NA,0.75323474,0.79825,0.9858,0.75571,VUS,.,1
chr1,236726001,A,G,ACTN2,c.517A>G,p.Ile173Val,2.47468748232e-5,0.2513075,0.37995,0.1475,0.166,Conflicting,Uncertain_significance(1)|Benign(1)|Likely_benign(2),1
chr1,236727710,T,G,ACTN2,c.569T>G,p.Ile190Ser,NA,0.97380406,0.9999,0.995,0.98699,VUS,.,1
chr1,236727734,T,C,ACTN2,c.593T>C,p.Ile198Thr,NA,0.9288782,0.96985,0.7602,0.90704,VUS,.,2
chr1,236731243,T,C,ACTN2,c.626T>C,p.Ile209Thr,NA,0.4410393,0.78848,0.1017,0.50363,VUS,.,1
chr1,236731242,A,G,ACTN2,c.625A>G,p.Ile209Val,NA,0.1162766,0.55061,0.0512,0.18553,VUS,.,1
chr1,236686735,T,C,ACTN2,c.62T>C,p.Ile21Thr,NA,0.13412184,0.27141,0.0918,0.0103,VUS,.,2
chr1,236731291,T,G,ACTN2,c.674T>G,p.Ile225Ser,NA,0.9821984,0.93306,0.9978,0.99423,VUS,.,2
chr1,236731291,T,C,ACTN2,c.674T>C,p.Ile225Thr,NA,0.9506103,0.92623,0.9957,0.97807,VUS,.,2
chr1,236735638,T,A,ACTN2,c.701T>A,p.Ile234Asn,NA,0.9347137,0.98816,0.9794,0.86965,VUS,.,1
chr1,236735637,A,C,ACTN2,c.700A>C,p.Ile234Leu,NA,0.6102692,0.81193,0.1369,0.70172,VUS,.,2
chr1,236735637,A,G,ACTN2,c.700A>G,p.Ile234Val,NA,0.3117151,0.82403,0.0935,0.58945,VUS,.,1
chr1,236737144,T,C,ACTN2,c.806T>C,p.Ile269Thr,NA,0.87882006,0.97323,0.9953,0.8668,VUS,.,1
chr1,236739327,T,A,ACTN2,c.902T>A,p.Ile301Asn,NA,0.69561464,0.56024,0.4788,0.87494,VUS,.,1
chr1,236742900,T,C,ACTN2,c.1112T>C,p.Ile371Thr,NA,0.81468105,0.96502,0.7853,0.7767,VUS,.,2
chr1,236744751,A,G,ACTN2,c.1381A>G,p.Ile461Val,NA,0.22757949,0.6262,0.245,0.72297,VUS,.,1
chr1,236744762,C,G,ACTN2,c.1392C>G,p.Ile464Met,NA,0.642812,0.66297,0.514,0.70442,VUS,.,1
chr1,236744760,A,G,ACTN2,c.1390A>G,p.Ile464Val,3.99093260113e-6,0.16309315,0.62068,0.339,0.58241,B/LB,.,1
chr1,236747717,T,C,ACTN2,c.1457T>C,p.Ile486Thr,NA,0.8003575,0.9192,0.9669,0.87726,VUS,.,1
chr1,236686685,A,G,ACTN2,c.12A>G,p.Ile4Met,9.23761928076e-6,0.04893538,0.55888,0.0562,0.07136,VUS,.,1
chr1,236749149,T,C,ACTN2,c.1541T>C,p.Ile514Thr,3.97721849248e-6,0.7588273,0.86536,0.2889,0.78482,VUS,.,1
chr1,236749239,T,C,ACTN2,c.1631T>C,p.Ile544Thr,NA,0.63532686,0.81774,0.7969,0.73208,VUS,.,1
chr1,236749238,A,G,ACTN2,c.1630A>G,p.Ile544Val,3.97664911639e-6,0.21363671,0.67142,0.2898,0.63075,VUS,.,2
chr1,236749259,A,G,ACTN2,c.1651A>G,p.Ile551Val,NA,0.09368314,0.20116,0.148,0.57364,VUS,.,1
chr1,236751478,C,G,ACTN2,c.1665C>G,p.Ile555Met,NA,0.4624035,0.34888,0.0867,0.7112,VUS,.,1
chr1,236751536,A,C,ACTN2,c.1723A>C,p.Ile575Leu,NA,0.5282044,0.53931,0.1715,0.78695,VUS,.,2
chr1,236751570,T,C,ACTN2,c.1757T>C,p.Ile586Thr,NA,0.3230448,0.42578,0.1709,0.58987,VUS,.,1
chr1,236751586,C,G,ACTN2,c.1773C>G,p.Ile591Met,1.23765002086e-4,0.3122545,0.18881,0.0943,0.64164,B/LB,.,2
chr1,236751584,A,G,ACTN2,c.1771A>G,p.Ile591Val,3.97753488298e-6,0.107778884,0.22779,0.086,0.27169,Conflicting,Uncertain_significance(4)|Likely_benign(1),1
chr1,236751591,T,C,ACTN2,c.1778T>C,p.Ile593Thr,1.06083537249e-5,0.2327047,0.42212,0.1646,0.21779,Conflicting,Uncertain_significance(1)|Likely_benign(1),1
chr1,236717906,A,G,ACTN2,c.175A>G,p.Ile59Val,3.97731340434e-6,0.46431,0.77783,0.3215,0.72444,VUS,.,2
chr1,236753966,T,A,ACTN2,c.1859T>A,p.Ile620Asn,NA,0.2934026,0.30607,0.0884,0.02848,VUS,.,1
chr1,236753965,A,G,ACTN2,c.1858A>G,p.Ile620Val,NA,0.05575275,0.24743,0.0547,0.09967,Conflicting,Uncertain_significance(1)|Likely_benign(1),1
chr1,236717915,A,G,ACTN2,c.184A>G,p.Ile62Val,NA,0.5308596,0.58758,0.269,0.77981,VUS,.,1
chr1,236754053,T,C,ACTN2,c.1946T>C,p.Ile649Thr,7.96057921174e-6,0.5568635,0.64624,0.159,0.68829,Conflicting,Uncertain_significance(2)|Benign(1),1
chr1,236754052,A,G,ACTN2,c.1945A>G,p.Ile649Val,1.19407737621e-5,0.04101889,0.11924,0.0582,0.25335,VUS,.,2
chr1,236755022,A,T,ACTN2,c.1978A>T,p.Ile660Phe,7.95329823278e-6,0.7808322,0.73662,0.471,0.7071,VUS,.,1
chr1,236755098,T,A,ACTN2,c.2054T>A,p.Ile685Asn,NA,0.9241465,0.91198,0.7446,0.97346,VUS,.,2
chr1,236755097,A,C,ACTN2,c.2053A>C,p.Ile685Leu,NA,0.5714093,0.6562,0.2308,0.68095,VUS,.,1
chr1,236755098,T,C,ACTN2,c.2054T>C,p.Ile685Thr,3.97652261051e-6,0.58531845,0.84237,0.413,0.80528,Conflicting,Uncertain_significance(3)|Likely_benign(1),1
chr1,236755100,A,C,ACTN2,c.2056A>C,p.Ile686Leu,NA,0.30663612,0.24743,0.1002,0.53129,VUS,.,1
chr1,236755100,A,G,ACTN2,c.2056A>G,p.Ile686Val,3.97655423622e-6,0.13016367,0.23632,0.065,0.41303,Conflicting,Uncertain_significance(1)|Likely_benign(1),1
chr1,236755119,T,A,ACTN2,c.2075T>A,p.Ile692Asn,NA,0.9219458,0.80367,0.8085,0.99615,VUS,.,1
chr1,236755118,A,G,ACTN2,c.2074A>G,p.Ile692Val,1.19302320032e-5,0.07781822,0.26093,0.0652,0.56281,VUS,.,1
chr1,236755148,A,C,ACTN2,c.2104A>C,p.Ile702Leu,NA,0.34438565,0.42943,0.1309,0.63008,VUS,.,1
chr1,236757522,A,G,ACTN2,c.2191A>G,p.Ile731Val,NA,0.15002364,0.36365,0.0642,0.44057,VUS,.,2
chr1,236757556,T,A,ACTN2,c.2225T>A,p.Ile742Asn,NA,0.8814828,0.82003,0.9136,0.95386,VUS,.,1
chr1,236757555,A,T,ACTN2,c.2224A>T,p.Ile742Phe,3.97626962289e-6,0.8383231,0.73662,0.7628,0.93364,VUS,.,1
chr1,236717966,A,G,ACTN2,c.235A>G,p.Ile79Val,3.98934048223e-6,0.5546704,0.64008,0.8489,0.67426,VUS,.,1
chr1,236761090,A,G,ACTN2,c.2443A>G,p.Ile815Val,NA,0.23587623,0.63482,0.0927,0.62276,VUS,.,1
chr1,236761141,A,T,ACTN2,c.2494A>T,p.Ile832Phe,3.97829442561e-6,0.4331057,0.53499,0.2942,0.79653,VUS,.,1
chr1,236762521,A,C,ACTN2,c.2587A>C,p.Ile863Leu,3.98003613873e-6,0.4068824,0.44899,0.1327,0.53595,VUS,.,2
chr1,236762521,A,G,ACTN2,c.2587A>G,p.Ile863Val,1.27361156439e-4,0.15947695,0.50341,0.0968,0.40929,B/LB,.,2
chr1,236720134,C,A,ACTN2,c.391C>A,p.Leu131Met,NA,0.86309654,0.90589,0.9124,0.75436,VUS,.,1
chr1,236720135,T,C,ACTN2,c.392T>C,p.Leu131Pro,NA,0.98738307,0.99434,0.9999,0.93825,VUS,.,1
chr1,236720158,C,T,ACTN2,c.415C>T,p.Leu139Phe,NA,0.9074887,0.88913,0.9982,0.92083,VUS,.,1
chr1,236727692,T,G,ACTN2,c.551T>G,p.Leu184Arg,NA,0.97419274,0.942,0.8699,0.77727,VUS,.,1
chr1,236727691,C,T,ACTN2,c.550C>T,p.Leu184Phe,NA,0.95545244,0.87576,0.8271,0.84077,VUS,.,1
chr1,236727697,C,T,ACTN2,c.556C>T,p.Leu186Phe,6.36321214949e-5,0.35830113,0.73078,0.1192,8.9e-4,Conflicting,Uncertain_significance(6)|Likely_benign(1),1
chr1,236727698,T,C,ACTN2,c.557T>C,p.Leu186Pro,NA,0.9601045,0.99434,0.9832,0.87682,VUS,.,1
chr1,236727697,C,G,ACTN2,c.556C>G,p.Leu186Val,7.95310847245e-6,0.74215436,0.85091,0.3625,0.58569,VUS,.,2
chr1,236727706,C,T,ACTN2,c.565C>T,p.Leu189Phe,NA,0.9611502,0.98378,0.9897,0.90303,VUS,.,2
chr1,236727730,C,T,ACTN2,c.589C>T,p.Leu197Phe,3.97639611268e-6,0.94488674,0.91753,0.8093,0.86703,VUS,.,2
chr1,236727749,T,A,ACTN2,c.608T>A,p.Leu203His,NA,0.9431226,0.9989,0.9909,0.98743,VUS,.,1
chr1,236731303,T,G,ACTN2,c.686T>G,p.Leu229Trp,3.97800956313e-6,0.9511591,0.95063,0.988,0.98638,VUS,.,2
chr1,236737155,C,G,ACTN2,c.817C>G,p.Leu273Val,NA,0.75565505,0.81717,0.6622,0.71251,VUS,.,1
chr1,236739302,C,A,ACTN2,c.877C>A,p.Leu293Ile,NA,0.74191356,0.85769,0.6374,0.87476,VUS,.,1
chr1,236739384,T,G,ACTN2,c.959T>G,p.Leu320Arg,7.95272897895e-6,0.9442484,0.95691,0.7633,0.98135,VUS,.,1
chr1,236739384,T,C,ACTN2,c.959T>C,p.Leu320Pro,NA,0.9764326,0.96502,0.9961,0.99054,VUS,.,1
chr1,236739480,T,A,ACTN2,c.1055T>A,p.Leu352Gln,7.9551330496e-6,0.9255117,0.91155,0.9877,0.85546,VUS,.,2
chr1,236742957,T,A,ACTN2,c.1169T>A,p.Leu390His,NA,0.90607184,0.83802,0.9071,0.78895,VUS,.,1
chr1,236742975,T,C,ACTN2,c.1187T>C,p.Leu396Pro,NA,0.98337597,0.98304,0.9975,0.99336,VUS,.,1
chr1,236742974,C,G,ACTN2,c.1186C>G,p.Leu396Val,NA,0.73224866,0.85975,0.4134,0.75448,VUS,.,0
chr1,236742992,C,G,ACTN2,c.1204C>G,p.Leu402Val,NA,0.8977442,0.71321,0.8382,0.86197,VUS,.,1
chr1,236744641,T,C,ACTN2,c.1271T>C,p.Leu424Ser,7.95893191134e-6,0.87233853,0.94123,0.9918,0.97774,VUS,.,1
chr1,236744644,T,C,ACTN2,c.1274T>C,p.Leu425Pro,NA,0.5203882,0.3402,0.7176,0.83222,VUS,.,2
chr1,236744670,C,G,ACTN2,c.1300C>G,p.Leu434Val,3.97886427298e-6,0.56477624,0.73445,0.2094,0.68823,VUS,.,1
chr1,236744773,T,A,ACTN2,c.1403T>A,p.Leu468His,NA,0.91817725,0.95876,0.9984,0.98397,VUS,.,1
chr1,236747672,T,C,ACTN2,c.1412T>C,p.Leu471Pro,NA,0.967995,0.90101,0.9956,0.93922,VUS,.,2
chr1,236747671,C,G,ACTN2,c.1411C>G,p.Leu471Val,NA,0.84260905,0.63055,0.7175,0.7974,VUS,.,1
chr1,236747771,T,C,ACTN2,c.1511T>C,p.Leu504Pro,NA,0.97430533,0.97097,0.9983,0.99977,VUS,.,1
chr1,236749140,T,C,ACTN2,c.1532T>C,p.Leu511Pro,NA,0.9704695,0.92087,0.9923,0.99672,VUS,.,2
chr1,236749139,C,G,ACTN2,c.1531C>G,p.Leu511Val,NA,0.4437532,0.75956,0.2973,0.78516,VUS,.,1
chr1,236749157,C,T,ACTN2,c.1549C>T,p.Leu517Phe,7.95424717028e-6,0.8243404,0.84452,0.5567,0.90773,Conflicting,Uncertain_significance(2)|Likely_benign(1),1
chr1,236757511,T,G,ACTN2,c.2180T>G,p.Leu727Arg,NA,0.963927,0.97662,0.9726,0.9951,P/LP,.,2
chr1,236757510,C,G,ACTN2,c.2179C>G,p.Leu727Val,2.78338873602e-5,0.49393055,0.76222,0.2618,0.63291,B/LB,.,1
chr1,236717955,T,G,ACTN2,c.224T>G,p.Leu75Arg,NA,0.991028,0.97549,0.9991,0.97737,VUS,.,1
chr1,236761160,T,G,ACTN2,c.2513T>G,p.Leu838Arg,NA,0.9425217,0.91837,0.9927,0.96068,VUS,.,1
chr1,236762483,T,G,ACTN2,c.2549T>G,p.Leu850Arg,NA,0.95991194,0.87184,0.9959,0.99787,VUS,.,1
chr1,236762482,C,G,ACTN2,c.2548C>G,p.Leu850Val,NA,0.7596782,0.78971,0.4486,0.86946,VUS,.,1
chr1,236762596,C,T,ACTN2,c.2662C>T,p.Leu888Phe,NA,0.82256395,0.71636,0.9359,0.84636,VUS,.,1
chr1,236718981,A,T,ACTN2,c.329A>T,p.Lys110Ile,NA,0.97034544,0.80128,0.9959,0.97598,VUS,.,1
chr1,236720126,A,G,ACTN2,c.383A>G,p.Lys128Arg,NA,0.5761213,0.76355,0.6362,0.67083,VUS,.,1
chr1,236727682,A,G,ACTN2,c.541A>G,p.Lys181Glu,7.95291872117e-6,0.9553924,0.98636,0.949,0.94759,VUS,.,2
chr1,236739378,A,T,ACTN2,c.953A>T,p.Lys318Met,NA,0.17054988,0.45592,0.117,0.75583,VUS,.,1
chr1,236739380,A,G,ACTN2,c.955A>G,p.Lys319Glu,1.1929188338e-5,0.7015808,0.81018,0.7956,0.90947,VUS,.,2
chr1,236739426,A,G,ACTN2,c.1001A>G,p.Lys334Arg,7.95279222535e-6,0.0826486999999999,0.42761,0.0845,0.10106,VUS,.,1
chr1,236739427,G,C,ACTN2,c.1002G>C,p.Lys334Asn,NA,0.63224924,0.71714,0.9863,0.86879,VUS,.,1
chr1,236739478,G,C,ACTN2,c.1053G>C,p.Lys351Asn,NA,0.9318226,0.50028,0.9886,0.83339,B/LB,.,1
chr1,236739523,G,C,ACTN2,c.1098G>C,p.Lys366Asn,3.99080518485e-6,0.72868246,0.53499,0.8716,0.87525,Conflicting,Uncertain_significance(1)|Likely_benign(1),1
chr1,236742937,G,T,ACTN2,c.1149G>T,p.Lys383Asn,NA,0.8374763,0.59253,0.9412,0.9556,VUS,.,2
chr1,236686786,A,G,ACTN2,c.113A>G,p.Lys38Arg,9.90599213464e-6,0.40865886,0.28911,0.0974,0.55006,B/LB,.,1
chr1,236743014,A,G,ACTN2,c.1226A>G,p.Lys409Arg,NA,0.63016486,0.73517,0.6026,0.73208,VUS,.,2
chr1,236744651,G,T,ACTN2,c.1281G>T,p.Lys427Asn,NA,0.27510145,0.05312,0.4444,0.5358,VUS,.,1
chr1,236744649,A,G,ACTN2,c.1279A>G,p.Lys427Glu,NA,0.39162818,0.43123,0.2473,0.75741,VUS,.,1
chr1,236744699,G,C,ACTN2,c.1329G>C,p.Lys443Asn,NA,0.5655262,0.70924,0.9523,0.83074,VUS,.,1
chr1,236717892,A,G,ACTN2,c.161A>G,p.Lys54Arg,NA,0.6249834,0.68319,0.2029,0.5426,VUS,.,1
chr1,236751499,G,C,ACTN2,c.1686G>C,p.Lys562Asn,NA,0.7061926,0.84666,0.995,0.87892,VUS,.,1
chr1,236753951,A,G,ACTN2,c.1844A>G,p.Lys615Arg,3.97693378405e-6,0.10389872,0.26093,0.0806,0.08,VUS,.,1
chr1,236755080,A,G,ACTN2,c.2036A>G,p.Lys679Arg,1.19292832091e-5,0.31634375,0.41658,0.0853,0.3606,B/LB,.,1
chr1,236755079,A,C,ACTN2,c.2035A>C,p.Lys679Gln,1.41407713791e-5,0.57619685,0.4053,0.1616,0.63451,Conflicting,Uncertain_significance(1)|Likely_benign(1),1
chr1,236755111,G,T,ACTN2,c.2067G>T,p.Lys689Asn,NA,0.7378622,0.61502,0.9514,0.88697,VUS,.,1
chr1,236755109,A,G,ACTN2,c.2065A>G,p.Lys689Glu,3.97661748916e-6,0.69559735,0.76751,0.7168,0.97126,VUS,.,1
chr1,236755126,G,C,ACTN2,c.2082G>C,p.Lys694Asn,3.18194353111e-5,0.3635402,0.13987,0.4688,0.52648,Conflicting,Uncertain_significance(1)|Likely_benign(2),1
chr1,236755177,G,C,ACTN2,c.2133G>C,p.Lys711Asn,NA,0.83292085,0.59981,0.7792,0.81937,VUS,.,1
chr1,236759728,A,C,ACTN2,c.2306A>C,p.Lys769Thr,3.1849162367e-5,0.2618119,0.64522,0.4158,0.83202,Conflicting,Uncertain_significance(3)|Likely_benign(1),1
chr1,236718909,A,C,ACTN2,c.257A>C,p.Lys86Thr,3.9770603161e-6,0.8110657,0.97814,0.9277,0.91688,VUS,.,1
chr1,236718923,A,C,ACTN2,c.271A>C,p.Lys91Gln,NA,0.91794497,0.9547,0.8756,0.88879,VUS,.,1
chr1,236720142,G,A,ACTN2,c.399G>A,p.Met133Ile,NA,0.8470426,0.74588,0.994,0.90421,VUS,.,1
chr1,236720140,A,G,ACTN2,c.397A>G,p.Met133Val,7.95646223863e-6,0.85336477,0.82061,0.8684,0.86071,VUS,.,2
chr1,236686731,A,C,ACTN2,c.58A>C,p.Met20Leu,NA,0.94494164,0.52174,0.2805,0.28512,VUS,.,2
chr1,236686732,T,C,ACTN2,c.59T>C,p.Met20Thr,4.59681348889e-6,0.84546363,0.66392,0.3989,0.22617,VUS,.,2
chr1,236686731,A,G,ACTN2,c.58A>G,p.Met20Val,NA,0.9255854,0.5974,0.1883,0.08092,VUS,.,1
chr1,236731263,A,T,ACTN2,c.646A>T,p.Met216Leu,NA,0.61634463,0.46104,0.1025,0.25877,VUS,.,2
chr1,236731263,A,G,ACTN2,c.646A>G,p.Met216Val,2.38665383177e-5,0.73067456,0.53931,0.1684,0.60728,VUS,.,2
chr1,236731300,T,C,ACTN2,c.683T>C,p.Met228Thr,NA,0.95113766,0.99157,0.9984,0.85488,P/LP,.,1
chr1,236735673,A,G,ACTN2,c.736A>G,p.Met246Val,NA,0.8762667,0.98708,0.868,0.83222,VUS,.,1
chr1,236739362,A,T,ACTN2,c.937A>T,p.Met313Leu,2.78356582736e-5,0.4347086,0.63055,0.1612,0.20939,Conflicting,Uncertain_significance(2)|Likely_benign(1),1
chr1,236739363,T,C,ACTN2,c.938T>C,p.Met313Thr,NA,0.82153094,0.77464,0.3146,0.52223,VUS,.,1
chr1,236739362,A,G,ACTN2,c.937A>G,p.Met313Val,NA,0.39077115,0.53644,0.0896,0.01933,VUS,.,2
chr1,236739372,T,C,ACTN2,c.947T>C,p.Met316Thr,1.4497775829e-4,0.54111576,0.77783,0.5523,0.68943,Conflicting,Uncertain_significance(1)|Likely_benign(4),1
chr1,236739506,A,G,ACTN2,c.1081A>G,p.Met361Val,1.9910641043e-5,0.40037253,0.61955,0.3342,0.55932,Conflicting,Uncertain_significance(6)|Likely_benign(1),1
chr1,236739526,G,A,ACTN2,c.1101G>A,p.Met367Ile,NA,0.6313983,0.6823,0.8858,0.64937,VUS,.,1
chr1,236739524,A,G,ACTN2,c.1099A>G,p.Met367Val,4.78827829473e-5,0.49839643,0.68319,0.3781,0.64177,Conflicting,Uncertain_significance(1)|Likely_benign(1),1
chr1,236749127,A,G,ACTN2,c.1519A>G,p.Met507Val,1.5558808761e-4,0.14102033,0.31079,0.1096,0.6198,Conflicting,Uncertain_significance(1)|Likely_benign(5),1
chr1,236749202,A,T,ACTN2,c.1594A>T,p.Met532Leu,1.06058034957e-5,0.49439782,0.51721,0.2075,0.59098,VUS,.,2
chr1,236749214,A,C,ACTN2,c.1606A>C,p.Met536Leu,NA,0.50516087,0.36365,0.2336,0.55107,VUS,.,1
chr1,236749215,T,C,ACTN2,c.1607T>C,p.Met536Thr,3.97655423622e-6,0.48279852,0.34239000000000003,0.2528,0.61926,VUS,.,1
chr1,236749214,A,G,ACTN2,c.1606A>G,p.Met536Val,7.95323497833e-6,0.43469623,0.36572,0.1072,0.61655,VUS,.,1
chr1,236749233,T,G,ACTN2,c.1625T>G,p.Met542Arg,2.12116069913e-5,0.91349536,0.60808,0.51,0.8835,B/LB,.,1
chr1,236749234,G,A,ACTN2,c.1626G>A,p.Met542Ile,NA,0.69361013,0.45247,0.6475,0.71962,VUS,.,1
chr1,236749233,T,C,ACTN2,c.1625T>C,p.Met542Thr,3.97664911639e-6,0.68997556,0.50028,0.2523,0.68727,Conflicting,Uncertain_significance(2)|Likely_benign(1),1
chr1,236749232,A,G,ACTN2,c.1624A>G,p.Met542Val,2.38589459118e-5,0.45563835,0.4053,0.1367,0.69984,Conflicting,Uncertain_significance(2)|Likely_benign(1),1
chr1,236751539,A,C,ACTN2,c.1726A>C,p.Met576Leu,NA,0.11073717,0.18881,0.0721,0.00885,B/LB,.,1
chr1,236751540,T,C,ACTN2,c.1727T>C,p.Met576Thr,NA,0.15384774,0.15993,0.1011,0.50232,Conflicting,Uncertain_significance(2)|Likely_benign(1),1
chr1,236751539,A,G,ACTN2,c.1726A>G,p.Met576Val,1.06066284357e-5,0.08229589,0.07022,0.0623,0.27212,VUS,.,2
chr1,236751625,G,A,ACTN2,c.1812G>A,p.Met604Ile,1.59192575258e-5,0.25944018,0.38592,0.1076,0.45842,B/LB,.,1
chr1,236751624,T,C,ACTN2,c.1811T>C,p.Met604Thr,3.97968767411e-6,0.1960595,0.43123,0.0647,0.40268,VUS,.,1
chr1,236751623,A,G,ACTN2,c.1810A>G,p.Met604Val,0.00614139355861,0.0868911999999999,0.07718,0.0505,0.46728,B/LB,.,2
chr1,236754076,A,T,ACTN2,c.1969A>T,p.Met657Leu,7.96990563632e-6,0.27789086,0.37187,0.2219,0.74187,Conflicting,Uncertain_significance(1)|Likely_benign(1),1
chr1,236755068,T,C,ACTN2,c.2024T>C,p.Met675Thr,3.18572793883e-5,0.8468691,0.75483,0.6145,0.53129,Conflicting,Uncertain_significance(1)|Benign(1),1
chr1,236757595,T,G,ACTN2,c.2264T>G,p.Met755Arg,NA,0.93274045,0.85769,0.9449,0.88445,VUS,.,1
chr1,236757595,T,C,ACTN2,c.2264T>C,p.Met755Thr,3.97626962289e-6,0.7324737,0.79094,0.8893,0.91494,B/LB,.,1
chr1,236759775,A,G,ACTN2,c.2353A>G,p.Met785Val,NA,0.50735056,0.68141,0.2427,0.55768,VUS,.,1
chr1,236761039,A,G,ACTN2,c.2392A>G,p.Met798Val,3.9762380017e-6,0.46049863,0.83193,0.2453,0.79118,VUS,.,1
chr1,236761099,A,G,ACTN2,c.2452A>G,p.Met818Val,3.97671237235e-6,0.5290129,0.9171,0.7119,0.95259,VUS,.,1
chr1,236762532,G,T,ACTN2,c.2598G>T,p.Met866Ile,NA,0.6491926,0.82346,0.9624,0.72176,VUS,.,1
chr1,236762530,A,T,ACTN2,c.2596A>T,p.Met866Leu,1.41515775471e-5,0.6107729,0.79279,0.6611,0.59685,VUS,.,2
chr1,236718928,G,A,ACTN2,c.276G>A,p.Met92Ile,NA,0.9138801,0.81193,0.9985,0.85089,VUS,.,1
chr1,236718926,A,C,ACTN2,c.274A>C,p.Met92Leu,NA,0.6703416,0.68757,0.7792,0.73341,VUS,.,1
chr1,236718926,A,G,ACTN2,c.274A>G,p.Met92Val,NA,0.95801497,0.87184,0.9805,0.85972,VUS,.,1
chr1,236726010,T,C,ACTN2,c.526T>C,p.Phe176Leu,NA,0.91036093,0.96428,0.999,0.93134,VUS,.,1
chr1,236735704,T,C,ACTN2,c.767T>C,p.Phe256Ser,NA,0.9673073,0.99405,0.998,0.9843,VUS,.,2
chr1,236743004,T,G,ACTN2,c.1216T>G,p.Phe406Val,NA,0.94767964,0.97286,0.9903,0.93468,VUS,.,2
chr1,236744711,C,G,ACTN2,c.1341C>G,p.Phe447Leu,NA,0.9122369,0.62838,0.9942,0.83481,VUS,.,1
chr1,236717861,T,C,ACTN2,c.130T>C,p.Phe44Leu,NA,0.96605510000000006,0.89422,0.9999,0.8844,VUS,.,1
chr1,236749171,T,G,ACTN2,c.1563T>G,p.Phe521Leu,NA,0.82435155,0.86836,0.9699,0.77408,VUS,.,1
chr1,236757626,T,G,ACTN2,c.2295T>G,p.Phe765Leu,NA,0.8412193,0.77464,0.9997,0.94097,VUS,.,1
chr1,236761029,T,A,ACTN2,c.2382T>A,p.Phe794Leu,NA,0.59712464,0.82118,0.9944,0.89156,VUS,.,1
chr1,236761087,T,C,ACTN2,c.2440T>C,p.Phe814Leu,NA,0.8765793,0.97398,0.9977,0.80636,VUS,.,1
chr1,236761096,T,C,ACTN2,c.2449T>C,p.Phe817Leu,1.76759642238e-5,0.90893346,0.95802,0.9983,0.8868,Conflicting,Uncertain_significance(1)|Likely_benign(1),1
chr1,236762586,C,G,ACTN2,c.2652C>G,p.Phe884Leu,NA,0.89973104,0.85769,0.9985,0.75916,VUS,.,1
chr1,236718934,C,A,ACTN2,c.282C>A,p.Phe94Leu,NA,0.70734584,0.5913,0.9981,0.87028,VUS,.,1
chr1,236718933,T,C,ACTN2,c.281T>C,p.Phe94Ser,NA,0.93419266,0.91026,0.9988,0.97595,VUS,.,1
chr1,236735650,C,G,ACTN2,c.713C>G,p.Pro238Arg,NA,0.77222747,0.74093,0.688,0.70529,VUS,.,1
chr1,236739330,C,T,ACTN2,c.905C>T,p.Pro302Leu,NA,0.76800853,0.74797,0.6097,0.79073,VUS,.,2
chr1,236739351,C,T,ACTN2,c.926C>T,p.Pro309Leu,3.53569281901e-5,0.18243706,0.42028,0.1441,0.57066,Conflicting,Uncertain_significance(3)|Likely_benign(1),1
chr1,236739423,C,G,ACTN2,c.998C>G,p.Pro333Arg,NA,0.8906895,0.86536,0.7992,0.90366,VUS,.,1
chr1,236749187,C,T,ACTN2,c.1579C>T,p.Pro527Ser,NA,0.7889714,0.78413,0.8234,0.86113,VUS,.,1
chr1,236751606,C,A,ACTN2,c.1793C>A,p.Pro598Gln,NA,0.7687433,0.91371,0.4201,0.66739,VUS,.,1
chr1,236751606,C,T,ACTN2,c.1793C>T,p.Pro598Leu,1.59152037942e-5,0.8312827,0.87381,0.2396,0.62694,Conflicting,Uncertain_significance(1)|Likely_benign(1),1
chr1,236754059,C,T,ACTN2,c.1952C>T,p.Pro651Leu,1.19452430061e-5,0.8109357,0.84128,0.2879,0.75129,VUS,.,2
chr1,236754058,C,T,ACTN2,c.1951C>T,p.Pro651Ser,NA,0.47820702,0.67962,0.3376,0.63142,VUS,.,1
chr1,236754058,C,A,ACTN2,c.1951C>A,p.Pro651Thr,NA,0.85853595,0.786,0.2463,0.67666,VUS,.,1
chr1,236686689,C,G,ACTN2,c.16C>G,p.Pro6Ala,NA,0.05816219,0.5065,0.0565,0.14869,VUS,.,1
chr1,236686690,C,G,ACTN2,c.17C>G,p.Pro6Arg,NA,0.18055348,0.56694,0.103,0.29285,VUS,.,1
chr1,236686689,C,T,ACTN2,c.16C>T,p.Pro6Ser,4.60333097029e-6,0.05511199,0.46948,0.0663,0.12988,VUS,.,1
chr1,236761054,C,T,ACTN2,c.2407C>T,p.Pro803Ser,NA,0.63093233,0.76554,0.1626,0.71542,VUS,.,1
chr1,236762462,C,A,ACTN2,c.2528C>A,p.Pro843Gln,3.98358761901e-6,0.16258542,0.65816,0.1662,0.3884,VUS,.,2
chr1,236762501,C,T,ACTN2,c.2567C>T,p.Pro856Leu,3.53949724981e-5,0.7403185,0.80367,0.0881,0.67148,Conflicting,Uncertain_significance(3)|Likely_benign(1),1
chr1,236718905,C,T,ACTN2,c.253C>T,p.Pro85Ser,NA,0.76778316,0.72252,0.4094,0.59789,VUS,.,2
chr1,236762534,C,T,ACTN2,c.2600C>T,p.Pro867Leu,3.97914925789e-6,0.113925874,0.67962,0.1705,0.64654,VUS,.,1
chr1,236762533,C,T,ACTN2,c.2599C>T,p.Pro867Ser,NA,0.0904002,0.49236,0.1798,0.52804,VUS,.,1
chr1,236762548,C,G,ACTN2,c.2614C>G,p.Pro872Ala,7.07418699906e-6,0.16884609,0.36157,0.0551,0.38758,VUS,.,2
chr1,236762549,C,A,ACTN2,c.2615C>A,p.Pro872Gln,3.97914925789e-6,0.49679983,0.58381,0.0826,0.49141,VUS,.,1
chr1,236762548,C,T,ACTN2,c.2614C>T,p.Pro872Ser,7.95772854596e-6,0.21540391,0.4034,0.0755,0.27155,VUS,.,1
chr1,236718912,C,G,ACTN2,c.260C>G,p.Pro87Arg,NA,0.8806179,0.97549,0.9945,0.98773,VUS,.,1
chr1,236718977,A,G,ACTN2,c.325A>G,p.Ser109Gly,NA,0.7612301,0.92868,0.0898,0.73274,VUS,.,1
chr1,236720183,C,T,ACTN2,c.440C>T,p.Ser147Leu,3.97892759943e-6,0.8146407,0.70924,0.611,0.89418,Conflicting,Uncertain_significance(2)|Likely_benign(1),1
chr1,236720182,T,C,ACTN2,c.439T>C,p.Ser147Pro,NA,0.9395257,0.69273,0.9906,0.95808,VUS,.,2
chr1,236727742,T,C,ACTN2,c.601T>C,p.Ser201Pro,NA,0.9436359,0.59253,0.2049,0.39376,VUS,.,1
chr1,236735686,C,T,ACTN2,c.749C>T,p.Ser250Phe,NA,0.9669011,0.99571,0.9984,0.94304,VUS,.,1
chr1,236739531,C,T,ACTN2,c.1106C>T,p.Ser369Leu,1.13695310779e-4,0.57075727,0.82629,0.1719,0.82627,Conflicting,Uncertain_significance(4)|Likely_benign(2),1
chr1,236744662,C,T,ACTN2,c.1292C>T,p.Ser431Leu,2.54670731966e-4,0.21890074,0.47942,0.0782,0.4225,Conflicting,Uncertain_significance(1)|Benign(1)|Likely_benign(3),1
chr1,236744668,C,T,ACTN2,c.1298C>T,p.Ser433Leu,8.87835591242e-4,0.09271489,0.56024,0.1504,0.59892,B/LB,.,2
chr1,236744668,C,G,ACTN2,c.1298C>G,p.Ser433Trp,3.1843077315e-5,0.20613505,0.69016,0.5881,0.83441,Conflicting,Uncertain_significance(1)|Benign(1),1
chr1,236744717,C,A,ACTN2,c.1347C>A,p.Ser449Arg,NA,0.9049952,0.70603,0.9927,0.95203,VUS,.,2
chr1,236751471,G,C,ACTN2,c.1658G>C,p.Ser553Thr,1.41542816702e-5,0.30492678,0.10877,0.0919,0.42194,VUS,.,2
chr1,236751595,C,G,ACTN2,c.1782C>G,p.Ser594Arg,NA,0.32101673,0.43303,0.2943,0.59499,VUS,.,1
chr1,236751593,A,G,ACTN2,c.1780A>G,p.Ser594Gly,NA,0.2518268,0.17616,0.0723,0.15614,VUS,.,2
chr1,236751612,G,A,ACTN2,c.1799G>A,p.Ser600Asn,7.95804518578e-6,0.7437628,0.27654,0.5879,0.51705,VUS,.,2
chr1,236755033,C,G,ACTN2,c.1989C>G,p.Ser663Arg,NA,0.35707176,0.11227,0.5426,0.73894,VUS,.,1
chr1,236755034,T,A,ACTN2,c.1990T>A,p.Ser664Thr,NA,0.41483602,0.42943,0.1026,0.63075,VUS,.,1
chr1,236757612,T,A,ACTN2,c.2281T>A,p.Ser761Thr,NA,0.54093564,0.6173,0.5346,0.78751,VUS,.,2
chr1,236761084,T,A,ACTN2,c.2437T>A,p.Ser813Thr,NA,0.35164833,0.75956,0.1597,0.45562,VUS,.,1
chr1,236762543,C,T,ACTN2,c.2609C>T,p.Ser870Leu,7.07488768616e-6,0.13352975,0.32008,0.0699,0.54544,VUS,.,2
chr1,236762555,G,A,ACTN2,c.2621G>A,p.Ser874Asn,NA,0.27721572,0.338,0.1083,0.49681,VUS,.,1
chr1,236762587,T,C,ACTN2,c.2653T>C,p.Ser885Pro,NA,0.9171851,0.86936,0.9858,0.93508,VUS,.,2
chr1,236762591,C,T,ACTN2,c.2657C>T,p.Ser886Phe,NA,0.23202634,0.61272,0.2949,0.79001,VUS,.,1
chr1,236762590,T,C,ACTN2,c.2656T>C,p.Ser886Pro,NA,0.67787516,0.60219,0.9095,0.87142,VUS,.,1
chr1,236762610,C,G,ACTN2,c.2676C>G,p.Ser892Arg,NA,0.8687371,0.83081,0.9681,0.8674,VUS,.,1
chr1,236762608,A,G,ACTN2,c.2674A>G,p.Ser892Gly,NA,0.73736644,0.8882,0.3838,0.76859,VUS,.,1
chr1,236725936,C,T,ACTN2,c.452C>T,p.Thr151Ile,NA,0.50383586,0.50805,0.852,0.72347,VUS,.,1
chr1,236726017,C,G,ACTN2,c.533C>G,p.Thr178Ser,NA,0.45037764,0.17934,0.1391,0.54659,VUS,.,1
chr1,236735677,C,T,ACTN2,c.740C>T,p.Thr247Met,NA,0.85958415,0.92046,0.9634,0.93411,P/LP,.,1
chr1,236737129,C,A,ACTN2,c.791C>A,p.Thr264Lys,NA,0.8324676,0.88443,0.6186,0.84023,VUS,.,1
chr1,236739324,C,T,ACTN2,c.899C>T,p.Thr300Met,5.30488969366e-5,0.38420865,0.65424,0.168,0.71504,Conflicting,Uncertain_significance(3)|Likely_benign(1),1
chr1,236739360,C,T,ACTN2,c.935C>T,p.Thr312Ile,NA,0.57405967,0.80782,0.6861,0.90608,VUS,.,1
chr1,236739359,A,T,ACTN2,c.934A>T,p.Thr312Ser,NA,0.17405695,0.53499,0.0748,0.2847,VUS,.,1
chr1,236739465,C,T,ACTN2,c.1040C>T,p.Thr347Met,1.34343027243e-4,0.7538145,0.80605,0.6294,0.92621,Conflicting,Uncertain_significance(6)|Likely_benign(5),1
chr1,236743023,C,T,ACTN2,c.1235C>T,p.Thr412Met,1.06071534643e-4,0.10081627,0.35948,0.1094,0.00147,Conflicting,Uncertain_significance(6)|Likely_benign(4),1
chr1,236744674,C,T,ACTN2,c.1304C>T,p.Thr435Ile,1.19364978315e-5,0.20420426,0.36984,0.3215,0.49603,VUS,.,1
chr1,236717864,A,G,ACTN2,c.133A>G,p.Thr45Ala,NA,0.806818,0.99221,0.8025,0.82319,VUS,.,1
chr1,236747744,C,A,ACTN2,c.1484C>A,p.Thr495Lys,NA,0.52427524,0.58883,0.5173,0.77964,VUS,.,1
chr1,236747744,C,T,ACTN2,c.1484C>T,p.Thr495Met,2.75895244698e-4,0.20918882,0.5534,0.1239,0.54551,Conflicting,Uncertain_significance(5)|Likely_benign(2),1
chr1,236747750,C,T,ACTN2,c.1490C>T,p.Thr497Ile,NA,0.8061799,0.84128,0.967,0.92055,VUS,.,1
chr1,236749146,C,A,ACTN2,c.1538C>A,p.Thr513Asn,1.19316554774e-5,0.48472553,0.48754,0.2984,0.66492,VUS,.,2
chr1,236749146,C,T,ACTN2,c.1538C>T,p.Thr513Ile,NA,0.4150492,0.74164,0.7352,0.75395,VUS,.,1
chr1,236751480,C,T,ACTN2,c.1667C>T,p.Thr556Ile,NA,0.4241597,0.42212,0.2969,0.65222,VUS,.,1
chr1,236751504,C,T,ACTN2,c.1691C>T,p.Thr564Met,1.76799643572e-5,0.61465025,0.81946,0.5935,0.84493,Conflicting,Uncertain_significance(1)|Likely_benign(1),1
chr1,236751621,C,T,ACTN2,c.1808C>T,p.Thr603Ile,NA,0.6047645,0.57221,0.3118,0.71406,VUS,.,1
chr1,236751639,C,T,ACTN2,c.1826C>T,p.Thr609Ile,NA,0.086688490000000007,0.15663,0.0835,0.43381,VUS,.,1
chr1,236751638,A,C,ACTN2,c.1825A>C,p.Thr609Pro,1.59228062354e-5,0.4632873,0.3013,0.2995,0.71288,VUS,.,1
chr1,236755047,C,G,ACTN2,c.2003C>G,p.Thr668Arg,5.16952050709e-5,0.27523217,0.27398,0.1441,0.04835,Conflicting,Uncertain_significance(3)|Likely_benign(2),1
chr1,236755182,C,T,ACTN2,c.2138C>T,p.Thr713Met,7.97645350924e-6,0.76437175,0.85091,0.8741,0.69802,VUS,.,2
chr1,236755191,C,A,ACTN2,c.2147C>A,p.Thr716Lys,NA,0.70270216,0.65718,0.9049,0.78928,VUS,.,1
chr1,236755191,C,T,ACTN2,c.2147C>T,p.Thr716Met,3.86730530424e-4,0.44458747,0.69612,0.5905,0.6893,Conflicting,Uncertain_significance(3)|Benign(2)|Likely_benign(5),1
chr1,236757532,C,T,ACTN2,c.2201C>T,p.Thr734Ile,NA,0.6735676,0.84773,0.6295,0.88094,VUS,.,2
chr1,236757562,C,T,ACTN2,c.2231C>T,p.Thr744Met,2.78341087121e-5,0.18560372,0.47115,0.1099,0.60187,Conflicting,Uncertain_significance(6)|Benign(1),1
chr1,236757583,C,T,ACTN2,c.2252C>T,p.Thr751Ile,3.97633286678e-6,0.5197519,0.77206,0.9115,0.82719,Conflicting,Uncertain_significance(1)|Benign(1),1
chr1,236761042,A,G,ACTN2,c.2395A>G,p.Thr799Ala,NA,0.10122602,0.5065,0.0578,0.47248,VUS,.,2
chr1,236761070,C,T,ACTN2,c.2423C>T,p.Thr808Ile,4.94888508689e-5,0.16208644,0.58126,0.0736,0.42929,Conflicting,Uncertain_significance(4)|Likely_benign(1),1
chr1,236761070,C,G,ACTN2,c.2423C>G,p.Thr808Ser,1.06047537576e-5,0.16385168,0.55888,0.0658,0.32385,B/LB,.,1
chr1,236761075,A,G,ACTN2,c.2428A>G,p.Thr810Ala,NA,0.16621068,0.64725,0.1111,0.59906,VUS,.,1
chr1,236761102,A,T,ACTN2,c.2455A>T,p.Thr819Ser,NA,0.35173813,0.75074,0.3605,0.63991,VUS,.,0
chr1,236761112,C,T,ACTN2,c.2465C>T,p.Thr822Met,NA,0.15546125,0.72328,0.1584,0.75922,VUS,.,1
chr1,236761126,A,G,ACTN2,c.2479A>G,p.Thr827Ala,3.97791461804e-6,0.5844209,0.74164,0.4981,0.74246,VUS,.,1
chr1,236761127,C,G,ACTN2,c.2480C>G,p.Thr827Ser,NA,0.3187392,0.6251,0.1751,0.55503,VUS,.,1
chr1,236720146,T,G,ACTN2,c.403T>G,p.Trp135Gly,NA,0.9734658,0.92623,0.9987,0.96779,VUS,.,1
chr1,236727679,T,C,ACTN2,c.538T>C,p.Trp180Arg,NA,0.9799733,0.95212,0.9999,0.94501,VUS,.,1
chr1,236739311,T,G,ACTN2,c.886T>G,p.Trp296Gly,NA,0.94791245,0.96354,0.9806,0.94863,VUS,.,1
chr1,236742950,T,A,ACTN2,c.1162T>A,p.Trp388Arg,6.72100065088e-5,0.9316545,0.8882,0.9955,0.89018,Conflicting,Uncertain_significance(4)|Likely_benign(1),1
chr1,236742950,T,G,ACTN2,c.1162T>G,p.Trp388Gly,NA,0.95678973,0.8849,0.9091,0.91191,VUS,.,2
chr1,236747730,G,C,ACTN2,c.1470G>C,p.Trp490Cys,NA,0.94320786,0.92542,0.9994,0.91173,VUS,.,1
chr1,236757501,T,C,ACTN2,c.2170T>C,p.Trp724Arg,NA,0.9406838,0.93068,0.9967,0.94044,VUS,.,1
chr1,236718969,A,C,ACTN2,c.317A>C,p.Tyr106Ser,NA,0.8623005,0.91371,0.9697,0.7767,VUS,.,1
chr1,236686708,A,G,ACTN2,c.35A>G,p.Tyr12Cys,NA,0.22798908,0.81659,0.0788,0.59975,VUS,.,2
chr1,236686707,T,C,ACTN2,c.34T>C,p.Tyr12His,NA,0.22071102,0.58758,0.1144,0.31006,VUS,.,1
chr1,236686714,A,G,ACTN2,c.41A>G,p.Tyr14Cys,NA,0.17950055,0.71558,0.0785,0.53247,VUS,.,1
chr1,236686729,A,G,ACTN2,c.56A>G,p.Tyr19Cys,NA,0.8695894,0.72705,0.6252,0.56579,VUS,.,1
chr1,236727739,T,G,ACTN2,c.598T>G,p.Tyr200Asp,NA,0.9909151,0.93621,0.984,0.94751,VUS,.,1
chr1,236737195,A,G,ACTN2,c.857A>G,p.Tyr286Cys,NA,0.8792127,0.94914,0.9912,0.92573,VUS,.,2
chr1,236737194,T,C,ACTN2,c.856T>C,p.Tyr286His,NA,0.8793715,0.9484,0.9951,0.90276,VUS,.,1
chr1,236742942,A,T,ACTN2,c.1154A>T,p.Tyr385Phe,NA,0.3065224,0.49396,0.0997,0.23098,VUS,.,2
chr1,236747678,A,G,ACTN2,c.1418A>G,p.Tyr473Cys,NA,0.91127133,0.87085,0.7531,0.78482,VUS,.,2
chr1,236755085,T,C,ACTN2,c.2041T>C,p.Tyr681His,NA,0.2653846,0.42578,0.0999,0.55967,VUS,.,1
chr1,236755086,A,C,ACTN2,c.2042A>C,p.Tyr681Ser,NA,0.46856382,0.57612,0.0989,0.60009,VUS,.,1
chr1,236755107,A,G,ACTN2,c.2063A>G,p.Tyr688Cys,1.41410713276e-5,0.8168038,0.89422,0.2269,0.75271,VUS,.,2
chr1,236755187,T,C,ACTN2,c.2143T>C,p.Tyr715His,NA,0.627077,0.74657,0.616,0.67581,VUS,.,1
chr1,236762464,T,C,ACTN2,c.2530T>C,p.Tyr844His,NA,0.7937663,0.90457,0.4625,0.6403,VUS,.,1
chr1,236762539,T,G,ACTN2,c.2605T>G,p.Tyr869Asp,NA,0.9069999,0.9439,0.8919,0.98232,VUS,.,1
chr1,236762540,A,G,ACTN2,c.2606A>G,p.Tyr869Cys,NA,0.8065348,0.89007,0.2654,0.79112,VUS,.,1
chr1,236718987,T,A,ACTN2,c.335T>A,p.Val112Glu,NA,0.95910287,0.94466,0.9988,0.99991,VUS,.,1
chr1,236718995,G,C,ACTN2,c.343G>C,p.Val115Leu,NA,0.8755034,0.95063,0.9491,0.85641,VUS,.,0
chr1,236718995,G,A,ACTN2,c.343G>A,p.Val115Met,NA,0.8929455,0.9706,0.9372,0.80349,VUS,.,2
chr1,236720111,T,C,ACTN2,c.368T>C,p.Val123Ala,NA,0.8918619,0.88773,0.9642,0.68536,VUS,.,1
chr1,236720185,G,C,ACTN2,c.442G>C,p.Val148Leu,NA,0.67931193,0.50959,0.8949,0.94607,VUS,.,1
chr1,236735640,G,A,ACTN2,c.703G>A,p.Val235Met,1.59139374264e-5,0.420246,0.89053,0.3188,0.75746,VUS,.,2
chr1,236735682,G,A,ACTN2,c.745G>A,p.Val249Ile,1.98832455819e-5,0.72275376,0.6442,0.147,0.65228,Conflicting,Uncertain_significance(5)|Likely_benign(1),1
chr1,236737152,G,T,ACTN2,c.814G>T,p.Val272Phe,NA,0.9373872,0.92046,0.8784,0.95065,VUS,.,1
chr1,236737162,T,C,ACTN2,c.824T>C,p.Val275Ala,NA,0.4261416,0.77142,0.6393,0.64211,VUS,.,1
chr1,236737161,G,A,ACTN2,c.823G>A,p.Val275Met,NA,0.34523895,0.71714,0.4207,0.75887,VUS,.,1
chr1,236739527,G,C,ACTN2,c.1102G>C,p.Val368Leu,NA,0.56442076,0.66202,0.7779,0.68254,VUS,.,2
chr1,236744742,G,T,ACTN2,c.1372G>T,p.Val458Leu,NA,0.74473864,0.65126,0.9807,0.76927,VUS,.,1
chr1,236744742,G,A,ACTN2,c.1372G>A,p.Val458Met,3.98530220547e-6,0.7640985,0.76619,0.9654,0.794,Conflicting,Uncertain_significance(1)|Likely_benign(1),1
chr1,236751558,T,C,ACTN2,c.1745T>C,p.Val582Ala,NA,0.4514961,0.6251,0.2194,0.26997,VUS,.,1
chr1,236751566,G,A,ACTN2,c.1753G>A,p.Val585Met,NA,0.4576175,0.43123,0.3341,0.50078,VUS,.,1
chr1,236751617,G,A,ACTN2,c.1804G>A,p.Val602Ile,3.97924426193e-6,0.057951868,0.31079,0.0671,0.47777,Conflicting,Uncertain_significance(2)|Benign(1),1
chr1,236753948,T,C,ACTN2,c.1841T>C,p.Val614Ala,3.97709195037e-6,0.70130837,0.89922,0.7099,0.71919,VUS,.,2
chr1,236753959,G,A,ACTN2,c.1852G>A,p.Val618Met,7.95494320171e-6,0.6624188,0.74235,0.8532,0.74645,Conflicting,Uncertain_significance(1)|Likely_benign(1),1
chr1,236755164,T,C,ACTN2,c.2120T>C,p.Val707Ala,NA,0.72722167,0.64522,0.878,0.72206,VUS,.,2
chr1,236755163,G,A,ACTN2,c.2119G>A,p.Val707Ile,NA,0.09674746,0.34888,0.0684,0.03992,VUS,.,1
chr1,236757543,G,A,ACTN2,c.2212G>A,p.Val738Met,NA,0.28942174,0.52023,0.2028,0.58708,VUS,.,1
chr1,236761072,G,A,ACTN2,c.2425G>A,p.Val809Ile,5.30256432011e-5,0.17928578,0.61388,0.1017,0.58841,Conflicting,Uncertain_significance(1)|Likely_benign(1),1
chr1,236761138,G,C,ACTN2,c.2491G>C,p.Val831Leu,NA,0.75081736,0.64826,0.7326,0.76103,VUS,.,1
chr1,236686695,G,C,ACTN2,c.22G>C,p.Val8Leu,NA,0.07561813,0.4843,0.0841,0.13315,VUS,.,1
chr1,236686695,G,A,ACTN2,c.22G>A,p.Val8Met,9.60553278689e-5,0.06613293,0.47612,0.0846,0.19985,B/LB,.,2
