chrom,pos,ref_base,alt_base,base__gene,base__cchange,base__achange,gnomad__af,VEP_varity_r,VEP_revel__score,VEP_alphamissense__pathogenicity,VEP_esm1b__score,clinvar,conf,stars
chr19,8580937,C,T,ADAMTS10,c.3268G>A,p.Ala1090Thr,1.61430923708e-5,NA,0.3402,0.089,0.32422,VUS,.,1
chr19,8605097,G,A,ADAMTS10,c.350C>T,p.Ala117Val,3.68985001845e-4,NA,0.22779,0.0919,NA,Conflicting,Uncertain_significance(1)|Likely_benign(1),1
chr19,8605095,C,T,ADAMTS10,c.352G>A,p.Ala118Thr,NA,NA,0.23913,0.0761,NA,VUS,.,1
chr19,8605074,C,T,ADAMTS10,c.373G>A,p.Ala125Thr,2.06471647313e-5,NA,0.2249,0.0726,NA,Conflicting,Uncertain_significance(1)|Likely_benign(1),1
chr19,8605674,C,T,ADAMTS10,c.37G>A,p.Ala13Thr,1.22529999428e-5,NA,0.21613,0.0771,NA,VUS,.,1
chr19,8605673,G,A,ADAMTS10,c.38C>T,p.Ala13Val,NA,NA,0.18881,0.0795,NA,VUS,.,1
chr19,8601088,G,A,ADAMTS10,c.650C>T,p.Ala217Val,NA,NA,0.14325,0.0731,NA,VUS,.,1
chr19,8600999,C,A,ADAMTS10,c.739G>T,p.Ala247Ser,5.17194735753e-5,NA,0.93227,0.5862,NA,VUS,.,2
chr19,8600981,C,T,ADAMTS10,c.757G>A,p.Ala253Thr,NA,NA,0.32008,0.0911,NA,VUS,.,1
chr19,8605638,C,T,ADAMTS10,c.73G>A,p.Ala25Thr,3.23907621546e-5,NA,0.57612,0.0707,NA,VUS,.,1
chr19,8596179,C,A,ADAMTS10,c.1231G>T,p.Ala411Ser,NA,NA,0.16972,0.065,NA,VUS,.,1
chr19,8596178,G,A,ADAMTS10,c.1232C>T,p.Ala411Val,NA,NA,0.38592,0.0914,NA,VUS,.,1
chr19,8596146,C,A,ADAMTS10,c.1264G>T,p.Ala422Ser,NA,NA,0.39182,0.1169,NA,VUS,.,1
chr19,8596145,G,A,ADAMTS10,c.1265C>T,p.Ala422Val,2.75807443972e-4,NA,0.58507,0.765,NA,VUS,.,2
chr19,8605323,C,T,ADAMTS10,c.124G>A,p.Ala42Thr,2.55990169977e-5,NA,0.04979,0.1113,NA,VUS,.,1
chr19,8605701,C,T,ADAMTS10,c.10G>A,p.Ala4Thr,6.38216397907e-5,NA,0.17295,0.0919,NA,VUS,.,2
chr19,8605292,G,A,ADAMTS10,c.155C>T,p.Ala52Val,NA,NA,0.18251,0.0964,NA,VUS,.,1
chr19,8589573,G,C,ADAMTS10,c.1913C>G,p.Ala638Gly,NA,NA,0.27141,0.132,0.14735,VUS,.,1
chr19,8589522,G,A,ADAMTS10,c.1964C>T,p.Ala655Val,7.10964494433e-6,NA,0.58758,0.294,0.70467,VUS,.,1
chr19,8605239,C,A,ADAMTS10,c.208G>T,p.Ala70Ser,1.63871295485e-5,NA,0.02506,0.0709,NA,VUS,.,1
chr19,8586446,C,G,ADAMTS10,c.2428G>C,p.Ala810Pro,NA,NA,0.22779,0.0931,0.56827,VUS,.,1
chr19,8586424,G,A,ADAMTS10,c.2450C>T,p.Ala817Val,NA,NA,0.34888,0.1237,0.13776,VUS,.,1
chr19,8586416,C,T,ADAMTS10,c.2458G>A,p.Ala820Thr,8.02033958118e-6,NA,0.02232,0.0675,0.42306,VUS,.,1
chr19,8586349,G,T,ADAMTS10,c.2525C>A,p.Ala842Glu,NA,NA,0.77142,0.8753,0.54238,VUS,.,1
chr19,8586198,C,A,ADAMTS10,c.2584G>T,p.Ala862Ser,0.0114440655625,NA,0.22779,0.0638,0.32297,B/LB,.,2
chr19,8586150,C,T,ADAMTS10,c.2632G>A,p.Ala878Thr,NA,NA,0.07369,0.0758,0.53551,VUS,.,1
chr19,8585476,C,T,ADAMTS10,c.2845G>A,p.Ala949Thr,3.03706386011e-4,NA,0.16972,0.0758,0.31741,Conflicting,Uncertain_significance(1)|Likely_benign(1),1
chr19,8585226,G,T,ADAMTS10,c.2948C>A,p.Ala983Glu,2.74077728444e-5,NA,0.31313,0.1007,0.65733,VUS,.,1
chr19,8585172,C,T,ADAMTS10,c.3002G>A,p.Arg1001His,NA,NA,0.61502,0.1546,0.73069,VUS,.,1
chr19,8585157,C,T,ADAMTS10,c.3017G>A,p.Arg1006His,NA,NA,0.19811,0.095,0.43862,VUS,.,1
chr19,8585012,G,T,ADAMTS10,c.3085C>A,p.Arg1029Ser,NA,NA,0.13305,0.1206,0.31473,VUS,.,1
chr19,8580928,G,T,ADAMTS10,c.3277C>A,p.Arg1093Ser,4.04275618946e-6,NA,0.53931,0.7988,0.67833,VUS,.,2
chr19,8605121,C,T,ADAMTS10,c.326G>A,p.Arg109Gln,2.83020393641e-5,NA,0.36572,0.1019,NA,VUS,.,1
chr19,8605091,C,T,ADAMTS10,c.356G>A,p.Arg119Gln,0.0104246684542,NA,0.23632,0.0703,NA,B/LB,.,2
chr19,8603814,C,T,ADAMTS10,c.506G>A,p.Arg169Gln,4.03165913383e-4,NA,0.06331,0.0695,NA,VUS,.,2
chr19,8603763,C,T,ADAMTS10,c.557G>A,p.Arg186His,1.75010142633e-4,NA,0.1533,0.0681,NA,VUS,.,1
chr19,8603763,C,A,ADAMTS10,c.557G>T,p.Arg186Leu,3.97750324167e-6,NA,0.29403,0.1044,NA,VUS,.,2
chr19,8601124,C,T,ADAMTS10,c.614G>A,p.Arg205Gln,2.80682620132e-5,NA,0.16321,0.078,NA,VUS,.,1
chr19,8601125,G,A,ADAMTS10,c.613C>T,p.Arg205Trp,4.98834864281e-5,NA,0.44197,0.1238,NA,VUS,.,2
chr19,8601109,C,T,ADAMTS10,c.629G>A,p.Arg210Gln,2.48493067043e-5,NA,0.26093,0.1119,NA,VUS,.,2
chr19,8601110,G,A,ADAMTS10,c.628C>T,p.Arg210Trp,9.9448063249e-5,NA,0.51569,0.2082,NA,VUS,.,2
chr19,8601062,G,A,ADAMTS10,c.676C>T,p.Arg226Cys,3.89383287669e-5,NA,0.51265,0.3893,NA,VUS,.,1
chr19,8601061,C,T,ADAMTS10,c.677G>A,p.Arg226His,4.60085788304e-5,NA,0.36365,0.0939,NA,VUS,.,2
chr19,8601040,C,T,ADAMTS10,c.698G>A,p.Arg233Gln,3.97975102678e-6,NA,0.67782,0.3631,NA,Conflicting,Likely_pathogenic(1)|Uncertain_significance(1),1
chr19,8601023,G,A,ADAMTS10,c.715C>T,p.Arg239Cys,4.77513111714e-5,NA,0.87576,0.6268,NA,VUS,.,1
chr19,8601022,C,T,ADAMTS10,c.716G>A,p.Arg239His,6.08384385744e-4,NA,0.67782,0.1461,NA,VUS,.,2
chr19,8600965,C,T,ADAMTS10,c.773G>A,p.Arg258Gln,7.96235399033e-6,NA,0.69696,0.1046,NA,VUS,.,2
chr19,8600966,G,A,ADAMTS10,c.772C>T,p.Arg258Trp,7.96184682999e-6,NA,0.91837,0.2702,NA,VUS,.,1
chr19,8605631,C,T,ADAMTS10,c.80G>A,p.Arg27Gln,3.23422238513e-5,NA,0.04323,0.0729,NA,VUS,.,1
chr19,8605631,C,G,ADAMTS10,c.80G>C,p.Arg27Pro,NA,NA,0.57482,0.1075,NA,VUS,.,1
chr19,8597260,G,A,ADAMTS10,c.868C>T,p.Arg290Cys,3.18532203606e-5,NA,0.94691,0.962,NA,VUS,.,1
chr19,8597259,C,T,ADAMTS10,c.869G>A,p.Arg290His,NA,NA,0.91962,0.4972,NA,VUS,.,1
chr19,8596383,G,A,ADAMTS10,c.1114C>T,p.Arg372Cys,4.01145672039e-6,NA,0.87965,0.7084,NA,VUS,.,1
chr19,8596382,C,T,ADAMTS10,c.1115G>A,p.Arg372His,2.40563881739e-5,NA,0.81601,0.1483,NA,VUS,.,1
chr19,8596176,G,A,ADAMTS10,c.1234C>T,p.Arg412Cys,NA,NA,0.47447,0.4712,NA,VUS,.,1
chr19,8596175,C,T,ADAMTS10,c.1235G>A,p.Arg412His,1.19345984008e-5,NA,0.21613,0.1039,NA,VUS,.,1
chr19,8596098,G,A,ADAMTS10,c.1312C>T,p.Arg438Cys,NA,NA,0.70029,0.8676,NA,VUS,.,1
chr19,8595874,C,T,ADAMTS10,c.1367G>A,p.Arg456Gln,6.29339970867e-4,NA,0.2249,0.071,NA,B/LB,.,2
chr19,8605311,G,A,ADAMTS10,c.136C>T,p.Arg46Cys,1.68147768259e-5,NA,0.73005,0.4412,NA,VUS,.,1
chr19,8605310,C,T,ADAMTS10,c.137G>A,p.Arg46His,2.96425845369e-5,NA,0.54358,0.1543,NA,VUS,.,2
chr19,8605310,C,A,ADAMTS10,c.137G>T,p.Arg46Leu,NA,NA,0.51112,0.1476,NA,VUS,.,1
chr19,8595802,C,T,ADAMTS10,c.1439G>A,p.Arg480His,NA,NA,0.82516,0.3546,NA,VUS,.,1
chr19,8595778,C,T,ADAMTS10,c.1463G>A,p.Arg488His,2.38642600886e-5,NA,0.70029,0.2708,NA,VUS,.,2
chr19,8595779,G,T,ADAMTS10,c.1462C>A,p.Arg488Ser,7.95469008527e-6,NA,0.67234,0.9158,NA,P/LP,.,1
chr19,8592830,C,T,ADAMTS10,c.1520G>A,p.Arg507Gln,2.0183589934e-5,NA,0.70112,0.2925,NA,VUS,.,1
chr19,8592831,G,A,ADAMTS10,c.1519C>T,p.Arg507Trp,1.43425723403e-5,NA,0.77012,0.7007,NA,VUS,.,1
chr19,8591822,C,T,ADAMTS10,c.1775G>A,p.Arg592Gln,NA,NA,0.41473,0.1744,0.19097,VUS,.,1
chr19,8589925,G,A,ADAMTS10,c.1864C>T,p.Arg622Cys,NA,NA,0.56959,0.969,NA,VUS,.,1
chr19,8605262,C,T,ADAMTS10,c.185G>A,p.Arg62Gln,0.0303813289867,NA,0.03083,0.0902,NA,B/LB,.,2
chr19,8605263,G,C,ADAMTS10,c.184C>G,p.Arg62Gly,6.5982646564e-5,NA,0.11576,0.0931,NA,VUS,.,2
chr19,8605263,G,A,ADAMTS10,c.184C>T,p.Arg62Trp,8.24783082049e-6,NA,0.18251,0.1277,NA,VUS,.,1
chr19,8589894,C,T,ADAMTS10,c.1895G>A,p.Arg632Gln,3.89151861207e-5,NA,0.32689,0.0863,0.15137,VUS,.,1
chr19,8589895,G,A,ADAMTS10,c.1894C>T,p.Arg632Trp,8.13767531383e-5,NA,0.52768,0.2071,NA,VUS,.,1
chr19,8605254,G,A,ADAMTS10,c.193C>T,p.Arg65Cys,NA,NA,0.54781,0.5741,NA,VUS,.,1
chr19,8605253,C,T,ADAMTS10,c.194G>A,p.Arg65His,8.23947201463e-6,NA,0.62179,0.1759,NA,VUS,.,2
chr19,8589493,G,A,ADAMTS10,c.1993C>T,p.Arg665Cys,NA,NA,0.624,0.7394,0.64673,VUS,.,1
chr19,8589492,C,T,ADAMTS10,c.1994G>A,p.Arg665His,1.02880658436e-4,NA,0.25558,0.1202,0.21943,Conflicting,Uncertain_significance(3)|Likely_benign(1),1
chr19,8605251,G,A,ADAMTS10,c.196C>T,p.Arg66Cys,8.22212903809e-6,NA,0.57221,0.6313,NA,VUS,.,1
chr19,8589349,C,T,ADAMTS10,c.2051G>A,p.Arg684Gln,5.26977177835e-5,NA,0.51569,0.1357,0.4563,VUS,.,2
chr19,8589328,C,T,ADAMTS10,c.2072G>A,p.Arg691Gln,4.03229058299e-6,NA,0.31313,0.0955,0.23338,VUS,.,1
chr19,8589328,C,A,ADAMTS10,c.2072G>T,p.Arg691Leu,8.06458116598e-6,NA,0.47281,0.2994,0.71045,VUS,.,1
chr19,8589328,C,G,ADAMTS10,c.2072G>C,p.Arg691Pro,NA,NA,0.66956,0.6694,0.85393,VUS,.,1
chr19,8589313,C,T,ADAMTS10,c.2087G>A,p.Arg696Gln,4.02501952134e-6,NA,0.72631,0.3063,0.53455,VUS,.,2
chr19,8605224,G,A,ADAMTS10,c.223C>T,p.Arg75Cys,4.8730964467e-5,NA,0.44373,0.2667,NA,VUS,.,1
chr19,8605223,C,T,ADAMTS10,c.224G>A,p.Arg75His,1.44131678702e-5,NA,0.11227,0.0757,NA,VUS,.,1
chr19,8586659,G,A,ADAMTS10,c.2302C>T,p.Arg768Cys,NA,NA,0.6173,0.3377,0.545,VUS,.,1
chr19,8586658,C,T,ADAMTS10,c.2303G>A,p.Arg768His,7.9726379067e-6,NA,0.54921,0.0786,0.41293,VUS,.,1
chr19,8586625,C,T,ADAMTS10,c.2336G>A,p.Arg779Gln,7.95677877768e-6,NA,0.21613,0.078,0.15807,VUS,.,1
chr19,8586433,C,T,ADAMTS10,c.2441G>A,p.Arg814His,1.06730420304e-5,NA,0.58633,0.0993,0.75377,VUS,.,1
chr19,8586412,C,T,ADAMTS10,c.2462G>A,p.Arg821His,1.20345632657e-5,NA,0.28413,0.1102,0.56686,VUS,.,1
chr19,8586225,G,A,ADAMTS10,c.2557C>T,p.Arg853Cys,4.0404366904e-6,NA,0.55201,0.4064,0.86005,VUS,.,1
chr19,8585601,C,T,ADAMTS10,c.2720G>A,p.Arg907His,NA,NA,0.96133,0.7888,0.5843,P/LP,.,1
chr19,8605170,G,A,ADAMTS10,c.277C>T,p.Arg93Cys,1.20249156252e-5,NA,0.45933,0.2644,NA,VUS,.,2
chr19,8605169,C,T,ADAMTS10,c.278G>A,p.Arg93His,9.61360431829e-5,NA,0.12618,0.0892,NA,VUS,.,1
chr19,8605161,G,T,ADAMTS10,c.286C>A,p.Arg96Ser,NA,NA,0.2072,0.0896,NA,VUS,.,2
chr19,8585188,G,A,ADAMTS10,c.2986C>T,p.Arg996Cys,NA,NA,0.6823,0.845,0.73864,P/LP,.,1
chr19,8605686,G,A,ADAMTS10,c.25C>T,p.Arg9Cys,2.06180465638e-5,NA,0.44724,0.1191,NA,VUS,.,1
chr19,8605685,C,G,ADAMTS10,c.26G>C,p.Arg9Pro,NA,NA,0.53788,0.1156,NA,VUS,.,1
chr19,8596361,T,C,ADAMTS10,c.1136A>G,p.Asn379Ser,4.00711663915e-6,NA,0.87381,0.1441,NA,VUS,.,1
chr19,8596208,T,C,ADAMTS10,c.1202A>G,p.Asn401Ser,NA,NA,0.38986,0.151,NA,VUS,.,1
chr19,8596191,T,C,ADAMTS10,c.1219A>G,p.Asn407Asp,NA,NA,0.68495,0.8757,NA,P/LP,.,1
chr19,8596125,T,C,ADAMTS10,c.1285A>G,p.Asn429Asp,5.6577886533e-5,NA,0.39956,0.2981,NA,VUS,.,1
chr19,8595879,G,T,ADAMTS10,c.1362C>A,p.Asn454Lys,7.95393083262e-6,NA,0.38195,0.3735,NA,VUS,.,1
chr19,8605299,T,G,ADAMTS10,c.148A>C,p.Asn50His,NA,NA,0.4034,0.0708,NA,VUS,.,1
chr19,8586577,T,C,ADAMTS10,c.2384A>G,p.Asn795Ser,1.19393481116e-5,NA,0.30369,0.0775,0.59588,VUS,.,1
chr19,8586427,T,C,ADAMTS10,c.2447A>G,p.Asn816Ser,NA,NA,0.4843,0.119,0.45025,VUS,.,1
chr19,8584925,C,G,ADAMTS10,c.3172G>C,p.Asp1058His,NA,NA,0.49555,0.1325,0.71058,VUS,.,1
chr19,8603749,C,G,ADAMTS10,c.571G>C,p.Asp191His,3.97718685619e-6,NA,0.2102,0.248,NA,VUS,.,1
chr19,8601144,A,C,ADAMTS10,c.594T>G,p.Asp198Glu,8.0706993261e-6,NA,0.55752,0.2022,NA,VUS,.,2
chr19,8605358,T,C,ADAMTS10,c.89A>G,p.Asp30Gly,1.42396050883e-5,NA,0.20116,0.088,NA,VUS,.,2
chr19,8597093,C,T,ADAMTS10,c.934G>A,p.Asp312Asn,NA,NA,0.70684,0.4537,NA,VUS,.,1
chr19,8596581,C,T,ADAMTS10,c.1045G>A,p.Asp349Asn,3.97810451276e-6,NA,0.85718,0.7784,NA,VUS,.,1
chr19,8595821,C,T,ADAMTS10,c.1420G>A,p.Asp474Asn,7.95285547276e-6,NA,0.55061,0.3071,NA,VUS,.,1
chr19,8589353,C,T,ADAMTS10,c.2047G>A,p.Asp683Asn,8.12096996865e-6,NA,0.93777,0.4077,0.64673,VUS,.,1
chr19,8589335,C,T,ADAMTS10,c.2065G>A,p.Asp689Asn,2.01853825534e-5,NA,0.34673,0.1355,0.6156,VUS,.,1
chr19,8586886,A,T,ADAMTS10,c.2169T>A,p.Asp723Glu,4.37407051002e-5,NA,0.44899,0.0753,0.009,VUS,.,1
chr19,8585660,G,T,ADAMTS10,c.2661C>A,p.Asp887Glu,NA,NA,0.06331,0.0864,0.07874,VUS,.,2
chr19,8585548,C,T,ADAMTS10,c.2773G>A,p.Asp925Asn,1.52159138171e-5,NA,0.4843,0.1535,0.4321,VUS,.,2
chr19,8585251,C,A,ADAMTS10,c.2923G>T,p.Asp975Tyr,NA,NA,0.57221,0.5102,0.94582,VUS,.,1
chr19,8584928,A,T,ADAMTS10,c.3169T>A,p.Cys1057Ser,NA,NA,0.70276,0.9677,0.00393,VUS,.,1
chr19,8592827,C,T,ADAMTS10,c.1523G>A,p.Cys508Tyr,NA,NA,0.88679,0.9995,NA,VUS,.,1
chr19,8605697,C,T,ADAMTS10,c.14G>A,p.Cys5Tyr,4.21912444729e-6,NA,0.27909,0.0864,NA,VUS,.,1
chr19,8589987,C,A,ADAMTS10,c.1802G>T,p.Cys601Phe,NA,NA,0.99671,0.9925,0.32121,VUS,.,1
chr19,8589315,G,C,ADAMTS10,c.2085C>G,p.Cys695Trp,NA,NA,0.84559,0.9973,0.86141,VUS,.,1
chr19,8586353,A,G,ADAMTS10,c.2521T>C,p.Cys841Arg,NA,NA,0.96614,0.9957,0.63109,NA,.,0
chr19,8586146,C,G,ADAMTS10,c.2636G>C,p.Cys879Ser,NA,NA,0.95101,0.9987,0.78589,VUS,.,1
chr19,8585308,A,C,ADAMTS10,c.2866T>G,p.Cys956Gly,NA,NA,0.96096,0.9867,0.79278,VUS,.,1
chr19,8584989,C,G,ADAMTS10,c.3108G>C,p.Gln1036His,1.47314457441e-5,NA,0.42578,0.1585,0.47264,VUS,.,1
chr19,8580923,C,G,ADAMTS10,c.3282G>C,p.Gln1094His,NA,NA,0.60219,0.5678,0.81156,VUS,.,1
chr19,8595775,T,A,ADAMTS10,c.1466A>T,p.Gln489Leu,1.76858428365e-5,NA,0.80842,0.5707,NA,VUS,.,2
chr19,8586219,G,T,ADAMTS10,c.2563C>A,p.Gln855Lys,8.06477628311e-6,NA,0.34888,0.1179,0.49063,VUS,.,1
chr19,8585533,G,T,ADAMTS10,c.2788C>A,p.Gln930Lys,5.73309025031e-6,NA,0.3358,0.0893,0.72078,VUS,.,1
chr19,8584937,C,G,ADAMTS10,c.3160G>C,p.Glu1054Gln,NA,NA,0.29889,0.0866,0.67568,VUS,.,1
chr19,8603863,C,T,ADAMTS10,c.457G>A,p.Glu153Lys,3.19047960885e-5,NA,0.27398,0.0765,NA,VUS,.,2
chr19,8603857,C,T,ADAMTS10,c.463G>A,p.Glu155Lys,NA,NA,0.59619,0.6757,NA,VUS,.,1
chr19,8603856,T,A,ADAMTS10,c.464A>T,p.Glu155Val,NA,NA,0.69273,0.4756,NA,VUS,.,1
chr19,8603802,T,C,ADAMTS10,c.518A>G,p.Glu173Gly,1.06090289909e-5,NA,0.29158,0.0686,NA,VUS,.,2
chr19,8603803,C,T,ADAMTS10,c.517G>A,p.Glu173Lys,1.06082036775e-5,NA,0.31546,0.1224,NA,VUS,.,1
chr19,8605650,C,T,ADAMTS10,c.61G>A,p.Glu21Lys,1.62056168668e-5,NA,0.46613,0.0777,NA,VUS,.,2
chr19,8601071,C,T,ADAMTS10,c.667G>A,p.Glu223Lys,7.96463701167e-6,NA,0.29647,0.0909,NA,VUS,.,1
chr19,8605354,C,G,ADAMTS10,c.93G>C,p.Glu31Asp,9.33427920696e-6,NA,0.11576,0.0986,NA,VUS,.,1
chr19,8597028,C,A,ADAMTS10,c.999G>T,p.Glu333Asp,NA,NA,0.68757,0.0956,NA,VUS,.,1
chr19,8596318,C,G,ADAMTS10,c.1179G>C,p.Glu393Asp,NA,NA,0.98489,0.999,NA,P/LP,.,1
chr19,8596320,C,T,ADAMTS10,c.1177G>A,p.Glu393Lys,NA,NA,0.99376,0.9981,NA,VUS,.,1
chr19,8591832,C,T,ADAMTS10,c.1765G>A,p.Glu589Lys,NA,NA,0.5262,0.3869,NA,VUS,.,1
chr19,8589529,C,T,ADAMTS10,c.1957G>A,p.Glu653Lys,NA,NA,0.62179,0.8172,0.61932,VUS,.,1
chr19,8589460,C,T,ADAMTS10,c.2026G>A,p.Glu676Lys,7.99041150619e-6,NA,0.60808,0.3857,0.743,VUS,.,1
chr19,8589284,C,T,ADAMTS10,c.2116G>A,p.Glu706Lys,4.84034915052e-5,NA,0.34456,0.1994,0.57322,VUS,.,1
chr19,8589275,C,T,ADAMTS10,c.2125G>A,p.Glu709Lys,2.01645426682e-4,NA,0.53788,0.357,0.63277,VUS,.,2
chr19,8586891,C,T,ADAMTS10,c.2164G>A,p.Glu722Lys,1.19293780818e-5,NA,0.54641,0.0938,0.7217,VUS,.,1
chr19,8605228,C,A,ADAMTS10,c.219G>T,p.Glu73Asp,1.08286048426e-5,NA,0.28413,0.0716,NA,VUS,.,1
chr19,8605230,C,T,ADAMTS10,c.217G>A,p.Glu73Lys,0.0040156432981,NA,0.37995,0.1567,NA,B/LB,.,2
chr19,8586687,C,G,ADAMTS10,c.2274G>C,p.Glu758Asp,3.98419073118e-6,NA,0.27654,0.1021,0.25922,VUS,.,1
chr19,8586594,T,G,ADAMTS10,c.2367A>C,p.Glu789Asp,NA,NA,0.57741,0.4736,0.70386,VUS,.,1
chr19,8586453,C,A,ADAMTS10,c.2421G>T,p.Glu807Asp,NA,NA,0.21613,0.0717,0.3458,Conflicting,Uncertain_significance(1)|Likely_benign(1),1
chr19,8586455,C,T,ADAMTS10,c.2419G>A,p.Glu807Lys,4.27426536064e-5,NA,0.41098,0.1075,0.56975,VUS,.,1
chr19,8585565,T,G,ADAMTS10,c.2756A>C,p.Glu919Ala,NA,NA,0.50341,0.1565,0.64871,VUS,.,1
chr19,8585511,T,C,ADAMTS10,c.2810A>G,p.Glu937Gly,2.17237821105e-5,NA,0.61843,0.3179,0.57385,VUS,.,2
chr19,8584909,C,A,ADAMTS10,c.3188G>T,p.Gly1063Val,NA,NA,0.19811,0.0868,0.07937,VUS,.,1
chr19,8584904,C,T,ADAMTS10,c.3193G>A,p.Gly1065Ser,0.0020962919688,NA,0.04979,0.066,0.0394,B/LB,.,2
chr19,8603833,C,T,ADAMTS10,c.487G>A,p.Gly163Ser,3.58077838165e-5,NA,0.11227,0.0699,NA,VUS,.,2
chr19,8603820,C,G,ADAMTS10,c.500G>C,p.Gly167Ala,7.07243588837e-6,NA,0.02506,0.0752,NA,VUS,.,1
chr19,8597105,C,T,ADAMTS10,c.922G>A,p.Gly308Arg,7.55587369761e-5,NA,0.77399,0.9098,NA,VUS,.,1
chr19,8597051,C,T,ADAMTS10,c.976G>A,p.Gly326Ser,1.06060284666e-5,NA,0.18881,0.0649,NA,VUS,.,1
chr19,8597044,C,T,ADAMTS10,c.983G>A,p.Gly328Asp,NA,NA,0.85615,0.2994,NA,VUS,.,1
chr19,8597045,C,T,ADAMTS10,c.982G>A,p.Gly328Ser,NA,NA,0.79094,0.101,NA,VUS,.,1
chr19,8596551,C,T,ADAMTS10,c.1075G>A,p.Gly359Ser,4.77285201772e-5,NA,0.8782,0.3585,NA,VUS,.,2
chr19,8596314,C,T,ADAMTS10,c.1183G>A,p.Gly395Arg,4.01023411747e-6,NA,0.99904,0.9983,NA,Conflicting,Likely_pathogenic(1)|Uncertain_significance(1),1
chr19,8596172,C,T,ADAMTS10,c.1238G>A,p.Gly413Asp,NA,NA,0.39571,0.2723,NA,VUS,.,1
chr19,8595764,C,T,ADAMTS10,c.1477G>A,p.Gly493Arg,7.96229059176e-6,NA,0.60219,0.7998,NA,VUS,.,1
chr19,8592797,C,T,ADAMTS10,c.1553G>A,p.Gly518Asp,NA,NA,0.94728,0.9987,NA,P/LP,.,0
chr19,8592765,C,G,ADAMTS10,c.1585G>C,p.Gly529Arg,NA,NA,0.87184,0.9992,NA,VUS,.,1
chr19,8592764,C,T,ADAMTS10,c.1586G>A,p.Gly529Glu,4.1368468953e-6,NA,0.94989,0.9988,NA,VUS,.,1
chr19,8591834,C,T,ADAMTS10,c.1763G>A,p.Gly588Asp,1.59389220507e-5,NA,0.65126,0.9463,0.39074,VUS,.,2
chr19,8589582,C,A,ADAMTS10,c.1904G>T,p.Gly635Val,NA,NA,0.63162,0.4832,NA,VUS,.,1
chr19,8589505,C,T,ADAMTS10,c.1981G>A,p.Gly661Arg,3.99243035205e-6,NA,0.95691,0.9977,0.71002,VUS,.,1
chr19,8605248,C,T,ADAMTS10,c.199G>A,p.Gly67Ser,5.34337339493e-5,NA,0.29158,0.0773,NA,VUS,.,2
chr19,8589359,C,T,ADAMTS10,c.2041G>A,p.Gly681Ser,4.06358700953e-6,NA,0.86435,0.8134,0.69494,VUS,.,1
chr19,8589340,C,A,ADAMTS10,c.2060G>T,p.Gly687Val,NA,NA,0.93504,0.67490000000000006,0.90951,VUS,.,1
chr19,8589302,C,A,ADAMTS10,c.2098G>T,p.Gly700Cys,NA,NA,0.95249,0.9917,0.86518,P/LP,.,0
chr19,8589302,C,T,ADAMTS10,c.2098G>A,p.Gly700Ser,2.85990061845e-5,NA,0.91242,0.661,0.7536,VUS,.,1
chr19,8589296,C,G,ADAMTS10,c.2104G>C,p.Gly702Arg,NA,NA,0.83965,0.7615,0.77533,VUS,.,1
chr19,8589296,C,T,ADAMTS10,c.2104G>A,p.Gly702Ser,6.05336647888e-5,NA,0.81077,0.1197,0.66551,VUS,.,1
chr19,8589242,C,A,ADAMTS10,c.2158G>T,p.Gly720Trp,3.58196979683e-5,NA,0.77592,0.2463,0.7021,VUS,.,1
chr19,8586677,C,T,ADAMTS10,c.2284G>A,p.Gly762Arg,NA,NA,0.21317,0.1148,0.42655,VUS,.,2
chr19,8585614,C,G,ADAMTS10,c.2707G>C,p.Gly903Arg,NA,NA,0.9366,0.9019,0.69356,B/LB,.,1
chr19,8585614,C,T,ADAMTS10,c.2707G>A,p.Gly903Ser,NA,NA,0.94541,0.5284,0.71697,VUS,.,1
chr19,8585613,C,A,ADAMTS10,c.2708G>T,p.Gly903Val,NA,NA,0.92294,0.9091,0.86426,VUS,.,1
chr19,8585286,C,T,ADAMTS10,c.2888G>A,p.Gly963Asp,NA,NA,0.84613,0.994,0.91402,VUS,.,1
chr19,8585000,G,A,ADAMTS10,c.3097C>T,p.His1033Tyr,7.44379931517e-6,NA,0.32913,0.0829,0.27412,VUS,.,1
chr19,8584981,T,G,ADAMTS10,c.3116A>C,p.His1039Pro,1.46230898589e-5,NA,0.02506,0.0503,0.23353,VUS,.,1
chr19,8580902,A,C,ADAMTS10,c.3303T>G,p.His1101Gln,0.999848902516,NA,0.48268,0.0583,0.02896,B/LB,.,2
chr19,8603884,G,A,ADAMTS10,c.436C>T,p.His146Tyr,5.36860867138e-5,NA,0.52323,0.1669,NA,VUS,.,1
chr19,8603835,T,C,ADAMTS10,c.485A>G,p.His162Arg,NA,NA,0.17616,0.0558,NA,VUS,.,1
chr19,8603760,T,C,ADAMTS10,c.560A>G,p.His187Arg,NA,NA,0.1533,0.0814,NA,VUS,.,1
chr19,8603755,G,C,ADAMTS10,c.565C>G,p.His189Asp,NA,NA,0.38986,0.1249,NA,VUS,.,1
chr19,8605641,G,A,ADAMTS10,c.70C>T,p.His24Tyr,2.15563699073e-5,NA,0.39764,0.0717,NA,VUS,.,2
chr19,8595792,A,C,ADAMTS10,c.1449T>G,p.His483Gln,1.19297575873e-5,NA,0.28162,0.7081,NA,VUS,.,1
chr19,8605301,T,C,ADAMTS10,c.146A>G,p.His49Arg,NA,NA,0.28162,0.0553,NA,VUS,.,2
chr19,8605302,G,T,ADAMTS10,c.145C>A,p.His49Asn,8.34118795199e-6,NA,0.24192,0.0827,NA,VUS,.,1
chr19,8586192,G,C,ADAMTS10,c.2590C>G,p.His864Asp,NA,NA,0.14325,0.1037,0.76351,VUS,.,2
chr19,8605190,T,C,ADAMTS10,c.257A>G,p.His86Arg,NA,NA,0.16647,0.0682,NA,VUS,.,1
chr19,8596578,T,C,ADAMTS10,c.1048A>G,p.Ile350Val,NA,NA,0.8782,0.5789,NA,VUS,.,1
chr19,8596353,T,C,ADAMTS10,c.1144A>G,p.Ile382Val,1.06789688388e-5,NA,0.77077,0.1584,NA,VUS,.,2
chr19,8596316,A,G,ADAMTS10,c.1181T>C,p.Ile394Thr,NA,NA,0.70112,0.598,NA,VUS,.,1
chr19,8580961,G,C,ADAMTS10,c.3244C>G,p.Leu1082Val,NA,NA,0.33137,0.2563,0.48619,VUS,.,1
chr19,8605112,A,C,ADAMTS10,c.335T>G,p.Leu112Arg,4.05676221694e-6,NA,0.46948,0.0834,NA,VUS,.,2
chr19,8605113,G,T,ADAMTS10,c.334C>A,p.Leu112Met,4.05452525564e-6,NA,0.30843,0.1609,NA,VUS,.,2
chr19,8605112,A,G,ADAMTS10,c.335T>C,p.Leu112Pro,NA,NA,0.35103,0.0823,NA,VUS,.,1
chr19,8605677,G,T,ADAMTS10,c.34C>A,p.Leu12Ile,1.63781384608e-5,NA,0.09474,0.0849,NA,VUS,.,1
chr19,8601103,A,G,ADAMTS10,c.635T>C,p.Leu212Ser,NA,NA,0.38789,0.1542,NA,VUS,.,1
chr19,8591838,G,C,ADAMTS10,c.1759C>G,p.Leu587Val,1.41696245758e-5,NA,0.42212,0.1041,NA,VUS,.,2
chr19,8589564,A,G,ADAMTS10,c.1922T>C,p.Leu641Pro,NA,NA,0.86686,0.9988,0.83451,VUS,.,1
chr19,8586834,G,A,ADAMTS10,c.2221C>T,p.Leu741Phe,NA,NA,0.24192,0.0831,0.44557,VUS,.,1
chr19,8586718,A,G,ADAMTS10,c.2243T>C,p.Leu748Pro,NA,NA,0.84613,0.9881,0.81177,VUS,.,1
chr19,8586695,G,C,ADAMTS10,c.2266C>G,p.Leu756Val,3.98336546581e-6,NA,0.09122,0.0981,0.30993,VUS,.,1
chr19,8586589,A,G,ADAMTS10,c.2372T>C,p.Leu791Pro,NA,NA,0.67049,0.1702,0.48149,VUS,.,1
chr19,8586451,A,C,ADAMTS10,c.2423T>G,p.Leu808Arg,0.00958397095982,NA,0.2335,0.0832,0.54005,B/LB,.,2
chr19,8585266,G,A,ADAMTS10,c.2908C>T,p.Leu970Phe,NA,NA,0.40148,0.1618,0.58387,VUS,.,1
chr19,8585236,G,C,ADAMTS10,c.2938C>G,p.Leu980Val,4.20153944405e-5,NA,0.29647,0.1005,0.5523,VUS,.,1
chr19,8580984,T,C,ADAMTS10,c.3221A>G,p.Lys1074Arg,3.58368991048e-6,NA,0.42943,0.1386,0.56593,VUS,.,1
chr19,8595783,T,A,ADAMTS10,c.1458A>T,p.Lys486Asn,2.1214756985e-5,NA,0.35738,0.7867,NA,VUS,.,2
chr19,8592093,T,C,ADAMTS10,c.1598A>G,p.Lys533Arg,NA,NA,0.36572,0.095,0.06564,VUS,.,1
chr19,8589909,T,G,ADAMTS10,c.1880A>C,p.Lys627Thr,1.19337438541e-5,NA,0.20116,0.074,0.11714,VUS,.,2
chr19,8600936,T,G,ADAMTS10,c.802A>C,p.Met268Leu,NA,NA,0.65913,0.4518,NA,VUS,.,1
chr19,8596390,C,T,ADAMTS10,c.1107G>A,p.Met369Ile,4.00580039898e-6,NA,0.74235,0.8716,NA,VUS,.,2
chr19,8596132,C,T,ADAMTS10,c.1278G>A,p.Met426Ile,NA,NA,0.5065,0.7023,NA,VUS,.,1
chr19,8585191,T,A,ADAMTS10,c.2983A>T,p.Met995Leu,NA,NA,0.18881,0.0894,0.2437,VUS,.,1
chr19,8585191,T,C,ADAMTS10,c.2983A>G,p.Met995Val,NA,NA,0.23065,0.0603,0.03416,VUS,.,1
chr19,8596117,G,C,ADAMTS10,c.1293C>G,p.Phe431Leu,NA,NA,0.47612,0.994,NA,VUS,.,1
chr19,8589916,A,G,ADAMTS10,c.1873T>C,p.Phe625Leu,3.97769309711e-6,NA,0.42761,0.8521,NA,VUS,.,1
chr19,8586850,G,T,ADAMTS10,c.2205C>A,p.Phe735Leu,NA,NA,0.16972,0.5803,0.44321,VUS,.,1
chr19,8586635,A,G,ADAMTS10,c.2326T>C,p.Phe776Leu,NA,NA,0.61388,0.9625,0.33801,VUS,.,1
chr19,8585163,G,A,ADAMTS10,c.3011C>T,p.Pro1004Leu,1.48836101685e-5,NA,0.73445,0.1482,0.55675,VUS,.,2
chr19,8603808,G,A,ADAMTS10,c.512C>T,p.Pro171Leu,7.07328631956e-6,NA,0.12618,0.074,NA,VUS,.,1
chr19,8601136,G,C,ADAMTS10,c.602C>G,p.Pro201Arg,4.02544078577e-6,NA,0.47612,0.1613,NA,VUS,.,1
chr19,8601136,G,A,ADAMTS10,c.602C>T,p.Pro201Leu,4.02544078577e-5,NA,0.5262,0.1086,NA,VUS,.,1
chr19,8601097,G,C,ADAMTS10,c.641C>G,p.Pro214Arg,NA,NA,0.19811,0.1156,NA,VUS,.,1
chr19,8601094,G,A,ADAMTS10,c.644C>T,p.Pro215Leu,3.59080753272e-5,NA,0.32913,0.0773,NA,VUS,.,2
chr19,8601095,G,A,ADAMTS10,c.643C>T,p.Pro215Ser,1.16997213339e-4,NA,0.15663,0.0698,NA,B/LB,.,1
chr19,8601091,G,A,ADAMTS10,c.647C>T,p.Pro216Leu,1.59489633174e-5,NA,0.48915,0.0756,NA,VUS,.,1
chr19,8601083,G,A,ADAMTS10,c.655C>T,p.Pro219Ser,NA,NA,0.25827,0.0766,NA,VUS,.,1
chr19,8601053,G,T,ADAMTS10,c.685C>A,p.Pro229Thr,NA,NA,0.25287,0.0747,NA,VUS,.,1
chr19,8596403,G,A,ADAMTS10,c.1094C>T,p.Pro365Leu,NA,NA,0.93464,0.777,NA,VUS,.,1
chr19,8595847,G,A,ADAMTS10,c.1394C>T,p.Pro465Leu,NA,NA,0.71084,0.8334,NA,VUS,.,1
chr19,8592036,G,C,ADAMTS10,c.1655C>G,p.Pro552Arg,NA,NA,0.17934,0.1082,0.18408,VUS,.,1
chr19,8592036,G,A,ADAMTS10,c.1655C>T,p.Pro552Leu,2.82469916954e-5,NA,0.22779,0.0812,0.34939,VUS,.,1
chr19,8605275,G,A,ADAMTS10,c.172C>T,p.Pro58Ser,NA,NA,0.3358,0.0663,NA,VUS,.,1
chr19,8605272,G,A,ADAMTS10,c.175C>T,p.Pro59Ser,5.78799404663e-5,NA,0.12962,0.0635,NA,VUS,.,2
chr19,8589985,G,A,ADAMTS10,c.1804C>T,p.Pro602Ser,1.59681913628e-5,NA,0.62179,0.1143,NA,VUS,.,1
chr19,8589499,G,T,ADAMTS10,c.1987C>A,p.Pro663Thr,1.19727022389e-5,NA,0.3402,0.15,0.61771,VUS,.,1
chr19,8589259,G,A,ADAMTS10,c.2141C>T,p.Pro714Leu,7.15701781382e-6,NA,0.31079,0.0839,0.27627,VUS,.,1
chr19,8586401,G,A,ADAMTS10,c.2473C>T,p.Pro825Ser,1.42698136362e-5,NA,0.11924,0.0913,0.72029,VUS,.,1
chr19,8586397,G,T,ADAMTS10,c.2477C>A,p.Pro826His,9.2776294943e-5,NA,0.30843,0.1067,0.54797,VUS,.,1
chr19,8586376,G,T,ADAMTS10,c.2498C>A,p.Pro833His,NA,NA,0.6173,0.1506,0.64177,VUS,.,1
chr19,8585521,G,T,ADAMTS10,c.2800C>A,p.Pro934Thr,NA,NA,0.2072,0.0798,0.50371,VUS,.,1
chr19,8585289,G,A,ADAMTS10,c.2885C>T,p.Pro962Leu,7.27166957533e-6,NA,0.6893,0.1658,0.4658,VUS,.,1
chr19,8585018,A,G,ADAMTS10,c.3079T>C,p.Ser1027Pro,NA,NA,0.35528,0.0774,0.21373,VUS,.,1
chr19,8584985,A,T,ADAMTS10,c.3112T>A,p.Ser1038Thr,7.33740314628e-6,NA,0.51721,0.1556,0.64131,VUS,.,1
chr19,8584920,G,T,ADAMTS10,c.3177C>A,p.Ser1059Arg,NA,NA,0.15663,0.1859,0.4742,VUS,.,1
chr19,8580941,G,T,ADAMTS10,c.3264C>A,p.Ser1088Arg,NA,NA,0.57221,0.6192,0.69204,VUS,.,1
chr19,8580943,T,C,ADAMTS10,c.3262A>G,p.Ser1088Gly,7.88400478774e-5,NA,0.31313,0.0928,0.51418,VUS,.,2
chr19,8605046,C,G,ADAMTS10,c.401G>C,p.Ser134Thr,NA,NA,NA,0.0761,NA,B/LB,.,2
chr19,8603811,C,G,ADAMTS10,c.509G>C,p.Ser170Thr,3.18169886811e-5,NA,0.11227,0.078,NA,VUS,.,1
chr19,8597295,G,A,ADAMTS10,c.833C>T,p.Ser278Leu,3.98330199802e-6,NA,0.93969,0.4439,NA,VUS,.,2
chr19,8605346,G,C,ADAMTS10,c.101C>G,p.Ser34Cys,NA,NA,0.72099,0.2387,NA,VUS,.,2
chr19,8605334,C,T,ADAMTS10,c.113G>A,p.Ser38Asn,NA,NA,0.18881,0.0677,NA,VUS,.,1
chr19,8596082,C,G,ADAMTS10,c.1328G>C,p.Ser443Thr,NA,NA,0.3739,0.1178,NA,VUS,.,1
chr19,8595901,G,A,ADAMTS10,c.1340C>T,p.Ser447Leu,2.65238856432e-4,NA,0.5534,0.3709,NA,B/LB,.,2
chr19,8591985,G,A,ADAMTS10,c.1706C>T,p.Ser569Phe,NA,NA,0.50496,0.1502,0.41596,VUS,.,1
chr19,8586823,A,C,ADAMTS10,c.2232T>G,p.Ser744Arg,NA,NA,0.64008,0.6256,0.7746,VUS,.,1
chr19,8586825,T,A,ADAMTS10,c.2230A>T,p.Ser744Cys,NA,NA,0.78848,0.2365,0.66446,VUS,.,1
chr19,8586700,G,A,ADAMTS10,c.2261C>T,p.Ser754Phe,5.73418850614e-4,NA,0.40148,0.1255,0.50839,B/LB,.,2
chr19,8586600,G,C,ADAMTS10,c.2361C>G,p.Ser787Arg,3.97823111932e-6,NA,0.41843,0.4154,0.13879,VUS,.,1
chr19,8605202,G,A,ADAMTS10,c.245C>T,p.Ser82Leu,0.00123622643667,NA,0.4053,0.1654,NA,B/LB,.,1
chr19,8605166,C,T,ADAMTS10,c.281G>A,p.Ser94Asn,NA,NA,0.07369,0.0858,NA,VUS,.,1
chr19,8585299,T,C,ADAMTS10,c.2875A>G,p.Ser959Gly,NA,NA,0.4384,0.088,0.44505,VUS,.,1
chr19,8605163,G,A,ADAMTS10,c.284C>T,p.Ser95Phe,NA,NA,0.3358,0.171,NA,VUS,.,1
chr19,8585256,C,G,ADAMTS10,c.2918G>C,p.Ser973Thr,NA,NA,0.34888,0.1338,0.63136,VUS,.,1
chr19,8585005,G,T,ADAMTS10,c.3092C>A,p.Thr1031Asn,1.81930648037e-5,NA,0.20419,0.1137,0.73473,VUS,.,1
chr19,8584948,G,C,ADAMTS10,c.3149C>G,p.Thr1050Arg,NA,NA,0.35528,0.0742,0.07337,VUS,.,1
chr19,8584948,G,A,ADAMTS10,c.3149C>T,p.Thr1050Met,7.0821529745e-6,NA,0.15993,0.0705,0.01669,VUS,.,1
chr19,8584915,G,T,ADAMTS10,c.3182C>A,p.Thr1061Asn,2.09711018217e-5,NA,0.23913,0.0708,0.08798,VUS,.,1
chr19,8601106,G,A,ADAMTS10,c.632C>T,p.Thr211Ile,NA,NA,0.08068,0.1723,NA,VUS,.,1
chr19,8605643,G,A,ADAMTS10,c.68C>T,p.Thr23Met,1.45776136446e-4,NA,0.222,0.0882,NA,B/LB,.,2
chr19,8597280,G,C,ADAMTS10,c.848C>G,p.Thr283Ser,NA,NA,0.46444,0.0842,NA,VUS,.,1
chr19,8597244,G,A,ADAMTS10,c.884C>T,p.Thr295Met,3.97832607952e-6,NA,0.78538,0.0969,NA,VUS,.,1
chr19,8596307,G,A,ADAMTS10,c.1190C>T,p.Thr397Ile,2.80561122244e-5,NA,0.72631,0.6834,NA,VUS,.,1
chr19,8605314,T,C,ADAMTS10,c.133A>G,p.Thr45Ala,NA,NA,0.01968,0.069,NA,VUS,.,1
chr19,8592782,G,A,ADAMTS10,c.1568C>T,p.Thr523Met,4.07740546535e-6,NA,0.68141,0.4112,NA,VUS,.,1
chr19,8589561,G,A,ADAMTS10,c.1925C>T,p.Thr642Met,1.85053380783e-4,NA,0.54641,0.2653,0.44913,VUS,.,2
chr19,8589484,T,C,ADAMTS10,c.2002A>G,p.Thr668Ala,NA,NA,0.14661,0.1213,0.27655,VUS,.,1
chr19,8589483,G,A,ADAMTS10,c.2003C>T,p.Thr668Met,7.09632552264e-6,NA,0.59497,0.1927,0.7533,VUS,.,1
chr19,8605244,G,A,ADAMTS10,c.203C>T,p.Thr68Met,2.18405783385e-5,NA,0.07369,0.0899,NA,VUS,.,2
chr19,8605245,T,A,ADAMTS10,c.202A>T,p.Thr68Ser,NA,NA,0.15663,0.0641,NA,VUS,.,1
chr19,8586673,G,C,ADAMTS10,c.2288C>G,p.Thr763Ser,2.26842564172e-4,NA,0.12618,0.0646,0.25936,VUS,.,2
chr19,8585194,T,C,ADAMTS10,c.2980A>G,p.Thr994Ala,2.27634873663e-5,NA,0.25287,0.0617,0.17025,VUS,.,1
chr19,8601118,C,G,ADAMTS10,c.620G>C,p.Trp207Ser,4.00281798386e-6,NA,0.5974,0.1923,NA,VUS,.,1
chr19,8592852,A,G,ADAMTS10,c.1498T>C,p.Trp500Arg,NA,NA,0.85091,0.9992,NA,VUS,.,1
chr19,8592032,C,G,ADAMTS10,c.1659G>C,p.Trp553Cys,NA,NA,0.88396,0.9998,0.19052,VUS,.,1
chr19,8585014,A,C,ADAMTS10,c.3083T>G,p.Val1028Gly,NA,NA,0.81252,0.7014,0.90327,P/LP,.,1
chr19,8605143,C,T,ADAMTS10,c.304G>A,p.Val102Ile,5.71400001428e-5,NA,0.26093,0.1002,NA,VUS,.,2
chr19,8605037,A,G,ADAMTS10,c.410T>C,p.Val137Ala,NA,NA,0.69863,0.3384,NA,VUS,.,1
chr19,8603872,C,T,ADAMTS10,c.448G>A,p.Val150Met,7.99143318363e-6,NA,0.51265,0.1177,NA,VUS,.,1
chr19,8603785,C,T,ADAMTS10,c.535G>A,p.Val179Met,NA,NA,0.54641,0.4857,NA,VUS,.,1
chr19,8603733,A,T,ADAMTS10,c.587T>A,p.Val196Glu,7.78127542178e-5,NA,0.78662,0.6483,NA,VUS,.,2
chr19,8601017,C,T,ADAMTS10,c.721G>A,p.Val241Met,7.95728529255e-6,NA,0.91498,0.8932,NA,VUS,.,1
chr19,8597278,C,T,ADAMTS10,c.850G>A,p.Val284Ile,1.19396332145e-5,NA,0.16972,0.074,NA,VUS,.,1
chr19,8597278,C,G,ADAMTS10,c.850G>C,p.Val284Leu,NA,NA,0.545,0.3652,NA,VUS,.,1
chr19,8597063,C,T,ADAMTS10,c.964G>A,p.Val322Met,1.41413712888e-5,NA,0.4384,0.127,NA,VUS,.,2
chr19,8596197,C,A,ADAMTS10,c.1213G>T,p.Val405Leu,NA,NA,0.07718,0.1425,NA,VUS,.,1
chr19,8596197,C,T,ADAMTS10,c.1213G>A,p.Val405Met,3.97971935019e-6,NA,0.08419,0.1143,NA,VUS,.,1
chr19,8596116,C,T,ADAMTS10,c.1294G>A,p.Val432Met,3.53631798571e-5,NA,0.31546,0.1785,NA,VUS,.,1
chr19,8595853,A,G,ADAMTS10,c.1388T>C,p.Val463Ala,2.12116069913e-5,NA,0.42943,0.1438,NA,VUS,.,2
chr19,8605308,C,T,ADAMTS10,c.139G>A,p.Val47Met,4.80325143174e-5,NA,0.5534,0.6183,NA,VUS,.,2
chr19,8592088,C,T,ADAMTS10,c.1603G>A,p.Val535Ile,2.82883145014e-5,NA,0.26358,0.0789,NA,VUS,.,2
chr19,8589579,A,G,ADAMTS10,c.1907T>C,p.Val636Ala,NA,NA,0.59497,0.5028,NA,VUS,.,1
chr19,8589481,C,A,ADAMTS10,c.2005G>T,p.Val669Leu*,7.09365756077e-6,NA,0.25558,0.1113,0.00513,VUS,.,2
chr19,8589481,C,G,ADAMTS10,c.2005G>C,p.Val669Leu*,1.77341439019e-4,NA,0.25558,0.1113,0.00513,Conflicting,Uncertain_significance(1)|Likely_benign(1),1
chr19,8589481,C,T,ADAMTS10,c.2005G>A,p.Val669Met,3.98965880438e-6,NA,0.12618,0.1012,0.49031,VUS,.,1
chr19,8589469,C,T,ADAMTS10,c.2017G>A,p.Val673Ile,2.39467424448e-5,NA,0.39764,0.0879,0.51554,VUS,.,1
chr19,8589362,C,T,ADAMTS10,c.2038G>A,p.Val680Met,4.68948401247e-5,NA,0.76751,0.7314,0.69808,VUS,.,1
chr19,8589269,C,T,ADAMTS10,c.2131G>A,p.Val711Ile,1.61378820644e-5,NA,0.21317,0.0625,0.49572,VUS,.,2
chr19,8586882,C,T,ADAMTS10,c.2173G>A,p.Val725Ile,2.82821426551e-5,NA,0.15993,0.0727,0.59202,VUS,.,1
chr19,8586861,C,T,ADAMTS10,c.2194G>A,p.Val732Ile,1.41403714676e-5,NA,0.43303,0.1307,0.61417,VUS,.,1
chr19,8586563,C,A,ADAMTS10,c.2398G>T,p.Val800Phe,1.19476216268e-5,NA,0.69863,0.4762,0.6657,VUS,.,1
chr19,8605209,C,T,ADAMTS10,c.238G>A,p.Val80Met,NA,NA,0.46444,0.4101,NA,VUS,.,1
chr19,8586201,C,T,ADAMTS10,c.2581G>A,p.Val861Ile,NA,NA,0.67049,0.1544,0.66047,VUS,.,1
chr19,8585593,C,A,ADAMTS10,c.2728G>T,p.Val910Leu,1.1444004486e-5,NA,0.18251,0.0853,0.12776,VUS,.,2
