chrom,pos,ref_base,alt_base,base__gene,base__cchange,base__achange,gnomad__af,VEP_varity_r,VEP_revel__score,VEP_alphamissense__pathogenicity,VEP_esm1b__score,clinvar,conf,stars
chr19,1912361,C,G,ADAT3,c.314C>G,p.Ala105Gly,3.33405571207e-5,NA,0.1533,NA,NA,VUS,.,1
chr19,1912385,C,G,ADAT3,c.338C>G,p.Ala113Gly,NA,NA,0.14661,NA,NA,VUS,.,1
chr19,1912483,G,A,ADAT3,c.436G>A,p.Ala146Thr,2.36615452566e-5,NA,0.53644,NA,NA,VUS,.,1
chr19,1912484,C,T,ADAT3,c.437C>T,p.Ala146Val,1.03337811305e-5,NA,0.51112,NA,NA,VUS,.,1
chr19,1912576,G,A,ADAT3,c.529G>A,p.Ala177Thr,NA,NA,0.21907,NA,NA,VUS,.,1
chr19,1912643,C,T,ADAT3,c.596C>T,p.Ala199Val,4.28423696262e-4,NA,0.32913,NA,NA,VUS,.,1
chr19,1912655,C,A,ADAT3,c.608C>A,p.Ala203Glu,NA,NA,0.64008,NA,NA,VUS,.,1
chr19,1912105,G,A,ADAT3,c.58G>A,p.Ala20Thr,3.48474552646e-5,NA,0.00259,NA,NA,VUS,.,1
chr19,1912106,C,T,ADAT3,c.59C>T,p.Ala20Val,2.03269247057e-4,NA,0.2335,NA,NA,VUS,.,2
chr19,1912765,G,A,ADAT3,c.718G>A,p.Ala240Thr,6.18475087823e-6,NA,0.97248,NA,NA,VUS,.,1
chr19,1912850,C,G,ADAT3,c.803C>G,p.Ala268Gly,4.55315351412e-6,NA,0.08068,NA,NA,VUS,.,1
chr19,1912849,G,A,ADAT3,c.802G>A,p.Ala268Thr,2.74167900422e-5,NA,0.0125,NA,NA,VUS,.,1
chr19,1912859,C,G,ADAT3,c.812C>G,p.Ala271Gly,NA,NA,0.15993,NA,NA,VUS,.,1
chr19,1912903,G,A,ADAT3,c.856G>A,p.Ala286Thr,NA,NA,0.06331,NA,NA,VUS,.,1
chr19,1912969,G,A,ADAT3,c.922G>A,p.Ala308Thr,6.53141351597e-4,NA,0.05648,NA,NA,B/LB,.,1
chr19,1912165,G,T,ADAT3,c.118G>T,p.Ala40Ser,NA,NA,0.03083,NA,NA,VUS,.,1
chr19,1912166,C,T,ADAT3,c.119C>T,p.Ala40Val,3.26294463708e-4,NA,0.08068,NA,NA,VUS,.,1
chr19,1912228,G,T,ADAT3,c.181G>T,p.Ala61Ser,4.14083870806e-4,NA,0.56694,NA,NA,Conflicting,Uncertain_significance(1)|Likely_benign(1),1
chr19,1912430,G,T,ADAT3,c.383G>T,p.Arg128Leu,0.00225619907123,NA,0.15663,NA,NA,Conflicting,Uncertain_significance(1)|Benign(1)|Likely_benign(4),1
chr19,1912429,C,T,ADAT3,c.382C>T,p.Arg128Trp,NA,NA,0.05312,NA,NA,VUS,.,1
chr19,1912487,G,A,ADAT3,c.440G>A,p.Arg147Gln,3.98272753951e-4,NA,0.29158,NA,NA,Conflicting,Uncertain_significance(3)|Likely_benign(1),1
chr19,1912502,G,A,ADAT3,c.455G>A,p.Arg152Lys,1.06643915965e-5,NA,0.45592,NA,NA,VUS,.,1
chr19,1912648,C,T,ADAT3,c.601C>T,p.Arg201Trp,1.49400902381e-5,NA,0.16972,NA,NA,VUS,.,1
chr19,1912652,G,A,ADAT3,c.605G>A,p.Arg202Gln,NA,NA,0.17295,NA,NA,B/LB,.,1
chr19,1912651,C,G,ADAT3,c.604C>G,p.Arg202Gly,NA,NA,0.09474,NA,NA,VUS,.,1
chr19,1912651,C,T,ADAT3,c.604C>T,p.Arg202Trp,6.49182030641e-5,NA,0.07369,NA,NA,VUS,.,1
chr19,1912673,G,A,ADAT3,c.626G>A,p.Arg209Gln,1.29774624735e-4,NA,0.10877,NA,NA,VUS,.,2
chr19,1912795,C,T,ADAT3,c.748C>T,p.Arg250Cys,5.50915621763e-6,NA,0.36984,NA,NA,VUS,.,2
chr19,1912808,G,A,ADAT3,c.761G>A,p.Arg254His,0.00116465863454,NA,0.29158,NA,NA,VUS,.,1
chr19,1912957,C,T,ADAT3,c.910C>T,p.Arg304Cys,3.33781156385e-5,NA,0.69863,NA,NA,VUS,.,1
chr19,1913009,G,C,ADAT3,c.962G>C,p.Arg321Pro,2.59630434621e-5,NA,0.93068,NA,NA,VUS,.,1
chr19,1913060,G,A,ADAT3,c.1013G>A,p.Arg338His,2.27364017371e-5,NA,0.49555,NA,NA,VUS,.,1
chr19,1913072,G,T,ADAT3,c.1025G>T,p.Arg342Leu,NA,NA,0.14661,NA,NA,VUS,.,1
chr19,1913104,C,T,ADAT3,c.1057C>T,p.Arg353Cys,1.1044661338e-4,NA,0.23913,NA,NA,VUS,.,1
chr19,1913105,G,A,ADAT3,c.1058G>A,p.Arg353His,2.3677381471e-5,NA,0.14325,NA,NA,VUS,.,1
chr19,1913128,C,G,ADAT3,c.1081C>G,p.Arg361Gly,1.47760959707e-4,NA,0.06331,NA,NA,VUS,.,1
chr19,1912325,G,A,ADAT3,c.278G>A,p.Arg93Gln,9.05316015644e-5,NA,0.74657,NA,NA,VUS,.,1
chr19,1912339,C,G,ADAT3,c.292C>G,p.Arg98Gly,1.13567534827e-4,NA,0.05648,NA,NA,VUS,.,1
chr19,1913084,A,G,ADAT3,c.1037A>G,p.Asn346Ser,1.32567388422e-5,NA,0.64318,NA,NA,VUS,.,1
chr19,1912748,A,C,ADAT3,c.701A>C,p.Asp234Ala,NA,NA,0.21613,NA,NA,B/LB,.,1
chr19,1912820,A,C,ADAT3,c.773A>C,p.Asp258Ala,4.8524373793e-6,NA,0.05648,NA,NA,VUS,.,1
chr19,1912901,A,C,ADAT3,c.854A>C,p.Asp285Ala,8.33064401132e-4,NA,0.41473,NA,NA,B/LB,.,2
chr19,1912944,C,G,ADAT3,c.897C>G,p.Asp299Glu,NA,NA,0.4072,NA,NA,VUS,.,1
chr19,1913035,G,A,ADAT3,c.988G>A,p.Asp330Asn,4.23554106226e-4,NA,0.42395,NA,NA,VUS,.,2
chr19,1912343,A,T,ADAT3,c.296A>T,p.Asp99Val,NA,NA,0.08419,NA,NA,VUS,.,1
chr19,1912134,C,G,ADAT3,c.87C>G,p.Cys29Trp,NA,NA,0.34888,NA,NA,VUS,.,1
chr19,1912598,A,G,ADAT3,c.551A>G,p.Gln184Arg,1.31468669373e-4,NA,0.0125,NA,NA,VUS,.,1
chr19,1912598,A,C,ADAT3,c.551A>C,p.Gln184Pro,NA,NA,0.03691,NA,NA,VUS,.,1
chr19,1912125,G,T,ADAT3,c.78G>T,p.Gln26His,NA,NA,0.25558,NA,NA,VUS,.,1
chr19,1912868,A,G,ADAT3,c.821A>G,p.Gln274Arg,NA,NA,0.06331,NA,NA,VUS,.,1
chr19,1912867,C,G,ADAT3,c.820C>G,p.Gln274Glu,NA,NA,0.16972,NA,NA,VUS,.,1
chr19,1912867,C,A,ADAT3,c.820C>A,p.Gln274Lys,1.78651183564e-5,NA,0.17616,NA,NA,VUS,.,1
chr19,1912366,G,A,ADAT3,c.319G>A,p.Glu107Lys,NA,NA,0.32463,NA,NA,P/LP,.,1
chr19,1912101,G,C,ADAT3,c.54G>C,p.Glu18Asp,NA,NA,0.08068,NA,NA,VUS,.,1
chr19,1912909,G,A,ADAT3,c.862G>A,p.Glu288Lys,NA,NA,0.04323,NA,NA,VUS,.,1
chr19,1913116,G,C,ADAT3,c.1069G>C,p.Glu357Gln,4.07987975091e-4,NA,0.17295,NA,NA,VUS,.,2
chr19,1912155,G,C,ADAT3,c.108G>C,p.Glu36Asp,5.4674142113e-5,NA,0.11227,NA,NA,VUS,.,2
chr19,1912400,G,A,ADAT3,c.353G>A,p.Gly118Asp,NA,NA,0.20116,NA,NA,VUS,.,1
chr19,1912727,G,A,ADAT3,c.680G>A,p.Gly227Asp,NA,NA,0.61157,NA,NA,VUS,.,1
chr19,1912798,G,A,ADAT3,c.751G>A,p.Gly251Ser,4.67337763695e-5,NA,0.41286,NA,NA,VUS,.,2
chr19,1913020,G,C,ADAT3,c.973G>C,p.Gly325Arg,NA,NA,0.93227,NA,NA,VUS,.,1
chr19,1913048,G,T,ADAT3,c.1001G>T,p.Gly334Val,NA,NA,0.89514,NA,NA,VUS,.,1
chr19,1912208,G,A,ADAT3,c.161G>A,p.Gly54Glu,1.72593826319e-5,NA,0.16647,NA,NA,VUS,.,1
chr19,1912763,A,C,ADAT3,c.716A>C,p.His239Pro,NA,NA,0.93068,NA,NA,VUS,.,1
chr19,1912994,A,C,ADAT3,c.947A>C,p.His316Pro,NA,NA,0.91879,NA,NA,VUS,.,2
chr19,1912574,T,G,ADAT3,c.527T>G,p.Leu176Arg,NA,NA,0.76289,NA,NA,VUS,.,1
chr19,1912114,C,T,ADAT3,c.67C>T,p.Leu23Phe,NA,NA,0.39377,NA,NA,VUS,.,1
chr19,1912786,C,G,ADAT3,c.739C>G,p.Leu247Val,3.9319657582e-5,NA,0.35528,NA,NA,VUS,.,2
chr19,1912918,C,T,ADAT3,c.871C>T,p.Leu291Phe,1.26273255325e-5,NA,0.08068,NA,NA,VUS,.,1
chr19,1912988,T,C,ADAT3,c.941T>C,p.Leu314Pro,NA,NA,0.91413,NA,NA,VUS,.,1
chr19,1913113,C,G,ADAT3,c.1066C>G,p.Leu356Val,NA,NA,0.41473,NA,NA,VUS,.,1
chr19,1912198,A,C,ADAT3,c.151A>C,p.Lys51Gln,1.30936897145e-5,NA,0.17934,NA,NA,B/LB,.,1
chr19,1912252,A,C,ADAT3,c.205A>C,p.Lys69Gln,NA,NA,0.59861,NA,NA,VUS,.,1
chr19,1912321,A,C,ADAT3,c.274A>C,p.Lys92Gln,1.17832818797e-5,NA,0.67418,NA,NA,VUS,.,1
chr19,1912612,A,T,ADAT3,c.565A>T,p.Met189Leu,NA,NA,0.52023,NA,NA,VUS,.,1
chr19,1912626,G,A,ADAT3,c.579G>A,p.Met193Ile,1.02431029773e-4,NA,0.58507,NA,NA,VUS,.,1
chr19,1912773,G,A,ADAT3,c.726G>A,p.Met242Ile,NA,NA,0.70603,NA,NA,VUS,.,1
chr19,1912771,A,G,ADAT3,c.724A>G,p.Met242Val,0.0022872555897,NA,0.81544,NA,NA,B/LB,.,2
chr19,1912972,A,C,ADAT3,c.925A>C,p.Met309Leu,1.24936490617e-5,NA,0.72176,NA,NA,VUS,.,1
chr19,1912972,A,G,ADAT3,c.925A>G,p.Met309Val,4.16454968724e-6,NA,0.79522,NA,NA,VUS,.,1
chr19,1912824,C,A,ADAT3,c.777C>A,p.Phe259Leu,1.43226804419e-5,NA,0.18251,NA,NA,VUS,.,1
chr19,1912403,C,T,ADAT3,c.356C>T,p.Pro119Leu,1.42557771537e-5,NA,0.04004,NA,NA,VUS,.,0
chr19,1912402,C,A,ADAT3,c.355C>A,p.Pro119Thr,1.82225704758e-5,NA,0.00669,NA,NA,VUS,.,1
chr19,1912474,C,G,ADAT3,c.427C>G,p.Pro143Ala,NA,NA,0.01968,NA,NA,VUS,.,1
chr19,1912475,C,T,ADAT3,c.428C>T,p.Pro143Leu,2.03583061889e-5,NA,0.27141,NA,NA,VUS,.,1
chr19,1912103,C,T,ADAT3,c.56C>T,p.Pro19Leu,5.50559735731e-5,NA,0.28911,NA,NA,VUS,.,1
chr19,1912109,C,G,ADAT3,c.62C>G,p.Pro21Arg,NA,NA,0.19193,NA,NA,VUS,.,1
chr19,1912753,C,T,ADAT3,c.706C>T,p.Pro236Ser,NA,NA,0.70684,NA,NA,VUS,.,1
chr19,1912853,C,T,ADAT3,c.806C>T,p.Pro269Leu,4.54186234524e-6,NA,0.0877,NA,NA,VUS,.,1
chr19,1912922,C,T,ADAT3,c.875C>T,p.Pro292Leu,7.41839762611e-6,NA,0.6751,NA,NA,VUS,.,2
chr19,1912921,C,T,ADAT3,c.874C>T,p.Pro292Ser,1.67952906005e-5,NA,0.69016,NA,NA,VUS,.,1
chr19,1912151,C,G,ADAT3,c.104C>G,p.Pro35Arg,2.97661570701e-5,NA,0.05988,NA,NA,VUS,.,1
chr19,1913140,C,G,ADAT3,c.1093C>G,p.Pro365Ala,NA,NA,0.05312,NA,NA,VUS,.,1
chr19,1912163,C,T,ADAT3,c.116C>T,p.Pro39Leu,3.44950499603e-5,NA,0.28413,NA,NA,VUS,.,1
chr19,1912298,C,G,ADAT3,c.251C>G,p.Pro84Arg,1.19910327929e-4,NA,0.63162,NA,NA,VUS,.,1
chr19,1912351,A,G,ADAT3,c.304A>G,p.Ser102Gly,7.80142766126e-5,NA,0.07369,NA,NA,VUS,.,1
chr19,1912409,C,T,ADAT3,c.362C>T,p.Ser121Leu,3.58602883167e-5,NA,0.25827,NA,NA,VUS,.,1
chr19,1912592,C,G,ADAT3,c.545C>G,p.Ser182Cys,4.76568705322e-5,NA,0.44019,NA,NA,VUS,.,1
chr19,1912592,C,T,ADAT3,c.545C>T,p.Ser182Phe,NA,NA,0.57352,NA,NA,VUS,.,1
chr19,1912285,T,C,ADAT3,c.238T>C,p.Ser80Pro,NA,NA,0.48105,NA,NA,VUS,.,1
chr19,1912595,C,T,ADAT3,c.548C>T,p.Thr183Met,0.0114085842241,NA,0.08068,NA,NA,Conflicting,Uncertain_significance(1)|Benign(1),1
chr19,1912723,A,C,ADAT3,c.676A>C,p.Thr226Pro,NA,NA,0.82175,NA,NA,VUS,.,1
chr19,1912955,C,T,ADAT3,c.908C>T,p.Thr303Ile,NA,NA,0.97549,NA,NA,VUS,.,1
chr19,1913051,C,G,ADAT3,c.1004C>G,p.Thr335Ser,3.77258837288e-5,NA,0.20419,NA,NA,VUS,.,1
chr19,1913147,C,A,ADAT3,c.1100C>A,p.Thr367Lys,NA,NA,0.25016,NA,NA,VUS,.,1
chr19,1913147,C,T,ADAT3,c.1100C>T,p.Thr367Met,4.43434399424e-5,NA,0.2102,NA,NA,VUS,.,1
chr19,1912262,C,T,ADAT3,c.215C>T,p.Thr72Ile,9.69311594905e-6,NA,0.57612,NA,NA,VUS,.,1
chr19,1912924,T,A,ADAT3,c.877T>A,p.Tyr293Asn,NA,NA,0.86886,NA,NA,VUS,.,1
chr19,1912471,G,A,ADAT3,c.424G>A,p.Val142Met,7.02007742143e-5,NA,0.48754,NA,NA,VUS,.,1
chr19,1912477,G,A,ADAT3,c.430G>A,p.Val144Met,2.03591351439e-5,NA,0.61955,NA,NA,P/LP,.,2
chr19,1912687,G,A,ADAT3,c.640G>A,p.Val214Met,NA,NA,0.75889,NA,NA,VUS,.,1
chr19,1912714,G,A,ADAT3,c.667G>A,p.Val223Met,2.75709953129e-5,NA,0.66106,NA,NA,VUS,.,2
chr19,1912873,G,A,ADAT3,c.826G>A,p.Val276Ile,1.77100858939e-5,NA,0.13305,NA,NA,VUS,.,1
chr19,1912888,G,A,ADAT3,c.841G>A,p.Val281Met,NA,NA,0.07022,NA,NA,VUS,.,1
chr19,1912951,G,A,ADAT3,c.904G>A,p.Val302Met,2.50570046857e-5,NA,0.59375,NA,NA,VUS,.,1
