chrom,pos,ref_base,alt_base,base__gene,base__cchange,base__achange,gnomad__af,VEP_varity_r,VEP_revel__score,VEP_alphamissense__pathogenicity,VEP_esm1b__score,clinvar,conf,stars
chrX,130149478,C,T,AIFM1,c.340G>A,p.Ala114Thr,4.38536651919e-5,0.028718913,0.35103,0.0653,0.42425,Conflicting,Uncertain_significance(1)|Likely_benign(2),1
chrX,130149477,G,A,AIFM1,c.341C>T,p.Ala114Val,1.07212475634e-4,0.027571183,0.29158,0.0689,0.43048,B/LB,.,2
chrX,130147876,G,A,AIFM1,c.350C>T,p.Ala117Val,5.50678987191e-6,0.11077039,0.4384,0.0714,0.31995,VUS,.,2
chrX,130165625,G,C,AIFM1,c.32C>G,p.Ala11Gly,NA,0.06382017,0.09474,0.0712,0.32335,VUS,.,0
chrX,130165626,C,G,AIFM1,c.31G>C,p.Ala11Pro,NA,0.19174565,0.26358,0.1061,0.44391,VUS,.,1
chrX,130147843,G,A,AIFM1,c.383C>T,p.Ala128Val,9.13450559488e-5,0.08497711,0.4843,0.0565,0.02563,B/LB,.,1
chrX,130147792,G,A,AIFM1,c.434C>T,p.Ala145Val,NA,0.91235787,0.67142,0.9806,0.94983,P/LP,.,0
chrX,130147757,C,A,AIFM1,c.469G>T,p.Ala157Ser,NA,0.89754564,0.64725,0.2203,0.69864,P/LP,.,1
chrX,130140538,G,C,AIFM1,c.776C>G,p.Ala259Gly,NA,0.96575624,0.97662,0.5479,0.89219,P/LP,.,1
chrX,130139835,G,A,AIFM1,c.818C>T,p.Ala273Val,NA,0.799866,0.78971,0.3617,0.65818,VUS,.,1
chrX,130138608,C,T,AIFM1,c.952G>A,p.Ala318Thr,2.7280068091e-5,0.9484421,0.7044,0.767,0.70461,Conflicting,Uncertain_significance(3)|Likely_benign(1),1
chrX,130133446,C,T,AIFM1,c.1315G>A,p.Ala439Thr,NA,0.89213103,0.75822,0.3382,0.81347,VUS,.,1
chrX,130133442,G,A,AIFM1,c.1319C>T,p.Ala440Val,NA,0.9178749,0.86078,0.7893,0.92118,P/LP,.,0
chrX,130133388,G,C,AIFM1,c.1373C>G,p.Ala458Gly,NA,0.9678738,0.9706,0.9367,0.88934,VUS,.,1
chrX,130133367,G,A,AIFM1,c.1394C>T,p.Ala465Val,NA,0.98195446,0.86384,0.9217,0.88621,P/LP,.,1
chrX,130133346,G,A,AIFM1,c.1415C>T,p.Ala472Val,NA,0.8937092,0.70844,0.4873,0.67749,P/LP,.,1
chrX,130131767,G,A,AIFM1,c.1481C>T,p.Ala494Val,NA,0.93783945,0.86536,0.9709,0.87703,VUS,.,1
chrX,130131689,G,A,AIFM1,c.1559C>T,p.Ala520Val,4.55103991262e-5,0.728817,0.52472,0.1618,0.29625,B/LB,.,1
chrX,130130094,G,A,AIFM1,c.1646C>T,p.Ala549Val,9.73899493572e-6,0.0596769859999999,0.16647,0.0706,0.32121,Conflicting,Likely_pathogenic(1)|Uncertain_significance(2),1
chrX,130130082,G,A,AIFM1,c.1658C>T,p.Ala553Val,NA,0.06633631,0.08068,0.0608,0.18891,P/LP,.,1
chrX,130156534,G,A,AIFM1,c.176C>T,p.Ala59Val,NA,0.10607618,0.15663,0.0723,0.50976,VUS,.,1
chrX,130156472,C,T,AIFM1,c.238G>A,p.Ala80Thr,NA,0.3978583,0.42578,0.1052,0.65589,VUS,.,2
chrX,130156465,G,A,AIFM1,c.245C>T,p.Ala82Val,NA,0.0433102,0.14661,0.0619,0.32335,VUS,.,1
chrX,130165635,C,T,AIFM1,c.22G>A,p.Ala8Thr,1.11236561233e-5,0.12890428,0.31546,0.1685,0.4135,VUS,.,1
chrX,130165634,G,A,AIFM1,c.23C>T,p.Ala8Val,1.26339993557e-5,0.12338638,0.4072,0.1842,0.32559,VUS,.,1
chrX,130165632,C,A,AIFM1,c.25G>T,p.Ala9Ser,NA,0.35100377,0.33359,0.1046,0.29023,VUS,.,1
chrX,130147774,C,T,AIFM1,c.452G>A,p.Arg151Gln,1.63633983506e-5,0.8364847,0.93621,0.9036,0.82398,VUS,.,2
chrX,130147775,G,A,AIFM1,c.451C>T,p.Arg151Trp,NA,0.9686527,0.97662,0.978,0.92275,Conflicting,Likely_pathogenic(1)|Uncertain_significance(1),1
chrX,130147768,C,T,AIFM1,c.458G>A,p.Arg153Gln,NA,0.86677545,0.83965,0.3009,0.87637,VUS,.,1
chrX,130147769,G,A,AIFM1,c.457C>T,p.Arg153Trp,5.45449586822e-6,0.90368736,0.94691,0.7568,0.92282,P/LP,.,1
chrX,130147753,C,G,AIFM1,c.473G>C,p.Arg158Thr,NA,0.8950215,0.47447,0.3216,0.93934,VUS,.,1
chrX,130147496,C,T,AIFM1,c.602G>A,p.Arg201Lys,NA,0.91193914,0.83582,0.8407,0.90537,VUS,.,2
chrX,130165580,C,G,AIFM1,c.77G>C,p.Arg26Pro,NA,0.20964046,0.38195,0.0913,0.30203,VUS,.,1
chrX,130138667,C,T,AIFM1,c.893G>A,p.Arg298Gln,4.38932321513e-5,0.45999187,0.43483,0.0715,0.54551,Conflicting,Likely_pathogenic(1)|Uncertain_significance(1)|Likely_benign(1),1
chrX,130137182,C,T,AIFM1,c.971G>A,p.Arg324Gln,3.27992521771e-5,0.10191769,0.26621,0.0655,0.46828,B/LB,.,1
chrX,130165559,C,T,AIFM1,c.98G>A,p.Arg33Gln,NA,0.14250919,0.17295,0.0928,0.23548,VUS,.,1
chrX,130137080,C,T,AIFM1,c.1073G>A,p.Arg358Gln,2.18401410873e-5,0.3861296,0.13305,0.0637,0.82951,VUS,.,1
chrX,130165649,C,T,AIFM1,c.8G>A,p.Arg3Gln,2.65549588066e-5,0.24038923,0.42395,0.2465,0.51092,Conflicting,Uncertain_significance(2)|Likely_benign(1),1
chrX,130156588,C,T,AIFM1,c.122G>A,p.Arg41Gln,NA,0.0707808,0.13647,0.0887,0.3226,VUS,.,2
chrX,130136085,C,T,AIFM1,c.1265G>A,p.Arg422Gln,NA,0.8857513,0.55201,0.5784,0.82356,P/LP,.,2
chrX,130136086,G,A,AIFM1,c.1264C>T,p.Arg422Trp,NA,0.909873,0.71084,0.8756,0.81352,P/LP,.,2
chrX,130136062,G,A,AIFM1,c.1288C>T,p.Arg430Cys,4.57938361497e-5,0.9562739,0.7293,0.8674,0.88539,VUS,.,2
chrX,130136061,C,T,AIFM1,c.1289G>A,p.Arg430His,NA,0.9692255,0.73951,0.9119,0.95052,VUS,.,1
chrX,130133412,C,T,AIFM1,c.1349G>A,p.Arg450Lys,4.80122911465e-5,0.93750656,0.71084,0.9495,0.76103,VUS,.,1
chrX,130133409,C,T,AIFM1,c.1352G>A,p.Arg451Gln,NA,0.9478813,0.91795,0.9826,0.93676,P/LP,.,1
chrX,130133373,C,A,AIFM1,c.1388G>T,p.Arg463Ile,1.9064099368e-4,0.97945297,0.85459,0.9946,0.99088,Conflicting,Likely_pathogenic(1)|Benign(1)|Likely_benign(1),1
chrX,130130154,C,T,AIFM1,c.1586G>A,p.Arg529Gln,4.56079540272e-5,0.8817665,0.63482,0.9431,0.04976,VUS,.,2
chrX,130130154,C,A,AIFM1,c.1586G>T,p.Arg529Leu,NA,0.95965344,0.72022,0.9587,0.16657,VUS,.,1
chrX,130130035,T,C,AIFM1,c.1705A>G,p.Arg569Gly,NA,0.90149266,0.80605,0.8255,0.9313,P/LP,.,0
chrX,130129989,C,T,AIFM1,c.1751G>A,p.Arg584Gln,1.09095272902e-5,0.885828,0.7891,0.4617,0.87677,VUS,.,1
chrX,130147542,T,C,AIFM1,c.556A>G,p.Asn186Asp,3.81494258511e-5,0.27682742,0.20116,0.053900000000000003,0.24579,Conflicting,Uncertain_significance(2)|Likely_benign(1),1
chrX,130140593,T,C,AIFM1,c.721A>G,p.Asn241Asp,5.49281539746e-6,0.932374,0.6867,0.2963,0.86736,VUS,.,1
chrX,130140592,T,C,AIFM1,c.722A>G,p.Asn241Ser,NA,0.4767116,0.42761,0.1119,0.60407,VUS,.,1
chrX,130140578,T,G,AIFM1,c.736A>C,p.Asn246His,NA,0.32923892,0.52174,0.0942,0.53403,VUS,.,1
chrX,130137104,T,A,AIFM1,c.1049A>T,p.Asn350Ile,1.09069690078e-5,0.96301335,0.64318,0.1353,0.97124,VUS,.,2
chrX,130136710,T,C,AIFM1,c.1097A>G,p.Asn366Ser,3.82444695765e-5,0.26067096,0.25827,0.0625,0.41474,B/LB,.,1
chrX,130156600,T,G,AIFM1,c.110A>C,p.Asn37Thr,NA,0.11679665,0.09474,0.0818,0.06198,VUS,.,1
chrX,130136142,T,A,AIFM1,c.1208A>T,p.Asn403Ile,NA,0.99103945,0.77656,0.4838,0.95265,Conflicting,Likely_pathogenic(1)|Uncertain_significance(2),1
chrX,130136142,T,C,AIFM1,c.1208A>G,p.Asn403Ser,NA,0.7538077,0.56562,0.0725,0.376,VUS,.,1
chrX,130130001,T,C,AIFM1,c.1739A>G,p.Asn580Ser,NA,0.92976224,0.94466,0.9685,0.89738,P/LP,.,1
chrX,130129594,T,C,AIFM1,c.1805A>G,p.Asn602Ser,NA,0.6785533,0.39764,0.1651,0.79735,VUS,.,1
chrX,130149531,T,C,AIFM1,c.287A>G,p.Asn96Ser,7.6352530541e-5,0.0699780659999999,0.32463,0.057,0.5566,B/LB,.,2
chrX,130147850,C,T,AIFM1,c.376G>A,p.Asp126Asn,NA,0.16528349,0.23632,0.0688,0.56679,VUS,.,1
chrX,130147766,C,T,AIFM1,c.460G>A,p.Asp154Asn,NA,0.8765509,0.69946,0.3711,0.77077,VUS,.,1
chrX,130147550,T,C,AIFM1,c.548A>G,p.Asp183Gly,NA,0.74549854,0.5534,0.1799,0.63196,VUS,.,2
chrX,130145529,C,T,AIFM1,c.646G>A,p.Asp216Asn,NA,0.36338502,0.17934,0.1111,0.68318,VUS,.,2
chrX,130145529,C,A,AIFM1,c.646G>T,p.Asp216Tyr,NA,0.8637065,0.64725,0.1922,0.92701,VUS,.,1
chrX,130140604,T,C,AIFM1,c.710A>G,p.Asp237Gly,NA,0.9532522,0.91026,0.4715,0.49369,P/LP,.,0
chrX,130140604,T,A,AIFM1,c.710A>T,p.Asp237Val,NA,0.971805,0.91026,0.3311,0.90197,P/LP,.,1
chrX,130140596,C,T,AIFM1,c.718G>A,p.Asp240Asn,NA,0.254321,0.62947,0.0661,0.23503,VUS,.,1
chrX,130136176,C,T,AIFM1,c.1174G>A,p.Asp392Asn,NA,0.96928966,0.90457,0.3764,0.13984,VUS,.,1
chrX,130131783,C,T,AIFM1,c.1465G>A,p.Asp489Asn,1.09714085094e-5,0.2974026,0.37795,0.0978,0.71647,VUS,.,2
chrX,130131783,C,G,AIFM1,c.1465G>C,p.Asp489His,NA,0.5800877,0.67234,0.2702,0.83202,VUS,.,1
chrX,130131753,C,A,AIFM1,c.1495G>T,p.Asp499Tyr,NA,0.95641640000000006,0.90982,0.9582,0.96414,VUS,.,2
chrX,130131705,C,T,AIFM1,c.1543G>A,p.Asp515Asn,1.95746430074e-4,0.74396604,0.6262,0.8191,0.69601,B/LB,.,2
chrX,130130064,T,C,AIFM1,c.1676A>G,p.Asp559Gly,5.4501853063e-6,0.8859067,0.76289,0.2282,0.84428,VUS,.,1
chrX,130130030,G,T,AIFM1,c.1710C>A,p.Asp570Glu,NA,0.61092234,0.41473,0.162,0.59119,VUS,.,1
chrX,130129618,T,G,AIFM1,c.1781A>C,p.Asp594Ala,NA,0.8081711,0.74164,0.652,0.87372,VUS,.,1
chrX,130156517,C,T,AIFM1,c.193G>A,p.Asp65Asn,NA,0.1629935,0.04979,0.09,0.41492,VUS,.,1
chrX,130156517,C,G,AIFM1,c.193G>C,p.Asp65His,NA,0.24789283,0.222,0.1818,0.61919,VUS,.,2
chrX,130149547,C,T,AIFM1,c.271G>A,p.Asp91Asn,NA,0.09335146,0.16321,0.1175,0.74544,VUS,.,1
chrX,130149490,G,T,AIFM1,c.328C>A,p.Gln110Lys,1.09046497427e-5,0.14633931,0.29158,0.0702,0.04506,B/LB,.,1
chrX,130147852,T,G,AIFM1,c.374A>C,p.Gln125Pro,NA,0.39819038,0.27909,0.0606,0.48365,VUS,.,1
chrX,130140609,C,G,AIFM1,c.705G>C,p.Gln235His,NA,0.12155968,0.24469,0.0732,0.02337,P/LP,.,0
chrX,130137159,G,C,AIFM1,c.994C>G,p.Gln332Glu,NA,0.99391717,0.86536,0.7429,0.8847,VUS,.,1
chrX,130136698,T,C,AIFM1,c.1109A>G,p.Gln370Arg,5.45946890287e-6,0.7761848,0.25827,0.1088,0.55474,VUS,.,1
chrX,130133325,T,C,AIFM1,c.1436A>G,p.Gln479Arg,NA,0.94584346,0.86736,0.9829,0.99091,P/LP,.,0
chrX,130133326,G,C,AIFM1,c.1435C>G,p.Gln479Glu,NA,0.9365631,0.69443,0.8348,0.94649,VUS,.,1
chrX,130156563,C,G,AIFM1,c.147G>C,p.Gln49His,NA,0.27796522,0.25016,0.118,0.30335,VUS,.,2
chrX,130147861,T,G,AIFM1,c.365A>C,p.Glu122Ala,NA,0.046892468,0.45933,0.0549,0.30652,VUS,.,1
chrX,130140554,C,T,AIFM1,c.760G>A,p.Glu254Lys,NA,0.82687956,0.84074,0.2894,0.72053,P/LP,.,1
chrX,130138679,T,C,AIFM1,c.881A>G,p.Glu294Gly,NA,0.87266576,0.46274,0.3961,0.76444,VUS,.,1
chrX,130137167,T,C,AIFM1,c.986A>G,p.Glu329Gly,NA,0.89049923,0.9484,0.2237,0.9208,VUS,.,2
chrX,130137147,C,T,AIFM1,c.1006G>A,p.Glu336Lys,NA,0.96916044,0.79461,0.9776,0.88376,Conflicting,Likely_pathogenic(1)|Uncertain_significance(2),1
chrX,130137117,C,T,AIFM1,c.1036G>A,p.Glu346Lys,4.90794869558e-5,0.5857746,0.66582,0.4165,0.97476,Conflicting,Uncertain_significance(2)|Likely_benign(2),1
chrX,130137092,T,G,AIFM1,c.1061A>C,p.Glu354Ala,NA,0.8192513,0.44373,0.1245,0.80089,VUS,.,1
chrX,130156569,T,G,AIFM1,c.141A>C,p.Glu47Asp,2.18003847768e-5,0.13406228,0.03383,0.0697,0.20924,Conflicting,Uncertain_significance(3)|Likely_benign(1),1
chrX,130131770,T,A,AIFM1,c.1478A>T,p.Glu493Val,NA,0.9683483,0.91837,0.9982,0.9283,Conflicting,Pathogenic(1)|Uncertain_significance(1),0
chrX,130130148,T,A,AIFM1,c.1592A>T,p.Glu531Val,NA,0.68316245,0.7359,0.4447,0.34939,VUS,.,2
chrX,130130143,C,T,AIFM1,c.1597G>A,p.Glu533Lys,2.18182214877e-5,0.89628065,0.60456,0.7767,0.25394,VUS,.,2
chrX,130130131,C,T,AIFM1,c.1609G>A,p.Glu537Lys,1.26685896936e-4,0.29699358,0.55478,0.1349,0.25496,B/LB,.,2
chrX,130130121,T,G,AIFM1,c.1619A>C,p.Glu540Ala,NA,0.2765665,0.2335,0.0787,0.09004,VUS,.,1
chrX,130130066,C,G,AIFM1,c.1674G>C,p.Glu558Asp,5.45015560194e-6,0.25765786,0.17934,0.1075,0.50433,VUS,.,1
chrX,130149544,C,T,AIFM1,c.274G>A,p.Glu92Lys,4.58393477158e-4,0.07003638,0.35528,0.0646,0.41502,B/LB,.,2
chrX,130165628,C,T,AIFM1,c.29G>A,p.Gly10Asp,2.21463095943e-5,0.1909771,0.32463,0.1426,0.51259,VUS,.,1
chrX,130147506,C,T,AIFM1,c.592G>A,p.Gly198Arg,NA,0.9373978,0.93108,0.9373,0.89915,VUS,.,1
chrX,130140572,C,T,AIFM1,c.742G>A,p.Gly248Ser,NA,0.8901942,0.90056,0.1482,0.70865,P/LP,.,1
chrX,130139869,C,T,AIFM1,c.784G>A,p.Gly262Ser,NA,0.8777089,0.49396,0.7847,0.67639,P/LP,.,0
chrX,130138637,C,T,AIFM1,c.923G>A,p.Gly308Glu,NA,0.99154997,0.97814,0.9968,0.773,Conflicting,Pathogenic(1)|Uncertain_significance(1),0
chrX,130138635,C,T,AIFM1,c.925G>A,p.Gly309Ser,NA,0.9766427,0.99434,0.7991,0.73702,VUS,.,1
chrX,130137173,C,A,AIFM1,c.980G>T,p.Gly327Val,NA,0.9416922,0.89605,0.3447,0.85512,VUS,.,1
chrX,130137140,C,T,AIFM1,c.1013G>A,p.Gly338Glu,NA,0.9875963,0.72328,0.9677,0.97371,P/LP,.,0
chrX,130136729,C,G,AIFM1,c.1078G>C,p.Gly360Arg,NA,0.9775203,0.92988,0.7958,0.68905,P/LP,.,0
chrX,130136651,C,T,AIFM1,c.1156G>A,p.Gly386Ser,2.18173884586e-5,0.9241502,0.88538,0.2204,0.68676,VUS,.,2
chrX,130136155,C,T,AIFM1,c.1195G>A,p.Gly399Ser,NA,0.9883555,0.98489,0.9764,0.40484,P/LP,.,1
chrX,130136118,C,G,AIFM1,c.1232G>C,p.Gly411Ala,5.44971007542e-6,0.8756022,0.8131,0.355,0.53954,VUS,.,1
chrX,130136118,C,T,AIFM1,c.1232G>A,p.Gly411Asp,3.26982604525e-5,0.84689635,0.83911,0.6991,0.80636,B/LB,.,1
chrX,130133419,C,T,AIFM1,c.1342G>A,p.Gly448Arg,NA,0.9570243,0.8882,0.9957,0.94287,VUS,.,1
chrX,130133418,C,T,AIFM1,c.1343G>A,p.Gly448Glu,NA,0.9755736,0.89831,0.9972,0.97244,VUS,.,1
chrX,130133349,C,T,AIFM1,c.1412G>A,p.Gly471Glu,NA,0.97285503,0.89741,0.9651,0.90102,VUS,.,1
chrX,130130166,C,T,AIFM1,c.1574G>A,p.Gly525Glu,NA,0.889189,0.69863,0.6624,0.03778,VUS,.,1
chrX,130130161,C,T,AIFM1,c.1579G>A,p.Gly527Ser,NA,0.75495714,0.7044,0.1462,0.16657,VUS,.,1
chrX,130130071,C,T,AIFM1,c.1669G>A,p.Gly557Arg,NA,0.42341533,0.35316,0.2208,0.94453,VUS,.,1
chrX,130130071,C,A,AIFM1,c.1669G>T,p.Gly557Trp,5.45048236769e-6,0.47205,0.60574,0.3905,0.99631,VUS,.,1
chrX,130130059,C,T,AIFM1,c.1681G>A,p.Gly561Ser,4.58442213359e-5,0.7332549,0.68582,0.4625,0.55114,VUS,.,1
chrX,130130052,C,G,AIFM1,c.1688G>C,p.Gly563Ala,NA,0.97648674,0.87135,0.9589,0.71603000000000006,VUS,.,2
chrX,130156537,C,A,AIFM1,c.173G>T,p.Gly58Val,5.44953188521e-6,0.65742326,0.30607,0.112,0.62452,B/LB,.,1
chrX,130129616,C,T,AIFM1,c.1783G>A,p.Gly595Ser,NA,0.8514607,0.56959,0.2984,0.70995,VUS,.,1
chrX,130156528,C,A,AIFM1,c.182G>T,p.Gly61Val,NA,0.7512381,0.72631,0.1273,0.78376,VUS,.,1
chrX,130156526,C,T,AIFM1,c.184G>A,p.Gly62Ser,NA,0.14758332,0.1533,0.0768,0.23563,VUS,.,1
chrX,130156582,T,C,AIFM1,c.128A>G,p.His43Arg,NA,0.14843166,0.3402,0.0599,0.01301,VUS,.,1
chrX,130147817,T,C,AIFM1,c.409A>G,p.Ile137Val,NA,0.47824487,0.74164,0.0996,0.46538,VUS,.,1
chrX,130145516,A,G,AIFM1,c.659T>C,p.Ile220Thr,NA,0.16453539,0.20419,0.0822,0.46389,VUS,.,1
chrX,130145517,T,C,AIFM1,c.658A>G,p.Ile220Val,NA,0.12247565,0.15663,0.0622,0.04178,VUS,.,1
chrX,130139845,T,C,AIFM1,c.808A>G,p.Ile270Val,NA,0.4916512,0.61616,0.0989,0.45537,VUS,.,2
chrX,130138700,A,G,AIFM1,c.860T>C,p.Ile287Thr,NA,0.7813803,0.74727,0.2249,0.65431,P/LP,.,0
chrX,130137124,G,C,AIFM1,c.1029C>G,p.Ile343Met,NA,0.8219787,0.65424,0.4011,0.52216,VUS,.,2
chrX,130137126,T,A,AIFM1,c.1027A>T,p.Ile343Phe,NA,0.90830815,0.64926,0.6621,0.79637,VUS,.,1
chrX,130136169,A,G,AIFM1,c.1181T>C,p.Ile394Thr,NA,0.87363833,0.85769,0.8344,0.81932,VUS,.,2
chrX,130136109,A,G,AIFM1,c.1241T>C,p.Ile414Thr,NA,0.6618591,0.50496,0.0979,0.65798,VUS,.,1
chrX,130136110,T,C,AIFM1,c.1240A>G,p.Ile414Val,NA,0.20288596,0.24743,0.0529,0.43363,VUS,.,1
chrX,130133427,A,G,AIFM1,c.1334T>C,p.Ile445Thr,9.63855421687e-5,0.8621793,0.66863,0.6914,0.7316,VUS,.,1
chrX,130131765,T,C,AIFM1,c.1483A>G,p.Ile495Val,NA,0.53580487,0.38789,0.162,0.51592,VUS,.,2
chrX,130130158,T,C,AIFM1,c.1582A>G,p.Ile528Val,NA,0.2853234,0.4034,0.2387,0.07464,VUS,.,1
chrX,130130113,T,C,AIFM1,c.1627A>G,p.Ile543Val,1.46097729641e-5,0.076333165,0.26621,0.0576,0.03015,VUS,.,2
chrX,130130047,T,C,AIFM1,c.1693A>G,p.Ile565Val,5.45012589791e-6,0.07121737,0.25558,0.088,0.59602,VUS,.,2
chrX,130129999,T,A,AIFM1,c.1741A>T,p.Ile581Phe,NA,0.8764757,0.46444,0.853,0.8765,P/LP,.,1
chrX,130129626,G,C,AIFM1,c.1773C>G,p.Ile591Met,NA,0.8241188,0.71946,0.5968,0.82194,P/LP,.,0
chrX,130156496,T,C,AIFM1,c.214A>G,p.Ile72Val,NA,0.0640346,0.14996,0.0635,0.03474,VUS,.,1
chrX,130149473,T,A,AIFM1,c.345A>T,p.Leu115Phe,NA,0.069627985,0.34239000000000003,0.063,0.50433,VUS,.,1
chrX,130147820,G,T,AIFM1,c.406C>A,p.Leu136Ile,NA,0.68248796,0.52916,0.252,0.7649,VUS,.,1
chrX,130147527,G,C,AIFM1,c.571C>G,p.Leu191Val,NA,0.7636893,0.65126,0.5653,0.84082,VUS,.,1
chrX,130145526,G,C,AIFM1,c.649C>G,p.Leu217Val,NA,0.86854416,0.55061,0.3694,0.69165,VUS,.,1
chrX,130138604,A,T,AIFM1,c.956T>A,p.Leu319His,NA,0.9943176,0.94765,0.9812,0.87359,VUS,.,1
chrX,130137123,G,A,AIFM1,c.1030C>T,p.Leu344Phe,1.85096786135e-4,0.7758747,0.59619,0.5085,0.3465,Conflicting,Uncertain_significance(2)|Benign(1),1
chrX,130165556,A,G,AIFM1,c.101T>C,p.Leu34Pro,NA,0.30606616,0.48268,0.0665,0.36436,VUS,.,1
chrX,130131742,C,A,AIFM1,c.1506G>T,p.Leu502Phe,NA,0.91661245,0.82968,0.7674,0.88731,VUS,.,1
chrX,130130037,A,C,AIFM1,c.1703T>G,p.Leu568Arg,NA,0.9820129,0.93028,0.7944,0.93102,VUS,.,1
chrX,130129579,A,T,AIFM1,c.1820T>A,p.Leu607Gln,1.94837773199e-5,0.947999,0.92419,0.979,0.96585,VUS,.,2
chrX,130165613,T,G,AIFM1,c.44A>C,p.Lys15Thr,NA,0.24069506,0.29647,0.1458,0.30428,VUS,.,1
chrX,130147568,T,C,AIFM1,c.530A>G,p.Lys177Arg,NA,0.9832565,0.77847,0.9236,0.92395,VUS,.,1
chrX,130147517,T,C,AIFM1,c.581A>G,p.Lys194Arg,NA,0.21335018,0.36984,0.0755,0.46364,B/LB,.,1
chrX,130147501,T,G,AIFM1,c.597A>C,p.Lys199Asn,4.38060656799e-5,0.7765456,0.7835,0.9366,0.79724,B/LB,.,2
chrX,130145484,T,C,AIFM1,c.691A>G,p.Lys231Glu,NA,0.833355,0.34673,0.243,0.98361,P/LP,.,1
chrX,130138658,T,A,AIFM1,c.902A>T,p.Lys301Ile,NA,0.9178583,0.88632,0.5605,0.98273,P/LP,.,1
chrX,130136723,T,G,AIFM1,c.1084A>C,p.Lys362Gln,NA,0.4452448,0.18567,0.0801,0.60892,VUS,.,0
chrX,130136656,T,C,AIFM1,c.1151A>G,p.Lys384Arg,NA,0.68477905,0.21907,0.0899,0.60941,VUS,.,2
chrX,130136644,T,G,AIFM1,c.1163A>C,p.Lys388Thr,NA,0.6260265,0.31313,0.0734,0.19955,VUS,.,1
chrX,130133424,T,C,AIFM1,c.1337A>G,p.Lys446Arg,NA,0.6543227,0.30607,0.0822,0.50194,VUS,.,1
chrX,130131695,T,C,AIFM1,c.1553A>G,p.Lys518Arg,5.48760076607e-6,0.30436307,0.27654,0.0756,0.43658,VUS,.,1
chrX,130131695,T,G,AIFM1,c.1553A>C,p.Lys518Thr,NA,0.7415718,0.55061,0.349,0.54681,VUS,.,1
chrX,130156523,T,C,AIFM1,c.187A>G,p.Lys63Glu,1.46018086774e-5,0.21221218,0.49714,0.1116,0.67723,VUS,.,1
chrX,130149560,C,A,AIFM1,c.258G>T,p.Lys86Asn,1.09214420672e-5,0.11087379,0.24469,0.3528,0.73618,B/LB,.,1
chrX,130147585,C,T,AIFM1,c.513G>A,p.Met171Ile,NA,0.98088247,0.64318,0.9969,0.78923,VUS,.,1
chrX,130147587,T,G,AIFM1,c.511A>C,p.Met171Leu,NA,0.9705941,0.63799,0.8559,0.83777,VUS,.,0
chrX,130147587,T,C,AIFM1,c.511A>G,p.Met171Val,NA,0.9598833,0.75211,0.9544,0.81858,VUS,.,1
chrX,130140590,T,C,AIFM1,c.724A>G,p.Met242Val,7.34250330413e-5,0.23255968,0.22779,0.0515,0.21644,Conflicting,Uncertain_significance(1)|Benign(1),1
chrX,130137133,C,A,AIFM1,c.1020G>T,p.Met340Ile,NA,0.94853604,0.85196,0.967,0.68292,Conflicting,Likely_pathogenic(1)|Uncertain_significance(1),1
chrX,130137134,A,G,AIFM1,c.1019T>C,p.Met340Thr,NA,0.9833961,0.92501,0.9483,0.94671,P/LP,.,2
chrX,130137095,A,G,AIFM1,c.1058T>C,p.Met353Thr,NA,0.35854766,0.27654,0.052,0.19584,VUS,.,1
chrX,130136717,T,C,AIFM1,c.1090A>G,p.Met364Val,NA,0.34919408,0.12272,0.087,0.61932,VUS,.,1
chrX,130133320,T,C,AIFM1,c.1441A>G,p.Met481Val,NA,0.943868,0.781,0.951,0.98485,VUS,.,1
chrX,130129986,A,G,AIFM1,c.1754T>C,p.Met585Thr,5.45535879895e-6,0.95217246,0.88632,0.9889,0.81969,VUS,.,0
chrX,130149556,T,G,AIFM1,c.262A>C,p.Met88Leu,NA,0.07739869,0.19503,0.0704,0.08174,VUS,.,1
chrX,130149556,T,C,AIFM1,c.262A>G,p.Met88Val,2.72861931862e-4,0.055192932,0.24469,0.0641,0.14642,B/LB,.,2
chrX,130147824,G,T,AIFM1,c.402C>A,p.Phe134Leu,NA,0.88347113,0.81427,0.9932,0.84187,VUS,.,1
chrX,130147520,A,G,AIFM1,c.578T>C,p.Phe193Ser,NA,0.9760213,0.96836,0.9987,0.88701,P/LP,.,1
chrX,130145545,G,T,AIFM1,c.630C>A,p.Phe210Leu,NA,0.9320204,0.92583,0.999,0.8669,VUS,.,1
chrX,130165652,A,T,AIFM1,c.5T>A,p.Phe2Tyr,NA,0.12623034,0.3358,0.1709,0.28623,VUS,.,1
chrX,130137152,A,T,AIFM1,c.1001T>A,p.Phe334Tyr,NA,0.79711205,0.41658,0.4362,0.65667,VUS,.,1
chrX,130136097,A,C,AIFM1,c.1253T>G,p.Phe418Cys,NA,0.82972574,0.70684,0.3592,0.87883,VUS,.,1
chrX,130130044,A,T,AIFM1,c.1696T>A,p.Phe566Ile,NA,0.94735354,0.96133,0.9882,0.90997,VUS,.,1
chrX,130149502,G,T,AIFM1,c.316C>A,p.Pro106Thr,NA,0.13205682,0.31546,0.0582,0.71207,VUS,.,1
chrX,130147856,G,T,AIFM1,c.370C>A,p.Pro124Thr,2.19413726523e-5,0.19161843,0.52174,0.058,0.35214,VUS,.,1
chrX,130147829,G,A,AIFM1,c.397C>T,p.Pro133Ser,NA,0.88842994,0.90982,0.2429,0.73642,VUS,.,1
chrX,130147829,G,T,AIFM1,c.397C>A,p.Pro133Thr,NA,0.8743325,0.91753,0.3133,0.67807,VUS,.,1
chrX,130147601,G,A,AIFM1,c.497C>T,p.Pro166Leu,NA,0.5542092,0.70029,0.1143,0.80296,VUS,.,2
chrX,130147592,G,A,AIFM1,c.506C>T,p.Pro169Leu,NA,0.98520887,0.8882,0.9795,0.90106,Conflicting,Likely_pathogenic(3)|Uncertain_significance(2),1
chrX,130165604,G,A,AIFM1,c.53C>T,p.Pro18Leu,NA,0.47498643,0.50185,0.5008,0.48165,VUS,.,1
chrX,130145555,G,A,AIFM1,c.620C>T,p.Pro207Leu,NA,0.9381567,0.93346,0.778,0.86823,VUS,.,1
chrX,130145552,G,A,AIFM1,c.623C>T,p.Pro208Leu,NA,0.8161465,0.88867,0.1432,0.86662,VUS,.,0
chrX,130139863,G,C,AIFM1,c.790C>G,p.Pro264Ala,NA,0.967528,0.60691,0.5602,0.74103,VUS,.,1
chrX,130165574,G,T,AIFM1,c.83C>A,p.Pro28Gln,NA,0.08646207,0.23065,0.0687,0.22903,VUS,.,2
chrX,130165554,G,A,AIFM1,c.103C>T,p.Pro35Ser,0.00182104688736,0.09558714,0.04323,0.0707,0.17828,B/LB,.,2
chrX,130136713,G,C,AIFM1,c.1094C>G,p.Pro365Arg,NA,0.89989704,0.58758,0.5115,0.70766,VUS,.,1
chrX,130136146,G,T,AIFM1,c.1204C>A,p.Pro402Thr,NA,0.95564556,0.94238,0.8492,0.76611,P/LP,.,1
chrX,130156576,G,C,AIFM1,c.134C>G,p.Pro45Arg,3.27018247618e-5,0.41657132,0.55752,0.1709,0.29092,B/LB,.,2
chrX,130133337,G,A,AIFM1,c.1424C>T,p.Pro475Leu,NA,0.925432,0.76487,0.9663,0.89302,P/LP,.,1
chrX,130131785,G,A,AIFM1,c.1463C>T,p.Pro488Leu,NA,0.921379,0.84559,0.6259,0.90244,P/LP,.,0
chrX,130131741,G,T,AIFM1,c.1507C>A,p.Pro503Thr,NA,0.90746605,0.73735,0.6294,0.90169,VUS,.,1
chrX,130130109,G,A,AIFM1,c.1631C>T,p.Pro544Leu,5.45152233761e-6,0.18963043,0.29403,0.0737,0.37325,VUS,.,2
chrX,130130110,G,A,AIFM1,c.1630C>T,p.Pro544Ser,1.63548344891e-5,0.12745932,0.222,0.0657,0.096,B/LB,.,1
chrX,130130107,G,A,AIFM1,c.1633C>T,p.Pro545Ser,2.72559772358e-5,0.1741779,0.24743,0.0607,0.05507,B/LB,.,1
chrX,130130097,G,A,AIFM1,c.1643C>T,p.Pro548Leu,3.89700223103e-5,0.18724853,0.41098,0.0757,0.46745,Conflicting,Uncertain_significance(1)|Likely_benign(2),1
chrX,130130098,G,A,AIFM1,c.1642C>T,p.Pro548Ser,NA,0.054135665,0.20419,0.0652,0.16982,Conflicting,Uncertain_significance(1)|Likely_benign(1),1
chrX,130130080,G,A,AIFM1,c.1660C>T,p.Pro554Ser,NA,0.13497014,0.19193,0.0918,0.64469,VUS,.,1
chrX,130149471,G,C,AIFM1,c.347C>G,p.Ser116Cys,NA,0.16848418,0.65026,0.0854,0.51855,VUS,.,1
chrX,130147610,G,C,AIFM1,c.488C>G,p.Ser163Cys,NA,0.88393885,0.8933,0.172,0.78521,VUS,.,0
chrX,130138685,C,T,AIFM1,c.875G>A,p.Ser292Asn,NA,0.45506743,0.2102,0.0849,0.61206,VUS,.,1
chrX,130138623,T,C,AIFM1,c.937A>G,p.Ser313Gly,NA,0.9709907,0.74588,0.7207,0.89959,VUS,.,1
chrX,130137108,T,C,AIFM1,c.1045A>G,p.Ser349Gly,4.36219287436e-5,0.9271981,0.68407,0.2312,0.69626,Conflicting,Uncertain_significance(1)|Likely_benign(1),1
chrX,130136695,G,T,AIFM1,c.1112C>A,p.Ser371Tyr,NA,0.95166045,0.75755,0.2094,0.88582,VUS,.,1
chrX,130131747,T,A,AIFM1,c.1501A>T,p.Ser501Cys,NA,0.7977963,0.6601,0.1496,0.75595,VUS,.,2
chrX,130130151,G,A,AIFM1,c.1589C>T,p.Ser530Leu,NA,0.9017757,0.79033,0.8492,0.39356,VUS,.,1
chrX,130130144,A,T,AIFM1,c.1596T>A,p.Ser532Arg,NA,0.94643515,0.60924,0.9342,0.42619,VUS,.,1
chrX,130130146,T,C,AIFM1,c.1594A>G,p.Ser532Gly,NA,0.8585545,0.59861,0.2486,0.36193,VUS,.,1
chrX,130130133,G,A,AIFM1,c.1607C>T,p.Ser536Phe,NA,0.41855,0.18567,0.184,0.59933,VUS,.,1
chrX,130130104,T,G,AIFM1,c.1636A>C,p.Ser546Arg,NA,0.23279051,0.26358,0.1894,0.39695,VUS,.,1
chrX,130130104,T,C,AIFM1,c.1636A>G,p.Ser546Gly,5.4510171598e-6,0.1275574,0.11227,0.0638,0.31703,VUS,.,2
chrX,130156540,G,C,AIFM1,c.170C>G,p.Ser57Cys,6.81361359997e-5,0.25257328,0.38986,0.1153,0.86667,Conflicting,Uncertain_significance(4)|Benign(1)|Likely_benign(1),1
chrX,130156541,A,G,AIFM1,c.169T>C,p.Ser57Pro,NA,0.24915925,0.27909,0.0864,0.77505,P/LP,.,1
chrX,130149505,T,C,AIFM1,c.313A>G,p.Thr105Ala,1.09048281126e-5,0.05052833,0.03083,0.0839,0.65603,B/LB,.,1
chrX,130147804,G,A,AIFM1,c.422C>T,p.Thr141Ile,NA,0.9654704,0.78475,0.9933,0.95674,P/LP,.,0
chrX,130147536,T,C,AIFM1,c.562A>G,p.Thr188Ala,NA,0.52320445,0.46274,0.0842,0.68753,VUS,.,1
chrX,130140560,T,G,AIFM1,c.754A>C,p.Thr252Pro,NA,0.8936421,0.51112,0.2481,0.78212,VUS,.,1
chrX,130140536,T,C,AIFM1,c.778A>G,p.Thr260Ala,NA,0.96901625,0.85975,0.4216,0.80958,P/LP,.,0
chrX,130139808,G,A,AIFM1,c.845C>T,p.Thr282Met,2.1847178983e-5,0.7623328,0.82686,0.2278,0.66856,VUS,.,1
chrX,130138650,T,C,AIFM1,c.910A>G,p.Thr304Ala,NA,0.4372604,0.46781,0.1129,0.30441,VUS,.,1
chrX,130138649,G,A,AIFM1,c.911C>T,p.Thr304Met,1.09027474924e-5,0.8580683,0.86786,0.3977,0.88731,Conflicting,Uncertain_significance(1)|Benign(1),1
chrX,130138650,T,A,AIFM1,c.910A>T,p.Thr304Ser,NA,0.8048702,0.74588,0.2757,0.42017,VUS,.,1
chrX,130136179,T,C,AIFM1,c.1171A>G,p.Thr391Ala,NA,0.5042829,0.46948,0.353,0.77048,VUS,.,1
chrX,130133353,T,A,AIFM1,c.1408A>T,p.Thr470Ser,NA,0.9050802,0.64725,0.5077,0.79675,P/LP,.,1
chrX,130131714,T,C,AIFM1,c.1534A>G,p.Thr512Ala,1.46851503759e-5,0.78263605,0.58883,0.2001,0.65818,VUS,.,2
chrX,130133335,A,G,AIFM1,c.1426T>C,p.Tyr476His,NA,0.9515516,0.89786,0.9988,0.98617,P/LP,.,1
chrX,130131773,T,C,AIFM1,c.1475A>G,p.Tyr492Cys,4.38598895827e-5,0.97346866,0.80426,0.8758,0.91461,B/LB,.,1
chrX,130130061,T,C,AIFM1,c.1679A>G,p.Tyr560Cys,NA,0.93293893,0.82061,0.7951,0.85493,VUS,.,1
chrX,130130062,A,G,AIFM1,c.1678T>C,p.Tyr560His,NA,0.89514613,0.80307,0.8904,0.81606,P/LP,.,0
chrX,130156462,T,C,AIFM1,c.248A>G,p.Tyr83Cys,1.63536754886e-5,0.6791163,0.86936,0.2512,0.9374,VUS,.,2
chrX,130149565,A,G,AIFM1,c.253T>C,p.Tyr85His,1.09261555775e-5,0.26646665,0.79033,0.3004,0.95353,VUS,.,1
chrX,130149534,T,C,AIFM1,c.284A>G,p.Tyr95Cys,NA,0.20515275,0.57221,0.2249,0.94173,VUS,.,1
chrX,130147859,C,T,AIFM1,c.367G>A,p.Val123Ile,NA,0.09202411,0.38986,0.0682,0.27839,VUS,.,1
chrX,130165607,A,G,AIFM1,c.50T>C,p.Val17Ala,NA,0.034142386,0.20419,0.0855,0.10181,VUS,.,1
chrX,130147539,C,T,AIFM1,c.559G>A,p.Val187Ile,2.17995531092e-5,0.25000355,0.77656,0.1004,0.60886,B/LB,.,1
chrX,130145502,C,T,AIFM1,c.673G>A,p.Val225Met,NA,0.93559915,0.95212,0.7569,0.87637,VUS,.,1
chrX,130145495,A,G,AIFM1,c.680T>C,p.Val227Ala,1.09063742304e-5,0.9652915,0.98117,0.8054,0.92327,VUS,.,1
chrX,130140617,C,T,AIFM1,c.697G>A,p.Val233Ile,NA,0.7969948,0.89192,0.2407,0.88032,P/LP,.,0
chrX,130140614,C,G,AIFM1,c.700G>C,p.Val234Leu,NA,0.5748398,0.41843,0.1268,0.5836,VUS,.,1
chrX,130140587,C,A,AIFM1,c.727G>T,p.Val243Leu,NA,0.6694467,0.78848,0.6145,0.76363,Conflicting,Pathogenic(1)|Uncertain_significance(1),0
chrX,130165583,A,G,AIFM1,c.74T>C,p.Val25Ala,NA,0.086114936,0.2072,0.0797,0.18219,VUS,.,1
chrX,130165583,A,C,AIFM1,c.74T>G,p.Val25Gly,NA,0.18034309,0.32236,0.0685,0.29448,VUS,.,1
chrX,130136726,C,T,AIFM1,c.1081G>A,p.Val361Ile,NA,0.79041916,0.60338,0.2207,0.70691,VUS,.,2
chrX,130136720,C,A,AIFM1,c.1087G>T,p.Val363Leu,NA,0.8680366,0.49555,0.4986,0.72948,VUS,.,1
chrX,130136702,C,A,AIFM1,c.1105G>T,p.Val369Leu,5.46113853816e-6,0.85374343,0.69188,0.5807,0.83587,VUS,.,1
chrX,130136693,C,T,AIFM1,c.1114G>A,p.Val372Ile,NA,0.6102992,0.23913,0.1008,0.71535,VUS,.,2
chrX,130136687,C,T,AIFM1,c.1120G>A,p.Val374Ile,NA,0.28624824,0.19193,0.0657,0.40929,VUS,.,2
chrX,130136185,C,A,AIFM1,c.1165G>T,p.Val389Leu,NA,0.66911639999999994,0.38394,0.3312,0.62223,VUS,.,1
chrX,130136166,A,C,AIFM1,c.1184T>G,p.Val395Gly,NA,0.9887369,0.94162,0.9838,0.9882,P/LP,.,1
chrX,130136167,C,G,AIFM1,c.1183G>C,p.Val395Leu,NA,0.84714556,0.66297,0.7359,0.7656,VUS,.,1
chrX,130136083,C,T,AIFM1,c.1267G>A,p.Val423Ile,NA,0.7662131,0.78288,0.6898,0.77704,VUS,.,1
chrX,130133406,A,G,AIFM1,c.1355T>C,p.Val452Ala,NA,0.92493963,0.87625,0.9735,0.83898,VUS,.,2
chrX,130133407,C,T,AIFM1,c.1354G>A,p.Val452Ile,4.79800403032e-5,0.53149503,0.35948,0.1637,0.74538,VUS,.,1
chrX,130133383,C,T,AIFM1,c.1378G>A,p.Val460Met,NA,0.9331495,0.65913,0.9518,0.81437,VUS,.,1
chrX,130131756,C,T,AIFM1,c.1492G>A,p.Val498Met,5.48071336965e-6,0.9111597,0.75004,0.896,0.92644,VUS,.,1
chrX,130130077,C,T,AIFM1,c.1663G>A,p.Val555Ile,1.63520709898e-5,0.09543458,0.2249,0.067,0.57801,Conflicting,Uncertain_significance(1)|Likely_benign(1),1
chrX,130130020,C,A,AIFM1,c.1720G>T,p.Val574Leu,NA,0.94135463,0.75755,0.948,0.86495,VUS,.,1
chrX,130130011,C,T,AIFM1,c.1729G>A,p.Val577Met,NA,0.49748513,0.47115,0.3613,0.76588,VUS,.,1
chrX,130156508,C,T,AIFM1,c.202G>A,p.Val68Met,NA,0.06189786,0.03383,0.0891,0.34997,VUS,.,1
chrX,130156478,C,T,AIFM1,c.232G>A,p.Val78Ile,NA,0.023102475,0.30843,0.0618,0.49283,VUS,.,1
