chrom,pos,ref_base,alt_base,base__gene,base__cchange,base__achange,gnomad__af,VEP_varity_r,VEP_revel__score,VEP_alphamissense__pathogenicity,VEP_esm1b__score,clinvar,conf,stars
chrX,23868687,G,C,APOO,c.294C>G,p.Asp98Glu,NA,0.09293632,0.25827,0.2304,0.45033,VUS,.,1
chrX,23856375,C,G,APOO,c.488G>C,p.Gly163Ala,NA,0.47090936,0.5913,0.2395,0.42499,VUS,.,1
chrX,23868631,A,G,APOO,c.350T>C,p.Ile117Thr,NA,0.6350832,0.75211,0.4149,0.65543,P/LP,.,1
chrX,23858716,G,T,APOO,c.406C>A,p.Leu136Ile,NA,0.18149002,0.24469,0.0943,0.46786,VUS,.,1
chrX,23856367,A,C,APOO,c.496T>G,p.Leu166Val,0.00725619575036,0.1321483,0.2102,0.1199,0.28872,B/LB,.,2
chrX,23880886,T,C,APOO,c.76A>G,p.Lys26Glu,NA,0.15502825,0.20116,0.0942,0.12517,VUS,.,1
chrX,23880906,A,G,APOO,c.56T>C,p.Phe19Ser,1.62361091067e-4,0.36168855,0.40909,0.6624,0.08634,VUS,.,1
chrX,23880889,G,C,APOO,c.73C>G,p.Pro25Ala,NA,0.039777778,0.05988,0.0712,0.02331,VUS,.,1
chrX,23858679,G,T,APOO,c.443C>A,p.Ser148Tyr,2.74059701165e-5,0.9060386,0.82968,0.8588,0.79648,VUS,.,1
chrX,23880919,T,A,APOO,c.43A>T,p.Ser15Cys,4.6648043195e-4,0.18098536,0.55201,0.1181,0.50823,B/LB,.,0
chrX,23878928,G,T,APOO,c.224C>A,p.Thr75Lys,NA,0.51357657,0.51569,0.3894,0.87494,VUS,.,1
chrX,23878929,T,A,APOO,c.223A>T,p.Thr75Ser,5.86109211683e-5,0.38373107,0.48915,0.1683,0.56834,VUS,.,1
chrX,23868676,T,C,APOO,c.305A>G,p.Tyr102Cys,1.10436223081e-5,0.60517657,0.50959,0.2172,0.722,VUS,.,1
chrX,23856343,A,G,APOO,c.520T>C,p.Tyr174His,NA,0.33679527,0.56694,0.73,0.55013,VUS,.,1
chrX,23880859,C,T,APOO,c.103G>A,p.Val35Met,1.03341183637e-4,0.039082885,0.07022,0.0766,0.50294,Conflicting,Uncertain_significance(1)|Likely_benign(1),1
chrX,23879019,C,A,APOO,c.133G>T,p.Val45Phe,2.04656420852e-4,0.39758465,0.18251,0.1622,0.50456,VUS,.,1
chrX,23880937,C,G,APOO,c.25G>C,p.Val9Leu,1.24190433611e-5,0.09149951,0.05312,0.1306,0.20223,VUS,.,1
