chrom,pos,ref_base,alt_base,base__gene,base__cchange,base__achange,gnomad__af,VEP_varity_r,VEP_revel__score,VEP_alphamissense__pathogenicity,VEP_esm1b__score,clinvar,conf,stars
chr19,7467215,C,T,ARHGEF18,c.3011C>T,p.Ala1004Val,NA,NA,0.09474,NA,0.674,VUS,.,2
chr19,7467223,G,A,ARHGEF18,c.3019G>A,p.Ala1007Thr,NA,NA,0.09825,NA,0.19614,B/LB,.,1
chr19,7467260,C,T,ARHGEF18,c.3056C>T,p.Ala1019Val,NA,NA,0.33359,NA,0.53661,VUS,.,1
chr19,7467364,G,A,ARHGEF18,c.3160G>A,p.Ala1054Thr,NA,NA,0.4384,NA,0.54652,VUS,.,1
chr19,7467365,C,T,ARHGEF18,c.3161C>T,p.Ala1054Val,NA,NA,0.31546,NA,0.51463,VUS,.,1
chr19,7467461,C,T,ARHGEF18,c.3257C>T,p.Ala1086Val,6.89845474614e-5,NA,0.23065,NA,0.51236,VUS,.,2
chr19,7467650,C,T,ARHGEF18,c.3446C>T,p.Ala1149Val,1.80838366668e-5,NA,0.07022,NA,0.0049,VUS,.,1
chr19,7467659,C,T,ARHGEF18,c.3455C>T,p.Ala1152Val,1.08358014881e-4,NA,0.03083,NA,0.35328,VUS,.,2
chr19,7467679,G,A,ARHGEF18,c.3475G>A,p.Ala1159Thr,4.79854124346e-5,NA,0.05988,NA,0.23128,Conflicting,Uncertain_significance(1)|Likely_benign(1),1
chr19,7468918,G,A,ARHGEF18,c.3574G>A,p.Ala1192Thr,5.59879066122e-5,NA,1.6e-4,NA,0.18292,Conflicting,Uncertain_significance(1)|Likely_benign(1),1
chr19,7468919,C,T,ARHGEF18,c.3575C>T,p.Ala1192Val,1.09868377684e-5,NA,0.02232,NA,0.20015,VUS,.,1
chr19,7468937,C,T,ARHGEF18,c.3593C>T,p.Ala1198Val,0.00554099588169,NA,0.04323,NA,0.17698,B/LB,.,2
chr19,7468951,G,A,ARHGEF18,c.3607G>A,p.Ala1203Thr,1.80230514828e-5,NA,0.15993,NA,0.32172,VUS,.,1
chr19,7468972,G,C,ARHGEF18,c.3628G>C,p.Ala1210Pro,4.25452255748e-6,NA,0.2335,NA,0.07768,VUS,.,1
chr19,7469005,G,A,ARHGEF18,c.3661G>A,p.Ala1221Thr,0.00313193847949,NA,0.09474,NA,0.20476,B/LB,.,1
chr19,7469063,C,T,ARHGEF18,c.3719C>T,p.Ala1240Val,1.90381906104e-5,NA,0.56428,NA,0.24905,VUS,.,1
chr19,7469904,C,A,ARHGEF18,c.3788C>A,p.Ala1263Glu,NA,NA,0.43483,NA,0.3649,VUS,.,1
chr19,7469904,C,T,ARHGEF18,c.3788C>T,p.Ala1263Val,7.10383678225e-5,NA,0.18567,NA,0.37558,VUS,.,1
chr19,7470018,C,T,ARHGEF18,c.3902C>T,p.Ala1301Val,1.77643873773e-4,NA,0.0877,NA,0.30309,VUS,.,1
chr19,7470140,G,A,ARHGEF18,c.3928G>A,p.Ala1310Thr,0.00585048129575,NA,0.02506,NA,0.27839,B/LB,.,2
chr19,7470159,C,G,ARHGEF18,c.3947C>G,p.Ala1316Gly,NA,NA,0.23913,NA,0.22632,VUS,.,1
chr19,7470204,C,G,ARHGEF18,c.3992C>G,p.Ala1331Gly,2.19112448509e-5,NA,0.05312,NA,0.15697,VUS,.,2
chr19,7470204,C,T,ARHGEF18,c.3992C>T,p.Ala1331Val,NA,NA,0.11576,NA,0.27441,VUS,.,1
chr19,7470243,C,T,ARHGEF18,c.4031C>T,p.Ala1344Val,8.51273931438e-6,NA,0.10527,NA,0.30613,VUS,.,1
chr19,7470257,G,A,ARHGEF18,c.4045G>A,p.Ala1349Thr,5.12266453067e-5,NA,0.09825,NA,0.23729,VUS,.,1
chr19,7470269,G,A,ARHGEF18,c.4057G>A,p.Ala1353Thr,1.51068051121e-5,NA,0.03383,NA,0.16897,VUS,.,1
chr19,7440461,C,A,ARHGEF18,c.1085C>A,p.Ala362Asp,NA,NA,0.05312,NA,0.31382,VUS,.,1
chr19,7441688,C,T,ARHGEF18,c.1142C>T,p.Ala381Val,2.50984495521e-4,NA,0.00165,NA,0.27952,Conflicting,Uncertain_significance(2)|Likely_benign(1),1
chr19,7441711,G,A,ARHGEF18,c.1165G>A,p.Ala389Thr,2.47444254344e-5,NA,0.16321,NA,0.60483,VUS,.,1
chr19,7441923,G,A,ARHGEF18,c.1231G>A,p.Ala411Thr,4.77687990128e-5,NA,0.38789,NA,0.64508,VUS,.,2
chr19,7441987,C,T,ARHGEF18,c.1295C>T,p.Ala432Val,2.43988684583e-4,NA,0.35738,NA,0.53092,B/LB,.,2
chr19,7442004,G,A,ARHGEF18,c.1312G>A,p.Ala438Thr,7.95431044083e-6,NA,0.28911,NA,0.62303,VUS,.,1
chr19,7444326,G,A,ARHGEF18,c.1483G>A,p.Ala495Thr,1.598529353e-5,NA,0.37593,NA,0.73045,VUS,.,2
chr19,7444362,G,A,ARHGEF18,c.1519G>A,p.Ala507Thr,8.01057395762e-6,NA,0.18567,NA,0.4523,VUS,.,1
chr19,7453538,G,A,ARHGEF18,c.1927G>A,p.Ala643Thr,3.58109183511e-5,NA,0.02232,NA,0.56458,VUS,.,2
chr19,7453584,C,A,ARHGEF18,c.1973C>A,p.Ala658Glu,NA,NA,0.31313,NA,0.82699,VUS,.,0
chr19,7453583,G,A,ARHGEF18,c.1972G>A,p.Ala658Thr,4.3786322745e-5,NA,0.16647,NA,0.61899,VUS,.,1
chr19,7453584,C,T,ARHGEF18,c.1973C>T,p.Ala658Val,7.95950205355e-6,NA,0.10176,NA,0.63035,VUS,.,1
chr19,7456396,C,A,ARHGEF18,c.2174C>A,p.Ala725Asp,NA,NA,0.85406,NA,0.97773,VUS,.,1
chr19,7458656,G,A,ARHGEF18,c.2326G>A,p.Ala776Thr,2.83101661807e-5,NA,0.32236,NA,0.25789,Conflicting,Uncertain_significance(1)|Likely_benign(1),1
chr19,7458666,C,T,ARHGEF18,c.2336C>T,p.Ala779Val,1.19519055321e-5,NA,0.5913,NA,0.59809,VUS,.,2
chr19,7459970,G,A,ARHGEF18,c.2428G>A,p.Ala810Thr,2.47983890966e-5,NA,0.15993,NA,0.48666,VUS,.,2
chr19,7462181,G,A,ARHGEF18,c.2482G>A,p.Ala828Thr,2.83001514058e-5,NA,0.00846,NA,0.60085,VUS,.,1
chr19,7463859,G,A,ARHGEF18,c.2677G>A,p.Ala893Thr,1.90059146406e-5,NA,0.24469,NA,0.22572,Conflicting,Uncertain_significance(1)|Likely_benign(1),1
chr19,7463872,C,T,ARHGEF18,c.2690C>T,p.Ala897Val,1.74074503888e-4,NA,0.00165,NA,0.34168,Conflicting,Uncertain_significance(2)|Likely_benign(1),1
chr19,7463910,G,T,ARHGEF18,c.2728G>T,p.Ala910Ser,NA,NA,0.18251,NA,0.67672,VUS,.,1
chr19,7463910,G,A,ARHGEF18,c.2728G>A,p.Ala910Thr,NA,NA,0.21907,NA,0.60229,VUS,.,1
chr19,7463923,C,A,ARHGEF18,c.2741C>A,p.Ala914Glu,NA,NA,0.05988,NA,0.72821,VUS,.,1
chr19,7463923,C,T,ARHGEF18,c.2741C>T,p.Ala914Val,2.81096275474e-5,NA,0.04979,NA,0.65424,VUS,.,2
chr19,7467254,G,A,ARHGEF18,c.3050G>A,p.Arg1017Gln,NA,NA,0.26358,NA,0.72322,VUS,.,1
chr19,7467287,G,A,ARHGEF18,c.3083G>A,p.Arg1028Gln,NA,NA,0.26358,NA,0.64528,VUS,.,1
chr19,7467328,C,G,ARHGEF18,c.3124C>G,p.Arg1042Gly,NA,NA,0.11227,NA,0.78968,VUS,.,1
chr19,7467352,C,T,ARHGEF18,c.3148C>T,p.Arg1050Trp,7.46837144692e-6,NA,0.51569,NA,0.81485,VUS,.,1
chr19,7467409,C,T,ARHGEF18,c.3205C>T,p.Arg1069Cys,NA,NA,0.60691,NA,0.68517,VUS,.,1
chr19,7467410,G,A,ARHGEF18,c.3206G>A,p.Arg1069His,NA,NA,0.50959,NA,0.62452,VUS,.,2
chr19,7467418,C,T,ARHGEF18,c.3214C>T,p.Arg1072Cys,NA,NA,0.54781,NA,0.78482,VUS,.,1
chr19,7467418,C,G,ARHGEF18,c.3214C>G,p.Arg1072Gly,7.77097385844e-6,NA,0.47281,NA,0.73677,VUS,.,1
chr19,7467419,G,T,ARHGEF18,c.3215G>T,p.Arg1072Leu,NA,NA,0.55752,NA,0.67884,VUS,.,1
chr19,7467452,G,A,ARHGEF18,c.3248G>A,p.Arg1083His,NA,NA,0.15663,NA,0.49884,VUS,.,1
chr19,7467463,C,T,ARHGEF18,c.3259C>T,p.Arg1087Trp,4.18523866323e-5,NA,0.3013,NA,0.67794,VUS,.,1
chr19,7375767,G,A,ARHGEF18,c.323G>A,p.Arg108Gln,3.18735258494e-5,NA,NA,0.1203,NA,VUS,.,1
chr19,7467491,G,T,ARHGEF18,c.3287G>T,p.Arg1096Leu,NA,NA,0.04649,NA,0.46045,VUS,.,1
chr19,7467490,C,T,ARHGEF18,c.3286C>T,p.Arg1096Trp,3.24338349766e-5,NA,0.19503,NA,0.60769,VUS,.,1
chr19,7467499,C,T,ARHGEF18,c.3295C>T,p.Arg1099Cys,3.24569944823e-5,NA,0.1533,NA,0.70348,VUS,.,1
chr19,7467521,G,A,ARHGEF18,c.3317G>A,p.Arg1106Gln,2.1916367143e-5,NA,0.29158,NA,0.5561,VUS,.,1
chr19,7467520,C,T,ARHGEF18,c.3316C>T,p.Arg1106Trp,NA,NA,0.47612,NA,0.76114,VUS,.,1
chr19,7467536,G,A,ARHGEF18,c.3332G>A,p.Arg1111His,NA,NA,0.27398,NA,0.6227,VUS,.,1
chr19,7467541,C,T,ARHGEF18,c.3337C>T,p.Arg1113Cys,NA,NA,0.57482,NA,0.69248,VUS,.,1
chr19,7467568,C,T,ARHGEF18,c.3364C>T,p.Arg1122Trp,NA,NA,0.57612,NA,0.73063,VUS,.,1
chr19,7467605,G,A,ARHGEF18,c.3401G>A,p.Arg1134Gln,1.87483595185e-5,NA,0.10877,NA,0.6268,VUS,.,1
chr19,7467604,C,T,ARHGEF18,c.3400C>T,p.Arg1134Trp,NA,NA,0.41658,NA,0.86777,VUS,.,1
chr19,7467610,C,T,ARHGEF18,c.3406C>T,p.Arg1136Cys,2.78991909235e-5,NA,0.44899,NA,0.70585,VUS,.,1
chr19,7467611,G,T,ARHGEF18,c.3407G>T,p.Arg1136Leu,NA,NA,0.4542,NA,0.80727,VUS,.,1
chr19,7468879,C,T,ARHGEF18,c.3535C>T,p.Arg1179Cys,NA,NA,0.03691,NA,0.39824,VUS,.,1
chr19,7468880,G,A,ARHGEF18,c.3536G>A,p.Arg1179His,7.78388278388e-5,NA,0.3739,NA,0.38697,VUS,.,1
chr19,7468924,C,T,ARHGEF18,c.3580C>T,p.Arg1194Cys,2.3557348008e-5,NA,0.32689,NA,0.4517,VUS,.,2
chr19,7468925,G,A,ARHGEF18,c.3581G>A,p.Arg1194His,2.2126393492e-4,NA,0.23913,NA,0.35914,VUS,.,2
chr19,7468940,G,A,ARHGEF18,c.3596G>A,p.Arg1199His,2.18502818686e-5,NA,0.31778,NA,0.41303,VUS,.,1
chr19,7468943,G,A,ARHGEF18,c.3599G>A,p.Arg1200Gln,1.46972369195e-4,NA,0.32913,NA,0.08055,VUS,.,2
chr19,7468942,C,T,ARHGEF18,c.3598C>T,p.Arg1200Trp,5.40569760528e-6,NA,0.03691,NA,0.45707,VUS,.,2
chr19,7468967,G,A,ARHGEF18,c.3623G>A,p.Arg1208Gln,1.71631096122e-5,NA,0.08068,NA,0.20357,VUS,.,1
chr19,7469116,C,T,ARHGEF18,c.3772C>T,p.Arg1258Cys,NA,NA,0.5787,NA,0.49133,VUS,.,1
chr19,7469117,G,A,ARHGEF18,c.3773G>A,p.Arg1258His,8.00845693052e-6,NA,0.55888,NA,0.29813,VUS,.,1
chr19,7469116,C,A,ARHGEF18,c.3772C>A,p.Arg1258Ser,3.27165654877e-4,NA,0.49396,NA,0.09809,B/LB,.,1
chr19,7469970,G,A,ARHGEF18,c.3854G>A,p.Arg1285Gln,4.38652459644e-5,NA,0.30369,NA,0.18876,VUS,.,2
chr19,7469969,C,T,ARHGEF18,c.3853C>T,p.Arg1285Trp,1.06367891079e-5,NA,0.32236,NA,0.43309,VUS,.,1
chr19,7469975,C,T,ARHGEF18,c.3859C>T,p.Arg1287Cys,7.9705408809e-6,NA,0.34673,NA,0.48944,VUS,.,1
chr19,7469978,C,T,ARHGEF18,c.3862C>T,p.Arg1288Cys,2.7895559027e-5,NA,0.31546,NA,0.4944,VUS,.,1
chr19,7469979,G,A,ARHGEF18,c.3863G>A,p.Arg1288His,3.98561988346e-6,NA,0.29158,NA,0.30375,VUS,.,1
chr19,7372830,C,T,ARHGEF18,c.34C>T,p.Arg12Trp,5.79526895316e-4,NA,NA,0.087,NA,VUS,.,1
chr19,7440404,G,A,ARHGEF18,c.1028G>A,p.Arg343Lys,1.62851861804e-5,NA,0.25287,NA,NA,VUS,.,1
chr19,7444234,G,A,ARHGEF18,c.1391G>A,p.Arg464Gln,6.70872705473e-4,NA,0.65126,NA,0.90346,VUS,.,2
chr19,7444233,C,T,ARHGEF18,c.1390C>T,p.Arg464Trp,8.03942534188e-6,NA,0.91456,NA,0.89782,VUS,.,2
chr19,7444311,C,T,ARHGEF18,c.1468C>T,p.Arg490Cys,1.19825534022e-5,NA,0.45073,NA,0.63109,VUS,.,2
chr19,7444312,G,T,ARHGEF18,c.1469G>T,p.Arg490Leu,1.06478885237e-5,NA,0.54781,NA,0.65661,VUS,.,2
chr19,7444366,G,A,ARHGEF18,c.1523G>A,p.Arg508Gln,2.84715746916e-5,NA,0.47281,NA,0.72541,VUS,.,1
chr19,7444366,G,C,ARHGEF18,c.1523G>C,p.Arg508Pro,NA,NA,0.76619,NA,0.99487,VUS,.,1
chr19,7444365,C,T,ARHGEF18,c.1522C>T,p.Arg508Trp,1.4229710212e-5,NA,0.69696,NA,0.82419,VUS,.,1
chr19,7444377,C,T,ARHGEF18,c.1534C>T,p.Arg512Cys,8.01808880835e-6,NA,0.90633,NA,0.73504,VUS,.,1
chr19,7444380,C,T,ARHGEF18,c.1537C>T,p.Arg513Cys,2.84770474997e-5,NA,0.86736,NA,0.86038,VUS,.,2
chr19,7444381,G,A,ARHGEF18,c.1538G>A,p.Arg513His,1.20224097718e-5,NA,0.82232,NA,0.85093,VUS,.,1
chr19,7444410,C,T,ARHGEF18,c.1567C>T,p.Arg523Trp,5.3403968983e-5,NA,0.74447,NA,0.85311,VUS,.,1
chr19,7451174,G,A,ARHGEF18,c.1763G>A,p.Arg588Gln,2.84920578389e-5,NA,0.82516,NA,0.85589,VUS,.,2
chr19,7451173,C,T,ARHGEF18,c.1762C>T,p.Arg588Trp,3.58023709126e-5,NA,0.86485,NA,0.87848,VUS,.,1
chr19,7451177,G,C,ARHGEF18,c.1766G>C,p.Arg589Pro,NA,NA,0.90235,NA,0.98762,VUS,.,1
chr19,7451176,C,T,ARHGEF18,c.1765C>T,p.Arg589Trp,1.59135575554e-5,NA,0.82003,NA,0.89548,VUS,.,2
chr19,7451215,C,T,ARHGEF18,c.1804C>T,p.Arg602Cys,7.95969211911e-6,NA,0.94803,NA,0.91004,VUS,.,1
chr19,7451245,C,T,ARHGEF18,c.1834C>T,p.Arg612Cys,4.78358274402e-5,NA,0.8896,NA,0.92657,VUS,.,2
chr19,7451246,G,A,ARHGEF18,c.1835G>A,p.Arg612His,4.25474581439e-5,NA,0.8882,NA,0.93873,VUS,.,2
chr19,7453568,C,T,ARHGEF18,c.1957C>T,p.Arg653Cys,1.06115057019e-5,NA,0.90011,NA,0.86352,VUS,.,1
chr19,7453569,G,A,ARHGEF18,c.1958G>A,p.Arg653His,1.59164703635e-5,NA,0.89877,NA,0.82719,VUS,.,1
chr19,7453574,A,G,ARHGEF18,c.1963A>G,p.Arg655Gly,NA,NA,0.54074,NA,0.79844,VUS,.,1
chr19,7453575,G,A,ARHGEF18,c.1964G>A,p.Arg655Lys,NA,NA,0.12272,NA,0.07228,VUS,.,1
chr19,7453637,C,T,ARHGEF18,c.2026C>T,p.Arg676Cys,1.41939604698e-5,NA,0.50028,NA,0.77789,VUS,.,1
chr19,7453638,G,A,ARHGEF18,c.2027G>A,p.Arg676His,1.41945649011e-4,NA,0.5534,NA,0.77505,VUS,.,1
chr19,7453659,G,A,ARHGEF18,c.2048G>A,p.Arg683Gln,8.04621747317e-5,NA,0.83526,NA,0.72444,VUS,.,1
chr19,7453658,C,T,ARHGEF18,c.2047C>T,p.Arg683Trp,8.04854884664e-6,NA,0.88726,NA,0.86262,VUS,.,1
chr19,7453707,G,A,ARHGEF18,c.2096G>A,p.Arg699His,9.52961805291e-6,NA,0.81601,NA,0.92139,VUS,.,1
chr19,7459967,C,G,ARHGEF18,c.2425C>G,p.Arg809Gly,5.94944670146e-5,NA,0.56694,NA,0.76207,VUS,.,2
chr19,7459968,G,A,ARHGEF18,c.2426G>A,p.Arg809His,4.25293026896e-5,NA,0.5913,NA,0.66387,VUS,.,1
chr19,7459982,C,T,ARHGEF18,c.2440C>T,p.Arg814Trp,3.14671797315e-5,NA,0.12618,NA,0.70828,VUS,.,2
chr19,7462155,G,A,ARHGEF18,c.2456G>A,p.Arg819Gln,6.72399759352e-5,NA,0.12962,NA,0.7016,VUS,.,1
chr19,7462154,C,T,ARHGEF18,c.2455C>T,p.Arg819Trp,3.98120869496e-6,NA,0.71004,NA,0.88406,VUS,.,1
chr19,7462260,G,A,ARHGEF18,c.2561G>A,p.Arg854Gln,3.1896796144e-5,NA,0.22779,NA,0.54339,VUS,.,1
chr19,7462260,G,C,ARHGEF18,c.2561G>C,p.Arg854Pro,0.00192444003402,NA,0.04323,NA,0.5638,B/LB,.,1
chr19,7462271,C,T,ARHGEF18,c.2572C>T,p.Arg858Cys,3.19963595253e-5,NA,0.36157,NA,0.64739,VUS,.,2
chr19,7462272,G,A,ARHGEF18,c.2573G>A,p.Arg858His,2.38193427283e-4,NA,0.53354,NA,0.55071,B/LB,.,1
chr19,7463844,A,G,ARHGEF18,c.2662A>G,p.Arg888Gly,NA,NA,0.23065,NA,0.48373,VUS,.,1
chr19,7464605,G,A,ARHGEF18,c.2819G>A,p.Arg940Gln,0.00172152400924,NA,0.16972,NA,0.16028,B/LB,.,1
chr19,7464614,G,A,ARHGEF18,c.2828G>A,p.Arg943Gln,6.3761277776e-5,NA,0.03691,NA,0.09345,VUS,.,1
chr19,7466948,C,T,ARHGEF18,c.2935C>T,p.Arg979Cys,9.56259114345e-5,NA,0.00512,NA,0.35419,VUS,.,1
chr19,7466949,G,C,ARHGEF18,c.2936G>C,p.Arg979Pro,3.98482578342e-6,NA,0.04649,NA,0.05534,VUS,.,1
chr19,7467080,C,G,ARHGEF18,c.2971C>G,p.Arg991Gly,NA,NA,0.47281,NA,0.56238,VUS,.,1
chr19,7468964,A,T,ARHGEF18,c.3620A>T,p.Asn1207Ile,NA,NA,0.04323,NA,0.09153,VUS,.,1
chr19,7468964,A,G,ARHGEF18,c.3620A>G,p.Asn1207Ser,0.759509186511,NA,0.08068,NA,0.02084,B/LB,.,2
chr19,7469937,A,G,ARHGEF18,c.3821A>G,p.Asn1274Ser,1.0631511801e-5,NA,0.20116,NA,0.05487,VUS,.,1
chr19,7447104,A,T,ARHGEF18,c.1673A>T,p.Asn558Ile,7.07633955108e-6,NA,0.5065,NA,0.85455,VUS,.,1
chr19,7447104,A,G,ARHGEF18,c.1673A>G,p.Asn558Ser,1.76908488777e-5,NA,0.28162,NA,0.64383,VUS,.,2
chr19,7447143,A,G,ARHGEF18,c.1712A>G,p.Asn571Ser,NA,NA,0.36778,NA,0.52834,VUS,.,1
chr19,7464625,A,C,ARHGEF18,c.2839A>C,p.Asn947His,1.77101486236e-5,NA,0.11227,NA,0.07153,VUS,.,1
chr19,7467670,G,A,ARHGEF18,c.3466G>A,p.Asp1156Asn,2.26026158761e-5,NA,0.37995,NA,0.26112,VUS,.,1
chr19,7468981,G,A,ARHGEF18,c.3637G>A,p.Asp1213Asn,1.92984995417e-5,NA,0.30369,NA,0.35111,VUS,.,1
chr19,7469086,G,C,ARHGEF18,c.3742G>C,p.Asp1248His,8.57096329056e-6,NA,0.41098,NA,0.3146,VUS,.,1
chr19,7470266,G,A,ARHGEF18,c.4054G>A,p.Asp1352Asn,3.47411782222e-5,NA,0.44373,NA,0.31995,VUS,.,2
chr19,7440382,G,T,ARHGEF18,c.1006G>T,p.Asp336Tyr,4.03017797266e-6,NA,0.38394,NA,NA,VUS,.,1
chr19,7444437,G,A,ARHGEF18,c.1594G>A,p.Asp532Asn,6.02583879676e-5,NA,0.91583,NA,0.80979,VUS,.,1
chr19,7453487,G,A,ARHGEF18,c.1876G>A,p.Asp626Asn,NA,NA,0.65424,NA,0.72347,VUS,.,1
chr19,7453489,C,A,ARHGEF18,c.1878C>A,p.Asp626Glu,1.03119177322e-4,NA,0.57999,NA,0.52626,VUS,.,1
chr19,7456350,G,A,ARHGEF18,c.2128G>A,p.Asp710Asn,7.95253924578e-6,NA,0.86836,NA,0.7828,VUS,.,1
chr19,7458512,G,C,ARHGEF18,c.2182G>C,p.Asp728His,NA,NA,0.92378,NA,0.87426,VUS,.,1
chr19,7459986,A,G,ARHGEF18,c.2444A>G,p.Asp815Gly,1.06690565353e-5,NA,0.15663,NA,0.62175,VUS,.,1
chr19,7462246,C,A,ARHGEF18,c.2547C>A,p.Asp849Glu,7.96812749004e-6,NA,0.05988,NA,0.00782,VUS,.,1
chr19,7462280,G,A,ARHGEF18,c.2581G>A,p.Asp861Asn,1.20296410355e-5,NA,0.11924,NA,0.4467,VUS,.,1
chr19,7463879,C,G,ARHGEF18,c.2697C>G,p.Asp899Glu,NA,NA,0.03083,NA,0.06375,VUS,.,0
chr19,7463931,G,A,ARHGEF18,c.2749G>A,p.Asp917Asn,2.86885245902e-4,NA,0.338,NA,0.58101,B/LB,.,1
chr19,7444323,T,C,ARHGEF18,c.1480T>C,p.Cys494Arg,4.61405227366e-5,NA,0.41098,NA,0.6441,VUS,.,2
chr19,7467322,C,A,ARHGEF18,c.3118C>A,p.Gln1040Lys,8.44943926449e-4,NA,0.50185,NA,0.85948,B/LB,.,2
chr19,7467351,G,C,ARHGEF18,c.3147G>C,p.Gln1049His,NA,NA,0.17616,NA,0.71869,VUS,.,1
chr19,7467383,A,G,ARHGEF18,c.3179A>G,p.Gln1060Arg,NA,NA,0.63269,NA,0.63445,VUS,.,1
chr19,7467389,A,G,ARHGEF18,c.3185A>G,p.Gln1062Arg,1.85004748455e-5,NA,0.24469,NA,0.52365,VUS,.,1
chr19,7467408,G,C,ARHGEF18,c.3204G>C,p.Gln1068His,1.54722119074e-5,NA,0.26358,NA,0.62727,VUS,.,1
chr19,7467428,A,G,ARHGEF18,c.3224A>G,p.Gln1075Arg,NA,NA,0.25558,NA,0.32707,VUS,.,1
chr19,7467429,G,C,ARHGEF18,c.3225G>C,p.Gln1075His,7.79654145421e-6,NA,0.02506,NA,0.51818,VUS,.,1
chr19,7467439,C,G,ARHGEF18,c.3235C>G,p.Gln1079Glu,NA,NA,0.02506,NA,0.52328,VUS,.,1
chr19,7467539,A,G,ARHGEF18,c.3335A>G,p.Gln1112Arg,NA,NA,0.42395,NA,0.68523,VUS,.,1
chr19,7442014,A,C,ARHGEF18,c.1322A>C,p.Gln441Pro,3.97721849248e-6,NA,0.77335,NA,0.93843,VUS,.,1
chr19,7444383,C,G,ARHGEF18,c.1540C>G,p.Gln514Glu,NA,NA,0.29647,NA,0.83782,VUS,.,1
chr19,7447138,G,T,ARHGEF18,c.1707G>T,p.Gln569His,4.61775633876e-5,NA,0.36365,NA,0.80387,VUS,.,2
chr19,7453662,A,G,ARHGEF18,c.2051A>G,p.Gln684Arg,NA,NA,0.21907,NA,0.39094,VUS,.,1
chr19,7456370,A,T,ARHGEF18,c.2148A>T,p.Gln716His,NA,NA,0.87135,NA,0.7935,VUS,.,1
chr19,7458539,C,A,ARHGEF18,c.2209C>A,p.Gln737Lys,NA,NA,0.67049,NA,0.69114,VUS,.,1
chr19,7458605,C,A,ARHGEF18,c.2275C>A,p.Gln759Lys,NA,NA,0.06331,NA,0.01487,VUS,.,1
chr19,7458674,C,A,ARHGEF18,c.2344C>A,p.Gln782Lys,NA,NA,0.49076,NA,0.53255,VUS,.,1
chr19,7462254,A,G,ARHGEF18,c.2555A>G,p.Gln852Arg,7.9703502969e-6,NA,0.27141,NA,0.11365,VUS,.,1
chr19,7463848,A,G,ARHGEF18,c.2666A>G,p.Gln889Arg,0.762597082423,NA,0.18251,NA,0.06054,B/LB,.,2
chr19,7467355,G,A,ARHGEF18,c.3151G>A,p.Glu1051Lys,NA,NA,0.55478,NA,0.81738,VUS,.,1
chr19,7467401,A,G,ARHGEF18,c.3197A>G,p.Glu1066Gly,NA,NA,0.63904,NA,0.73671,VUS,.,1
chr19,7467421,G,A,ARHGEF18,c.3217G>A,p.Glu1073Lys,8.38579671327e-4,NA,0.35103,NA,0.92621,Conflicting,Uncertain_significance(1)|Benign(2),1
chr19,7467442,G,A,ARHGEF18,c.3238G>A,p.Glu1080Lys,NA,NA,0.29647,NA,0.85745,VUS,.,1
chr19,7467449,A,T,ARHGEF18,c.3245A>T,p.Glu1082Val,1.91202151662e-5,NA,0.37187,NA,0.75324,VUS,.,2
chr19,7467502,G,A,ARHGEF18,c.3298G>A,p.Glu1100Lys,6.49350649351e-5,NA,0.24743,NA,0.8556,VUS,.,2
chr19,7467532,G,A,ARHGEF18,c.3328G>A,p.Glu1110Lys,NA,NA,0.33137,NA,0.82961,VUS,.,1
chr19,7467601,G,C,ARHGEF18,c.3397G>C,p.Glu1133Gln,NA,NA,0.57612,NA,0.64785,VUS,.,2
chr19,7467682,G,A,ARHGEF18,c.3478G>A,p.Glu1160Lys,NA,NA,0.14996,NA,0.17929,VUS,.,1
chr19,7468930,G,A,ARHGEF18,c.3586G>A,p.Glu1196Lys,1.09252602943e-5,NA,0.36157,NA,0.31525,VUS,.,1
chr19,7469122,G,C,ARHGEF18,c.3778G>C,p.Glu1260Gln,1.2076225133e-5,NA,0.24743,NA,0.30028,VUS,.,1
chr19,7470173,G,A,ARHGEF18,c.3961G>A,p.Glu1321Lys,3.97945155922e-5,NA,0.12962,NA,0.14669,VUS,.,1
chr19,7470265,G,T,ARHGEF18,c.4053G>T,p.Glu1351Asp,NA,NA,0.27398,NA,0.26097,VUS,.,1
chr19,7470280,A,C,ARHGEF18,c.4068A>C,p.Glu1356Asp,3.19447993867e-5,NA,0.42395,NA,0.26505,VUS,.,1
chr19,7441959,G,A,ARHGEF18,c.1267G>A,p.Glu423Lys,1.4146072343e-5,NA,0.42943,NA,0.872,VUS,.,1
chr19,7444279,A,C,ARHGEF18,c.1436A>C,p.Glu479Ala,NA,NA,0.61616,NA,0.75624,VUS,.,1
chr19,7444278,G,A,ARHGEF18,c.1435G>A,p.Glu479Lys,3.99491846371e-6,NA,0.51417,NA,0.67575,VUS,.,1
chr19,7444376,G,T,ARHGEF18,c.1533G>T,p.Glu511Asp,NA,NA,0.4843,NA,0.62351,VUS,.,1
chr19,7444395,G,C,ARHGEF18,c.1552G>C,p.Glu518Gln,NA,NA,0.07718,NA,0.60187,VUS,.,1
chr19,7444400,G,C,ARHGEF18,c.1557G>C,p.Glu519Asp,NA,NA,0.10527,NA,0.52596,VUS,.,1
chr19,7447063,G,T,ARHGEF18,c.1632G>T,p.Glu544Asp,3.18796225453e-5,NA,0.2335,NA,0.69846,VUS,.,1
chr19,7453476,A,C,ARHGEF18,c.1865A>C,p.Glu622Ala,NA,NA,0.53788,NA,0.71325,VUS,.,1
chr19,7453475,G,A,ARHGEF18,c.1864G>A,p.Glu622Lys,NA,NA,0.21613,NA,0.80062,VUS,.,1
chr19,7453550,G,A,ARHGEF18,c.1939G>A,p.Glu647Lys,NA,NA,0.39764,NA,0.86477,VUS,.,1
chr19,7453577,G,A,ARHGEF18,c.1966G>A,p.Glu656Lys,NA,NA,0.84019,NA,0.87064,VUS,.,1
chr19,7453643,G,A,ARHGEF18,c.2032G>A,p.Glu678Lys,NA,NA,0.36778,NA,0.86551,VUS,.,1
chr19,7458569,G,A,ARHGEF18,c.2239G>A,p.Glu747Lys,1.41409713433e-5,NA,0.63799,NA,0.83197,VUS,.,1
chr19,7458646,G,C,ARHGEF18,c.2316G>C,p.Glu772Asp,7.95671546785e-6,NA,0.51112,NA,0.5166,VUS,.,1
chr19,7458686,G,A,ARHGEF18,c.2356G>A,p.Glu786Lys,NA,NA,0.59375,NA,0.64051,VUS,.,1
chr19,7459913,G,A,ARHGEF18,c.2371G>A,p.Glu791Lys,1.53926669335e-5,NA,0.31079,NA,0.47248,VUS,.,1
chr19,7459916,G,A,ARHGEF18,c.2374G>A,p.Glu792Lys,8.7663931552e-6,NA,0.37795,NA,0.91413,VUS,.,1
chr19,7459919,G,A,ARHGEF18,c.2377G>A,p.Glu793Lys,NA,NA,0.40148,NA,0.81293,VUS,.,0
chr19,7459940,G,A,ARHGEF18,c.2398G>A,p.Glu800Lys,1.42385237499e-5,NA,0.60456,NA,0.81076,VUS,.,1
chr19,7459944,A,G,ARHGEF18,c.2402A>G,p.Glu801Gly,4.71529074483e-6,NA,0.55201,NA,0.7079,VUS,.,1
chr19,7459961,G,A,ARHGEF18,c.2419G>A,p.Glu807Lys,9.66678589036e-6,NA,0.5065,NA,0.87458,VUS,.,1
chr19,7462197,A,G,ARHGEF18,c.2498A>G,p.Glu833Gly,NA,NA,0.75755,NA,0.78767,VUS,.,1
chr19,7462196,G,A,ARHGEF18,c.2497G>A,p.Glu833Lys,3.97886427298e-6,NA,0.71636,NA,0.87355,VUS,.,1
chr19,7462241,G,C,ARHGEF18,c.2542G>C,p.Glu848Gln,NA,NA,0.3358,NA,0.58087,VUS,.,1
chr19,7462241,G,A,ARHGEF18,c.2542G>A,p.Glu848Lys,1.99158753426e-5,NA,0.4053,NA,0.75418,VUS,.,1
chr19,7462289,G,A,ARHGEF18,c.2590G>A,p.Glu864Lys,3.18451054073e-5,NA,0.64318,NA,0.66485,VUS,.,1
chr19,7462331,G,A,ARHGEF18,c.2632G>A,p.Glu878Lys,3.61801045605e-5,NA,0.63055,NA,0.79834,VUS,.,1
chr19,7463820,G,A,ARHGEF18,c.2638G>A,p.Glu880Lys,1.2753475322e-5,NA,0.36984,NA,0.72821,VUS,.,1
chr19,7464673,G,C,ARHGEF18,c.2887G>C,p.Glu963Gln,3.98797227562e-6,NA,0.26358,NA,0.22497,VUS,.,1
chr19,7466966,G,A,ARHGEF18,c.2953G>A,p.Glu985Lys,NA,NA,0.32913,NA,0.48563,VUS,.,1
chr19,7467457,G,A,ARHGEF18,c.3253G>A,p.Gly1085Ser,9.65455984862e-6,NA,0.28911,NA,0.40513,Conflicting,Uncertain_significance(1)|Likely_benign(1),1
chr19,7467655,G,A,ARHGEF18,c.3451G>A,p.Gly1151Ser,9.12192363126e-6,NA,0.05988,NA,0.128,VUS,.,1
chr19,7468858,G,A,ARHGEF18,c.3514G>A,p.Gly1172Arg,5.2658739771e-6,NA,0.37593,NA,0.41388,VUS,.,1
chr19,7468900,G,A,ARHGEF18,c.3556G>A,p.Gly1186Ser,0.00159729574116,NA,0.10527,NA,0.06118,Conflicting,Uncertain_significance(1)|Benign(1)|Likely_benign(2),1
chr19,7469093,G,A,ARHGEF18,c.3749G>A,p.Gly1250Asp,NA,NA,0.12618,NA,0.24994,VUS,.,1
chr19,7469095,G,A,ARHGEF18,c.3751G>A,p.Gly1251Ser,2.1647083272e-5,NA,0.05648,NA,0.13214,VUS,.,1
chr19,7470002,G,A,ARHGEF18,c.3886G>A,p.Gly1296Ser,3.90170539996e-5,NA,0.35738,NA,0.099030000000000007,Conflicting,Uncertain_significance(1)|Likely_benign(1),1
chr19,7470194,G,A,ARHGEF18,c.3982G>A,p.Gly1328Arg,2.40608959403e-4,NA,0.11924,NA,0.25467,VUS,.,2
chr19,7470197,G,A,ARHGEF18,c.3985G>A,p.Gly1329Ser,2.46258916625e-5,NA,0.01968,NA,0.1092,VUS,.,1
chr19,7470198,G,T,ARHGEF18,c.3986G>T,p.Gly1329Val,8.22219664205e-6,NA,0.01968,NA,0.29326,VUS,.,1
chr19,7470215,G,A,ARHGEF18,c.4003G>A,p.Gly1335Arg,4.06107862248e-5,NA,0.20116,NA,0.28065,VUS,.,1
chr19,7440386,G,A,ARHGEF18,c.1010G>A,p.Gly337Asp,8.07702248643e-6,NA,0.09474,NA,NA,VUS,.,1
chr19,7440436,G,C,ARHGEF18,c.1060G>C,p.Gly354Arg,NA,NA,0.07369,NA,0.25877,VUS,.,1
chr19,7440437,G,A,ARHGEF18,c.1061G>A,p.Gly354Asp,NA,NA,0.12962,NA,0.2757,VUS,.,1
chr19,7440481,G,C,ARHGEF18,c.1105G>C,p.Gly369Arg*,4.31361722686e-6,NA,0.36778,NA,0.28554,VUS,.,2
chr19,7440481,G,A,ARHGEF18,c.1105G>A,p.Gly369Arg*,0.00147788491494,NA,0.35738,NA,0.28554,Conflicting,Uncertain_significance(1)|Likely_benign(1),1
chr19,7440482,G,A,ARHGEF18,c.1106G>A,p.Gly369Glu,2.15582287759e-5,NA,0.39764,NA,0.16348,VUS,.,1
chr19,7441664,G,C,ARHGEF18,c.1118G>C,p.Gly373Ala,2.78376508204e-5,NA,0.28413,NA,0.10409,VUS,.,1
chr19,7441953,G,A,ARHGEF18,c.1261G>A,p.Gly421Ser,NA,NA,0.07369,NA,0.38625,VUS,.,2
chr19,7444434,G,A,ARHGEF18,c.1591G>A,p.Gly531Ser,2.00790310663e-5,NA,0.88773,NA,0.45952,VUS,.,1
chr19,7447059,G,C,ARHGEF18,c.1628G>C,p.Gly543Ala,3.99271728367e-6,NA,0.47612,NA,0.2443,VUS,.,1
chr19,7447059,G,A,ARHGEF18,c.1628G>A,p.Gly543Glu,NA,NA,0.82118,NA,0.82653,VUS,.,1
chr19,7447083,G,C,ARHGEF18,c.1652G>C,p.Gly551Ala,NA,NA,0.61388,NA,0.79146,VUS,.,1
chr19,7447083,G,A,ARHGEF18,c.1652G>A,p.Gly551Asp,8.84868048477e-5,NA,0.78226,NA,0.9664,VUS,.,1
chr19,7447082,G,A,ARHGEF18,c.1651G>A,p.Gly551Ser,3.18588017905e-5,NA,0.55888,NA,0.70784,VUS,.,1
chr19,7451155,G,C,ARHGEF18,c.1744G>C,p.Gly582Arg,3.98025792071e-6,NA,0.61388,NA,0.79234,VUS,.,1
chr19,7451155,G,A,ARHGEF18,c.1744G>A,p.Gly582Ser,2.02675314147e-4,NA,0.23913,NA,0.52885,VUS,.,1
chr19,7453625,G,A,ARHGEF18,c.2014G>A,p.Gly672Arg,NA,NA,0.86485,NA,0.91771,VUS,.,1
chr19,7462235,G,A,ARHGEF18,c.2536G>A,p.Gly846Ser,3.11486783049e-4,NA,0.25827,NA,0.41178,VUS,.,1
chr19,7462301,G,T,ARHGEF18,c.2602G>T,p.Gly868Trp,4.51478386498e-5,NA,0.80307,NA,0.95458,VUS,.,2
chr19,7463865,G,A,ARHGEF18,c.2683G>A,p.Gly895Ser,2.12183673116e-4,NA,0.04649,NA,0.11285,B/LB,.,1
chr19,7463880,G,A,ARHGEF18,c.2698G>A,p.Gly900Arg,1.9539187795e-5,NA,0.05648,NA,0.48777,VUS,.,2
chr19,7463896,G,A,ARHGEF18,c.2714G>A,p.Gly905Asp,NA,NA,0.13647,NA,0.58924,VUS,.,1
chr19,7463925,G,C,ARHGEF18,c.2743G>C,p.Gly915Arg,NA,NA,0.67234,NA,0.7771,VUS,.,1
chr19,7467397,C,T,ARHGEF18,c.3193C>T,p.His1065Tyr,7.68769507526e-6,NA,0.14661,NA,0.37389,VUS,.,1
chr19,7467558,C,G,ARHGEF18,c.3354C>G,p.His1118Gln,6.72133351257e-5,NA,0.25016,NA,0.09133,VUS,.,2
chr19,7470009,A,G,ARHGEF18,c.3893A>G,p.His1298Arg,1.19727022389e-5,NA,0.27654,NA,0.08009,VUS,.,1
chr19,7444349,C,A,ARHGEF18,c.1506C>A,p.His502Gln,3.18593092902e-5,NA,0.84719,NA,0.88997,VUS,.,1
chr19,7447119,A,G,ARHGEF18,c.1688A>G,p.His563Arg,7.97804442175e-6,NA,0.48915,NA,0.7985,VUS,.,1
chr19,7458670,C,A,ARHGEF18,c.2340C>A,p.His780Gln,NA,NA,0.3358,NA,0.61241,VUS,.,1
chr19,7469993,A,G,ARHGEF18,c.3877A>G,p.Ile1293Val,2.39221096111e-5,NA,0.14325,NA,0.04767,B/LB,.,1
chr19,7441657,A,G,ARHGEF18,c.1111A>G,p.Ile371Val,7.95437371239e-6,NA,0.02232,NA,0.03284,VUS,.,1
chr19,7441942,T,C,ARHGEF18,c.1250T>C,p.Ile417Thr,3.97876928708e-6,NA,0.4542,NA,0.74728000000000006,VUS,.,1
chr19,7444245,A,G,ARHGEF18,c.1402A>G,p.Ile468Val,2.13577856248e-5,NA,0.64112,NA,0.66661,VUS,.,1
chr19,7444306,T,C,ARHGEF18,c.1463T>C,p.Ile488Thr,1.99674131817e-5,NA,0.68141,NA,0.64792,VUS,.,1
chr19,7451154,T,G,ARHGEF18,c.1743T>G,p.Ile581Met,NA,NA,0.46613,NA,0.64137,VUS,.,1
chr19,7451153,T,C,ARHGEF18,c.1742T>C,p.Ile581Thr,1.19376377802e-5,NA,0.39571,NA,0.83456,VUS,.,1
chr19,7451152,A,G,ARHGEF18,c.1741A>G,p.Ile581Val,NA,NA,0.16972,NA,0.54202,VUS,.,1
chr19,7451251,A,C,ARHGEF18,c.1840A>C,p.Ile614Leu,2.16224646774e-4,NA,0.17616,NA,0.62613,VUS,.,2
chr19,7453511,A,G,ARHGEF18,c.1900A>G,p.Ile634Val,2.10933520122e-4,NA,0.42578,NA,0.49015,VUS,.,2
chr19,7458548,A,T,ARHGEF18,c.2218A>T,p.Ile740Phe,NA,NA,0.93068,NA,0.88037,VUS,.,1
chr19,7467316,C,G,ARHGEF18,c.3112C>G,p.Leu1038Val,NA,NA,0.12962,NA,0.75212,VUS,.,1
chr19,7467446,T,C,ARHGEF18,c.3242T>C,p.Leu1081Pro,NA,NA,0.53499,NA,0.77168,VUS,.,1
chr19,7470186,T,C,ARHGEF18,c.3974T>C,p.Leu1325Pro,3.19182891797e-5,NA,0.05988,NA,0.06154,VUS,.,1
chr19,7440350,T,C,ARHGEF18,c.974T>C,p.Leu325Pro,NA,NA,0.32236,NA,NA,VUS,.,1
chr19,7441730,T,A,ARHGEF18,c.1184T>A,p.Leu395His,3.97649098529e-6,NA,0.48268,NA,0.61655,VUS,.,1
chr19,7444206,C,G,ARHGEF18,c.1363C>G,p.Leu455Val,2.86723963672e-5,NA,0.92419,NA,0.93901,VUS,.,1
chr19,7447130,C,G,ARHGEF18,c.1699C>G,p.Leu567Val,0.00245270294253,NA,0.72479,NA,0.75653,B/LB,.,2
chr19,7451180,T,G,ARHGEF18,c.1769T>G,p.Leu590Arg,1.4581821803e-4,NA,0.70029,NA,0.93843,VUS,.,2
chr19,7453508,C,G,ARHGEF18,c.1897C>G,p.Leu633Val,NA,NA,0.5913,NA,0.72151,VUS,.,1
chr19,7453665,T,A,ARHGEF18,c.2054T>A,p.Leu685His,NA,NA,0.96688,NA,0.98281,VUS,.,1
chr19,7458545,C,G,ARHGEF18,c.2215C>G,p.Leu739Val,NA,NA,0.7359,NA,0.86703,VUS,.,1
chr19,7462175,C,G,ARHGEF18,c.2476C>G,p.Leu826Val,3.97911759088e-6,NA,0.09122,NA,0.5293,VUS,.,1
chr19,7467278,A,G,ARHGEF18,c.3074A>G,p.Lys1025Arg,2.14523222139e-5,NA,0.24192,NA,0.31344,VUS,.,2
chr19,7470261,A,G,ARHGEF18,c.4049A>G,p.Lys1350Arg,NA,NA,0.15993,NA,0.17973,VUS,.,1
chr19,7453515,A,G,ARHGEF18,c.1904A>G,p.Lys635Arg,1.2735518654e-4,NA,0.50185,NA,0.59063,VUS,.,2
chr19,7453613,A,C,ARHGEF18,c.2002A>C,p.Lys668Gln,NA,NA,0.60924,NA,0.81769,VUS,.,0
chr19,7462199,A,G,ARHGEF18,c.2500A>G,p.Lys834Glu,NA,NA,0.74022,NA,0.9597,VUS,.,1
chr19,7464576,G,T,ARHGEF18,c.2790G>T,p.Lys930Asn,2.3974682735e-5,NA,0.01476,NA,0.28037,VUS,.,2
chr19,7464577,A,C,ARHGEF18,c.2791A>C,p.Lys931Gln,3.1849162367e-5,NA,0.06331,NA,0.30731,VUS,.,2
chr19,7469945,A,T,ARHGEF18,c.3829A>T,p.Met1277Leu,NA,NA,0.18567,NA,0.03436,VUS,.,1
chr19,7469946,T,C,ARHGEF18,c.3830T>C,p.Met1277Thr,NA,NA,0.0279,NA,0.02563,VUS,.,1
chr19,7453592,A,G,ARHGEF18,c.1981A>G,p.Met661Val,NA,NA,0.2335,NA,0.72163,VUS,.,1
chr19,7453649,A,G,ARHGEF18,c.2038A>G,p.Met680Val,NA,NA,0.23913,NA,0.64614,VUS,.,1
chr19,7458619,G,A,ARHGEF18,c.2289G>A,p.Met763Ile,1.74996221672e-4,NA,0.91626,NA,0.43102,VUS,.,2
chr19,7462163,A,G,ARHGEF18,c.2464A>G,p.Met822Val,1.23812286424e-4,NA,0.06676,NA,0.22677,VUS,.,1
chr19,7462325,A,C,ARHGEF18,c.2626A>C,p.Met876Leu,NA,NA,0.03691,NA,0.00495,VUS,.,1
chr19,7469909,T,G,ARHGEF18,c.3793T>G,p.Phe1265Val,NA,NA,0.14996,NA,0.1329,VUS,.,1
chr19,7441700,T,A,ARHGEF18,c.1154T>A,p.Phe385Tyr,NA,NA,0.32008,NA,0.63398,VUS,.,1
chr19,7451162,T,A,ARHGEF18,c.1751T>A,p.Phe584Tyr,NA,NA,0.20116,NA,0.73786,VUS,.,1
chr19,7462268,T,A,ARHGEF18,c.2569T>A,p.Phe857Ile,1.19814048597e-5,NA,0.31546,NA,0.80915,VUS,.,1
chr19,7468843,C,T,ARHGEF18,c.3499C>T,p.Pro1167Ser,4.60876217865e-6,NA,0.13647,NA,0.06337,VUS,.,2
chr19,7468988,C,T,ARHGEF18,c.3644C>T,p.Pro1215Leu,NA,NA,0.85924,NA,0.29174,VUS,.,1
chr19,7470015,C,T,ARHGEF18,c.3899C>T,p.Pro1300Leu,7.98932626012e-6,NA,0.05988,NA,0.39033,VUS,.,1
chr19,7470024,C,A,ARHGEF18,c.3908C>A,p.Pro1303Gln,2.13328782319e-5,NA,0.04649,NA,0.31175,VUS,.,2
chr19,7470026,C,G,ARHGEF18,c.3910C>G,p.Pro1304Ala,NA,NA,0.03383,NA,0.25113,VUS,.,1
chr19,7470128,C,T,ARHGEF18,c.3916C>T,p.Pro1306Ser,3.19305191902e-5,NA,0.03083,NA,0.20372,VUS,.,2
chr19,7470144,C,T,ARHGEF18,c.3932C>T,p.Pro1311Leu,4.46983672905e-5,NA,0.08068,NA,0.35498,VUS,.,2
chr19,7470153,C,T,ARHGEF18,c.3941C>T,p.Pro1314Leu,1.22980052635e-5,NA,0.06676,NA,0.04194,VUS,.,1
chr19,7470240,C,T,ARHGEF18,c.4028C>T,p.Pro1343Leu,0.00109958104099,NA,0.03083,NA,0.31123,B/LB,.,1
chr19,7470249,C,G,ARHGEF18,c.4037C>G,p.Pro1346Arg,NA,NA,0.05648,NA,0.38666,VUS,.,1
chr19,7440392,C,T,ARHGEF18,c.1016C>T,p.Pro339Leu,1.62003661283e-5,NA,0.10527,NA,NA,VUS,.,1
chr19,7440446,C,A,ARHGEF18,c.1070C>A,p.Pro357Gln,0.00309068727125,NA,0.05988,NA,0.32472,B/LB,.,2
chr19,7440452,C,T,ARHGEF18,c.1076C>T,p.Pro359Leu,1.48413093003e-5,NA,0.17616,NA,0.23023,VUS,.,2
chr19,7441914,C,T,ARHGEF18,c.1222C>T,p.Pro408Ser,5.87406846474e-4,NA,0.23065,NA,0.60496,Conflicting,Uncertain_significance(1)|Likely_benign(1),1
chr19,7451231,C,T,ARHGEF18,c.1820C>T,p.Pro607Leu,NA,NA,0.92868,NA,0.80947,VUS,.,1
chr19,7458521,C,A,ARHGEF18,c.2191C>A,p.Pro731Thr,NA,NA,0.70276,NA,0.63431,VUS,.,1
chr19,7458524,C,T,ARHGEF18,c.2194C>T,p.Pro732Ser,1.19326046489e-5,NA,0.32463,NA,0.55696,VUS,.,1
chr19,7462251,C,G,ARHGEF18,c.2552C>G,p.Pro851Arg,1.23953478489e-4,NA,0.03083,NA,0.67038,VUS,.,1
chr19,7462257,C,T,ARHGEF18,c.2558C>T,p.Pro853Leu,1.59461657444e-5,NA,0.17295,NA,0.52989,VUS,.,1
chr19,7463899,C,T,ARHGEF18,c.2717C>T,p.Pro906Leu,1.35224066278e-5,NA,0.10877,NA,0.00168,VUS,.,1
chr19,7464622,C,T,ARHGEF18,c.2836C>T,p.Pro946Ser,NA,NA,1.6e-4,NA,0.14444,VUS,.,1
chr19,7464622,C,A,ARHGEF18,c.2836C>A,p.Pro946Thr,NA,NA,0.0104,NA,0.26082,VUS,.,1
chr19,7464632,C,T,ARHGEF18,c.2846C>T,p.Pro949Leu,3.89617749568e-5,NA,0.11924,NA,0.22482,VUS,.,1
chr19,7464683,C,T,ARHGEF18,c.2897C>T,p.Pro966Leu,4.61113909324e-5,NA,0.0279,NA,0.18466,VUS,.,1
chr19,7466946,C,A,ARHGEF18,c.2933C>A,p.Pro978His,3.98412723709e-6,NA,0.30607,NA,0.40219,VUS,.,1
chr19,7466945,C,T,ARHGEF18,c.2932C>T,p.Pro978Ser,NA,NA,0.08068,NA,0.11011,B/LB,.,1
chr19,7467235,A,C,ARHGEF18,c.3031A>C,p.Ser1011Arg,NA,NA,0.75279,NA,0.76628,VUS,.,1
chr19,7468851,C,G,ARHGEF18,c.3507C>G,p.Ser1169Arg,4.0733566269e-5,NA,0.28413,NA,0.37495,VUS,.,1
chr19,7468886,G,A,ARHGEF18,c.3542G>A,p.Ser1181Asn,NA,NA,0.24192,NA,0.40259,VUS,.,1
chr19,7468898,C,A,ARHGEF18,c.3554C>A,p.Ser1185Tyr,2.32025021578e-5,NA,0.11576,NA,0.43738,VUS,.,1
chr19,7469003,G,T,ARHGEF18,c.3659G>T,p.Ser1220Ile,NA,NA,0.74866,NA,0.46811,VUS,.,1
chr19,7469125,A,G,ARHGEF18,c.3781A>G,p.Ser1261Gly,NA,NA,0.46274,NA,0.34847,VUS,.,1
chr19,7469982,C,T,ARHGEF18,c.3866C>T,p.Ser1289Leu,1.59399383124e-5,NA,0.45933,NA,0.39486,VUS,.,1
chr19,7469989,C,A,ARHGEF18,c.3873C>A,p.Ser1291Arg,1.41742439813e-5,NA,0.47612,NA,0.47452,VUS,.,1
chr19,7469988,G,A,ARHGEF18,c.3872G>A,p.Ser1291Asn,NA,NA,0.45073,NA,0.49744,VUS,.,1
chr19,7470146,A,C,ARHGEF18,c.3934A>C,p.Ser1312Arg,NA,NA,0.0279,NA,0.41633,VUS,.,1
chr19,7470165,G,A,ARHGEF18,c.3953G>A,p.Ser1318Asn,NA,NA,0.04979,NA,0.47035,VUS,.,1
chr19,7470231,C,T,ARHGEF18,c.4019C>T,p.Ser1340Leu,2.50528196949e-5,NA,0.19503,NA,0.21569,VUS,.,1
chr19,7440379,T,C,ARHGEF18,c.1003T>C,p.Ser335Pro,5.6354809883e-5,NA,0.53062,NA,NA,VUS,.,1
chr19,7440389,G,T,ARHGEF18,c.1013G>T,p.Ser338Ile,NA,NA,0.04004,NA,NA,VUS,.,1
chr19,7440456,C,A,ARHGEF18,c.1080C>A,p.Ser360Arg,NA,NA,0.06676,NA,0.35271,VUS,.,1
chr19,7440455,G,C,ARHGEF18,c.1079G>C,p.Ser360Thr,NA,NA,0.07022,NA,0.23308,VUS,.,1
chr19,7441721,C,G,ARHGEF18,c.1175C>G,p.Ser392Cys,1.41396716768e-5,NA,0.32913,NA,0.53968,VUS,.,1
chr19,7441937,T,A,ARHGEF18,c.1245T>A,p.Ser415Arg,NA,NA,0.22779,NA,0.82796,VUS,.,1
chr19,7441947,T,C,ARHGEF18,c.1255T>C,p.Ser419Pro,4.24565351222e-5,NA,0.15663,NA,0.757,VUS,.,1
chr19,7441981,G,A,ARHGEF18,c.1289G>A,p.Ser430Asn,NA,NA,0.74377,NA,0.76149,VUS,.,1
chr19,7444297,G,A,ARHGEF18,c.1454G>A,p.Ser485Asn,3.99370591947e-6,NA,0.23065,NA,0.21794,VUS,.,1
chr19,7444404,A,C,ARHGEF18,c.1561A>C,p.Ser521Arg,4.00621764979e-6,NA,0.50496,NA,0.95648,VUS,.,2
chr19,7444405,G,C,ARHGEF18,c.1562G>C,p.Ser521Thr,4.0067313086e-6,NA,0.27398,NA,0.73093,VUS,.,1
chr19,7447046,T,G,ARHGEF18,c.1615T>G,p.Ser539Ala,1.42245487262e-5,NA,0.82175,NA,0.82079,VUS,.,1
chr19,7447096,T,A,ARHGEF18,c.1665T>A,p.Ser555Arg,3.98117699517e-6,NA,0.76421,NA,0.8028,VUS,.,1
chr19,7451164,T,A,ARHGEF18,c.1753T>A,p.Ser585Thr,NA,NA,0.49236,NA,0.65772,VUS,.,1
chr19,7453527,C,T,ARHGEF18,c.1916C>T,p.Ser639Leu,NA,NA,0.33137,NA,0.58589,VUS,.,1
chr19,7453700,T,G,ARHGEF18,c.2089T>G,p.Ser697Ala,NA,NA,0.24192,NA,0.62861,VUS,.,1
chr19,7462320,C,T,ARHGEF18,c.2621C>T,p.Ser874Leu,4.35342876049e-6,NA,0.4072,NA,0.77443,VUS,.,1
chr19,7462328,A,G,ARHGEF18,c.2629A>G,p.Ser877Gly,NA,NA,0.31079,NA,0.36633,VUS,.,1
chr19,7463833,G,A,ARHGEF18,c.2651G>A,p.Ser884Asn,2.62634600233e-5,NA,0.07369,NA,0.02788,VUS,.,1
chr19,7463890,C,T,ARHGEF18,c.2708C>T,p.Ser903Phe,4.45815575013e-6,NA,0.05988,NA,0.48556,VUS,.,1
chr19,7463944,G,A,ARHGEF18,c.2762G>A,p.Ser921Asn,NA,NA,0.12962,NA,0.36071,VUS,.,1
chr19,7464652,A,G,ARHGEF18,c.2866A>G,p.Ser956Gly,1.59381599394e-5,NA,0.00375,NA,0.0811,VUS,.,1
chr19,7464670,T,G,ARHGEF18,c.2884T>G,p.Ser962Ala,NA,NA,0.03383,NA,0.1507,VUS,.,1
chr19,7464680,C,T,ARHGEF18,c.2894C>T,p.Ser965Leu,1.1969740496e-5,NA,0.04004,NA,0.21478,VUS,.,1
chr19,7466970,C,T,ARHGEF18,c.2957C>T,p.Ser986Leu,8.5414953642e-4,NA,0.0125,NA,0.09467,B/LB,.,2
chr19,7466969,T,C,ARHGEF18,c.2956T>C,p.Ser986Pro,NA,NA,0.00669,NA,0.08128,VUS,.,1
chr19,7467248,C,T,ARHGEF18,c.3044C>T,p.Thr1015Met,3.18572793883e-5,NA,0.30369,NA,0.04473,VUS,.,1
chr19,7440473,C,T,ARHGEF18,c.1097C>T,p.Thr366Met,NA,NA,0.27141,NA,0.426,VUS,.,1
chr19,7441709,C,T,ARHGEF18,c.1163C>T,p.Thr388Ile,1.1929188338e-5,NA,0.07369,NA,0.23983,VUS,.,1
chr19,7441732,A,G,ARHGEF18,c.1186A>G,p.Thr396Ala,NA,NA,0.2072,NA,0.37653,VUS,.,1
chr19,7441733,C,T,ARHGEF18,c.1187C>T,p.Thr396Ile,3.97639611268e-6,NA,0.31778,NA,0.61628,VUS,.,1
chr19,7441745,C,A,ARHGEF18,c.1199C>A,p.Thr400Asn,1.03389587873e-4,NA,0.42212,NA,0.50425,VUS,.,1
chr19,7441920,A,G,ARHGEF18,c.1228A>G,p.Thr410Ala,NA,NA,0.04649,NA,0.38522,VUS,.,1
chr19,7444215,A,G,ARHGEF18,c.1372A>G,p.Thr458Ala,3.18511912346e-5,NA,0.96985,NA,0.78477,P/LP,.,1
chr19,7444237,C,T,ARHGEF18,c.1394C>T,p.Thr465Met,7.1328202458e-6,NA,0.90413,NA,0.56989,VUS,.,1
chr19,7444345,C,T,ARHGEF18,c.1502C>T,p.Thr501Met,4.62015239395e-5,NA,0.39182,NA,0.00121,VUS,.,1
chr19,7451261,C,G,ARHGEF18,c.1850C>G,p.Thr617Arg,3.99418446742e-6,NA,0.95986,NA,0.98556,VUS,.,1
chr19,7451261,C,T,ARHGEF18,c.1850C>T,p.Thr617Met,1.13589572477e-4,NA,0.94008,NA,0.85354,VUS,.,1
chr19,7451260,A,C,ARHGEF18,c.1849A>C,p.Thr617Pro,NA,NA,0.96133,NA,0.97508,VUS,.,1
chr19,7453698,C,T,ARHGEF18,c.2087C>T,p.Thr696Ile,3.89067983675e-4,NA,0.50341,NA,0.75206,VUS,.,2
chr19,7456347,A,G,ARHGEF18,c.2125A>G,p.Thr709Ala,2.78336660119e-5,NA,0.59375,NA,0.63831,VUS,.,1
chr19,7458633,C,T,ARHGEF18,c.2303C>T,p.Thr768Met,NA,NA,0.80128,NA,0.81086,VUS,.,1
chr19,7459974,C,T,ARHGEF18,c.2432C>T,p.Thr811Met,2.61142061281e-5,NA,0.222,NA,0.21373,B/LB,.,1
chr19,7463949,A,G,ARHGEF18,c.2767A>G,p.Thr923Ala,2.9298755221500002e-05,NA,0.03691,NA,0.20685,VUS,.,1
chr19,7467412,T,G,ARHGEF18,c.3208T>G,p.Trp1070Gly,NA,NA,0.57612,NA,0.77981,VUS,.,1
chr19,7469121,G,T,ARHGEF18,c.3777G>T,p.Trp1259Cys,NA,NA,0.36984,NA,0.28512,VUS,.,1
chr19,7467550,T,C,ARHGEF18,c.3346T>C,p.Tyr1116His,NA,NA,0.67142,NA,0.57448,VUS,.,1
chr19,7467551,A,T,ARHGEF18,c.3347A>T,p.Tyr1116Phe,NA,NA,0.545,NA,0.71603000000000006,VUS,.,1
chr19,7468916,A,T,ARHGEF18,c.3572A>T,p.Tyr1191Phe,NA,NA,0.05988,NA,0.06308,VUS,.,1
chr19,7441917,T,G,ARHGEF18,c.1225T>G,p.Tyr409Asp,2.47696423264e-5,NA,0.36984,NA,0.94301,VUS,.,1
chr19,7442002,A,G,ARHGEF18,c.1310A>G,p.Tyr437Cys,NA,NA,0.68141,NA,0.60071,VUS,.,1
chr19,7442050,A,T,ARHGEF18,c.1358A>T,p.Tyr453Phe,0.00300712511763,NA,0.59497,NA,0.20089,B/LB,.,2
chr19,7468882,G,A,ARHGEF18,c.3538G>A,p.Val1180Met,1.61658835194e-5,NA,0.03083,NA,0.35294,VUS,.,1
chr19,7468903,G,C,ARHGEF18,c.3559G>C,p.Val1187Leu,3.25164479032e-5,NA,0.05312,NA,0.02694,VUS,.,2
chr19,7468903,G,A,ARHGEF18,c.3559G>A,p.Val1187Met,2.77914161579e-5,NA,0.11576,NA,0.27098,VUS,.,1
chr19,7470284,G,A,ARHGEF18,c.4072G>A,p.Val1358Ile,2.15164028237e-4,NA,0.46613,NA,0.44365,B/LB,.,1
chr19,7376751,G,C,ARHGEF18,c.535G>C,p.Val179Leu,0.00561531161025,NA,NA,0.1362,NA,B/LB,.,1
chr19,7378435,G,A,ARHGEF18,c.583G>A,p.Val195Met,3.18694626809e-5,NA,NA,0.2917,NA,VUS,.,1
chr19,7440409,G,T,ARHGEF18,c.1033G>T,p.Val345Phe,NA,NA,0.18567,NA,NA,VUS,.,1
chr19,7440422,T,G,ARHGEF18,c.1046T>G,p.Val349Gly,2.06143063286e-5,NA,0.30843,NA,0.0717,VUS,.,1
chr19,7442028,G,A,ARHGEF18,c.1336G>A,p.Val446Met,NA,NA,0.35738,NA,0.25569,VUS,.,1
chr19,7444221,G,A,ARHGEF18,c.1378G>A,p.Val460Met,8.05756323173e-6,NA,0.222,NA,0.04425,VUS,.,1
chr19,7444257,G,T,ARHGEF18,c.1414G>T,p.Val472Leu,NA,NA,0.7278,NA,0.70197,VUS,.,1
chr19,7444446,G,A,ARHGEF18,c.1603G>A,p.Val535Ile,6.85396066112e-4,NA,0.2102,NA,0.64462,Conflicting,Uncertain_significance(2)|Likely_benign(1),1
chr19,7447086,T,C,ARHGEF18,c.1655T>C,p.Val552Ala,7.96368559369e-6,NA,0.32008,NA,0.68134,VUS,.,1
chr19,7451170,G,A,ARHGEF18,c.1759G>A,p.Val587Met,3.21222071525e-5,NA,0.76619,NA,0.80301,VUS,.,1
chr19,7451185,G,T,ARHGEF18,c.1774G>T,p.Val592Leu,1.19345034451e-5,NA,0.51569,NA,0.72328,VUS,.,1
chr19,7451185,G,A,ARHGEF18,c.1774G>A,p.Val592Met,1.52154220687e-4,NA,0.74235,NA,0.75881,VUS,.,1
chr19,7456389,G,A,ARHGEF18,c.2167G>A,p.Val723Ile,2.78341087121e-5,NA,0.28413,NA,0.4505,VUS,.,2
chr19,7458527,G,A,ARHGEF18,c.2197G>A,p.Val733Ile,1.59087474248e-5,NA,0.38789,NA,0.66466,VUS,.,1
chr19,7466919,T,G,ARHGEF18,c.2906T>G,p.Val969Gly,7.9610862106e-6,NA,0.02232,NA,0.04148,VUS,.,1
