chrom,pos,ref_base,alt_base,base__gene,base__cchange,base__achange,gnomad__af,VEP_varity_r,VEP_revel__score,VEP_alphamissense__pathogenicity,VEP_esm1b__score,clinvar,conf,stars
chr1,177164673,C,T,ASTN1,c.4G>A,p.Ala2Thr,NA,NA,0.24192,NA,0.41226,VUS,.,1
chr1,177029696,G,A,ASTN1,c.1058C>T,p.Ala353Val,6.38732754216e-5,NA,0.41843,NA,0.35259,VUS,.,1
chr1,176949233,G,A,ASTN1,c.2006C>T,p.Ala669Val,7.96971508269e-6,NA,0.61157,NA,0.34928,VUS,.,1
chr1,176934284,C,T,ASTN1,c.2539G>A,p.Ala847Thr,1.34542802314e-4,NA,0.10176,NA,0.22527,VUS,.,1
chr1,176884386,C,T,ASTN1,c.3179G>A,p.Arg1060His,6.76406926407e-5,NA,0.58381,NA,0.28302,VUS,.,1
chr1,176876596,C,T,ASTN1,c.3404G>A,p.Arg1135Lys,NA,NA,0.19503,NA,0.02876,VUS,.,1
chr1,176864438,C,T,ASTN1,c.3731G>A,p.Arg1244Gln,1.99107996177e-5,NA,0.25827,NA,0.15204,VUS,.,1
chr1,176864435,C,T,ASTN1,c.3734G>A,p.Arg1245His,2.76098375975e-4,NA,0.58758,NA,0.26257,B/LB,.,0
chr1,176864360,C,T,ASTN1,c.3809G>A,p.Arg1270Gln,6.36974230854e-5,NA,0.20419,NA,0.1534,VUS,.,1
chr1,176864350,C,G,ASTN1,c.3819G>C,p.Arg1273Ser,5.83843459184e-4,NA,0.21613,NA,0.14219,B/LB,.,1
chr1,177032789,G,A,ASTN1,c.532C>T,p.Arg178Trp,1.42507998261e-5,NA,0.60808,NA,0.8276,VUS,.,1
chr1,177032770,C,T,ASTN1,c.551G>A,p.Arg184His,4.00089620075e-6,NA,0.50341,NA,0.60428,VUS,.,1
chr1,177032620,C,T,ASTN1,c.701G>A,p.Arg234Gln,7.9537410421e-6,NA,0.63269,NA,0.55825,VUS,.,1
chr1,177030827,G,C,ASTN1,c.991C>G,p.Arg331Gly,5.65670850274e-5,NA,0.60574,NA,0.31538,VUS,.,1
chr1,177029643,G,A,ASTN1,c.1111C>T,p.Arg371Cys,1.19671621072e-5,NA,0.68757,NA,0.42407,VUS,.,1
chr1,177029642,C,T,ASTN1,c.1112G>A,p.Arg371His,3.98978614746e-5,NA,0.5262,NA,0.31136,VUS,.,1
chr1,177164532,G,T,ASTN1,c.145C>A,p.Arg49Ser,NA,NA,0.59861,NA,0.08211,VUS,.,1
chr1,176957718,C,T,ASTN1,c.1847G>A,p.Arg616His,1.43291566495e-4,NA,0.73445,NA,0.67258,VUS,.,1
chr1,176949302,C,T,ASTN1,c.1937G>A,p.Arg646His,1.20102808004e-5,NA,0.6823,NA,0.33754,VUS,.,1
chr1,176946085,C,T,ASTN1,c.2090G>A,p.Arg697His,5.577555915e-5,NA,0.74447,NA,0.66296,VUS,.,1
chr1,176944002,G,C,ASTN1,c.2266C>G,p.Arg756Gly,NA,NA,0.58126,NA,0.09253,VUS,.,1
chr1,176936314,G,A,ASTN1,c.2434C>T,p.Arg812Trp,3.58634320508e-5,NA,0.58126,NA,0.41719,VUS,.,1
chr1,176934184,C,T,ASTN1,c.2639G>A,p.Arg880Gln,7.44105620478e-5,NA,0.31546,NA,0.1711,VUS,.,1
chr1,176894801,G,A,ASTN1,c.2701C>T,p.Arg901Trp,3.18585480467e-5,NA,0.44019,NA,0.28428,VUS,.,1
chr1,176894713,C,T,ASTN1,c.2789G>A,p.Arg930His,2.78542664778e-5,NA,0.57999,NA,0.42829,VUS,.,1
chr1,177030818,T,C,ASTN1,c.1000A>G,p.Asn334Asp,1.98857761021e-5,NA,0.32689,NA,0.33428,VUS,.,1
chr1,177024708,T,C,ASTN1,c.1145A>G,p.Asn382Ser,NA,NA,0.23065,NA,0.03524,VUS,.,1
chr1,176934331,T,C,ASTN1,c.2492A>G,p.Asn831Ser,4.6173627045e-5,NA,0.25287,NA,0.05006,VUS,.,1
chr1,177061245,C,T,ASTN1,c.304G>A,p.Asp102Asn,NA,NA,0.4384,NA,0.26388,VUS,.,1
chr1,176876616,G,T,ASTN1,c.3384C>A,p.Asp1128Glu,1.27480897784e-4,NA,0.5787,NA,0.83079,VUS,.,1
chr1,176876588,C,T,ASTN1,c.3412G>A,p.Asp1138Asn,3.980574795e-6,NA,0.29403,NA,0.03805,VUS,.,1
chr1,177061172,T,C,ASTN1,c.377A>G,p.Asp126Gly,2.01220199288e-5,NA,0.5787,NA,0.15794,VUS,.,1
chr1,177164600,T,G,ASTN1,c.77A>C,p.Asp26Ala,NA,NA,0.45073,NA,0.0811,VUS,.,1
chr1,177024584,A,C,ASTN1,c.1269T>G,p.Asp423Glu,NA,NA,0.36365,NA,0.19112,VUS,.,1
chr1,177164523,C,A,ASTN1,c.154G>T,p.Asp52Tyr,NA,NA,0.69696,NA,0.20446,VUS,.,1
chr1,176949221,T,C,ASTN1,c.2018A>G,p.Asp673Gly,NA,NA,0.51872,NA,0.31576,VUS,.,1
chr1,176946091,T,C,ASTN1,c.2084A>G,p.Asp695Gly,NA,NA,0.96317,NA,0.80285,VUS,.,1
chr1,176934274,T,C,ASTN1,c.2549A>G,p.Asp850Gly,1.99122269038e-5,NA,0.11924,NA,0.25261,VUS,.,1
chr1,177032552,A,C,ASTN1,c.769T>G,p.Cys257Gly,3.97639611268e-6,NA,0.80901,NA,0.01322,VUS,.,1
chr1,177023422,G,C,ASTN1,c.1420C>G,p.Gln474Glu,NA,NA,0.59375,NA,0.59844,VUS,.,1
chr1,176888198,G,T,ASTN1,c.2947C>A,p.Gln983Lys,7.99156091168e-6,NA,0.34239000000000003,NA,0.46196,VUS,.,1
chr1,176868976,T,A,ASTN1,c.3515A>T,p.Glu1172Val,NA,NA,0.6562,NA,0.69563,NA,.,0
chr1,176864400,C,T,ASTN1,c.3769G>A,p.Glu1257Lys,1.76972356918e-5,NA,0.53644,NA,0.16699,VUS,.,1
chr1,176864291,T,C,ASTN1,c.3878A>G,p.Glu1293Gly,0.00239002351075,NA,0.25287,NA,0.17958,B/LB,.,1
chr1,177023410,C,T,ASTN1,c.1432G>A,p.Glu478Lys,3.25936135142e-5,NA,0.71636,NA,0.75448,VUS,.,1
chr1,176894617,T,A,ASTN1,c.2885A>T,p.Glu962Val,1.03466114847e-4,NA,0.29647,NA,0.56038,VUS,.,1
chr1,177032599,C,T,ASTN1,c.722G>A,p.Gly241Asp,3.97626962289e-6,NA,0.63269,NA,0.23548,VUS,.,1
chr1,177032600,C,T,ASTN1,c.721G>A,p.Gly241Ser,2.12104072398e-5,NA,0.58126,NA,0.06205,VUS,.,1
chr1,177029714,C,T,ASTN1,c.1040G>A,p.Gly347Glu,2.49190132071e-5,NA,0.6442,NA,0.18016,VUS,.,1
chr1,177164664,C,G,ASTN1,c.13G>C,p.Gly5Arg,NA,NA,0.2072,NA,0.23173,B/LB,.,1
chr1,176946097,C,T,ASTN1,c.2078G>A,p.Gly693Asp,8.85896527286e-5,NA,0.85249,NA,0.54825,VUS,.,1
chr1,176945951,C,G,ASTN1,c.2224G>C,p.Gly742Arg,NA,NA,0.56428,NA,0.09335,P/LP,.,1
chr1,177024598,G,T,ASTN1,c.1255C>A,p.His419Asn,2.38705262655e-5,NA,0.59375,NA,0.55739,VUS,.,2
chr1,176894732,G,A,ASTN1,c.2770C>T,p.His924Tyr,1.98905225638e-5,NA,0.36778,NA,0.11891,VUS,.,1
chr1,176864321,A,T,ASTN1,c.3848T>A,p.Ile1283Asn,NA,NA,0.51721,NA,0.14748,VUS,.,1
chr1,177032584,A,T,ASTN1,c.737T>A,p.Ile246Asn,3.186336987e-5,NA,0.60924,NA,0.46171,VUS,.,1
chr1,176946071,T,A,ASTN1,c.2104A>T,p.Ile702Phe,3.97927593095e-6,NA,0.42212,NA,0.48516,VUS,.,1
chr1,176946071,T,C,ASTN1,c.2104A>G,p.Ile702Val,5.17305871024e-5,NA,0.25287,NA,0.19363,B/LB,.,1
chr1,176882881,G,C,ASTN1,c.3340C>G,p.Leu1114Val,3.97810451276e-6,NA,0.76946,NA,0.87431,VUS,.,0
chr1,177164519,A,G,ASTN1,c.158T>C,p.Leu53Pro,NA,NA,0.7044,NA,0.25438,VUS,.,1
chr1,176946022,A,C,ASTN1,c.2153T>G,p.Leu718Arg,NA,NA,0.42761,NA,0.32497,VUS,.,1
chr1,176884351,T,G,ASTN1,c.3214A>C,p.Lys1072Gln,3.58100634236e-5,NA,0.51721,NA,0.16473,VUS,.,1
chr1,177030829,T,C,ASTN1,c.989A>G,p.Lys330Arg,NA,NA,0.52916,NA,0.08453,VUS,.,1
chr1,177164571,T,C,ASTN1,c.106A>G,p.Lys36Glu,3.99696230865e-6,NA,0.48915,NA,0.13,VUS,.,1
chr1,176882938,T,G,ASTN1,c.3283A>C,p.Met1095Leu,0.00330622347949,NA,0.55061,NA,0.00303,Conflicting,Uncertain_significance(2)|Likely_benign(1),1
chr1,176958457,T,C,ASTN1,c.1624A>G,p.Met542Val,8.01725312873e-6,NA,0.43483,NA,0.04098,VUS,.,1
chr1,176949329,A,G,ASTN1,c.1910T>C,p.Met637Thr,3.98650965134e-6,NA,0.794,NA,0.76962,VUS,.,1
chr1,176936303,C,T,ASTN1,c.2445G>A,p.Met815Ile,1.99203187251e-5,NA,0.28413,NA,0.08711,VUS,.,1
chr1,176888185,A,C,ASTN1,c.2960T>G,p.Met987Arg,NA,NA,0.60456,NA,0.11539,VUS,.,1
chr1,176946000,A,C,ASTN1,c.2175T>G,p.Phe725Leu,3.97829442561e-6,NA,0.545,NA,0.04935,VUS,.,1
chr1,176936359,A,G,ASTN1,c.2389T>C,p.Phe797Leu,NA,NA,0.47281,NA,0.10343,VUS,.,1
chr1,176864318,G,A,ASTN1,c.3851C>T,p.Pro1284Leu,2.38826882354e-5,NA,0.41473,NA,0.04801,VUS,.,1
chr1,177164631,G,C,ASTN1,c.46C>G,p.Pro16Ala,NA,NA,0.35103,NA,0.20551,VUS,.,1
chr1,177029685,G,T,ASTN1,c.1069C>A,p.Pro357Thr,NA,NA,0.43123,NA,0.07447,VUS,.,1
chr1,176957766,G,A,ASTN1,c.1799C>T,p.Pro600Leu,2.47806908857e-5,NA,0.77142,NA,0.62579,VUS,.,1
chr1,176957767,G,A,ASTN1,c.1798C>T,p.Pro600Ser,2.78748974602e-5,NA,0.71242,NA,0.55345,VUS,.,1
chr1,177164486,G,A,ASTN1,c.191C>T,p.Pro64Leu,NA,NA,0.56159,NA,0.15821,VUS,.,1
chr1,176949224,G,A,ASTN1,c.2015C>T,p.Pro672Leu,1.19584801569e-5,NA,0.38986,NA,0.51327,VUS,.,1
chr1,176894639,G,C,ASTN1,c.2863C>G,p.Pro955Ala,NA,NA,0.18881,NA,0.17929,VUS,.,1
chr1,176864296,G,T,ASTN1,c.3873C>A,p.Ser1291Arg,1.19500963974e-5,NA,0.16972,NA,0.21973,VUS,.,1
chr1,177030950,T,C,ASTN1,c.868A>G,p.Ser290Gly,7.09521782319e-5,NA,0.46104,NA,0.21523,VUS,.,1
chr1,177029638,A,C,ASTN1,c.1116T>G,p.Ser372Arg,1.41875164043e-5,NA,0.53644,NA,0.18759,VUS,.,1
chr1,176958397,A,G,ASTN1,c.1684T>C,p.Ser562Pro,NA,NA,0.62179,NA,0.23909,VUS,.,1
chr1,176946031,C,G,ASTN1,c.2144G>C,p.Ser715Thr,2.89965769894e-4,NA,0.09825,NA,0.18248,VUS,.,1
chr1,176894824,G,A,ASTN1,c.2678C>T,p.Ser893Phe,1.77234573503e-5,NA,0.58126,NA,0.25408,VUS,.,1
chr1,176894678,A,T,ASTN1,c.2824T>A,p.Ser942Thr,NA,NA,0.55615,NA,0.31434,VUS,.,1
chr1,176884476,G,A,ASTN1,c.3089C>T,p.Thr1030Met,1.16795968062e-4,NA,0.08068,NA,0.36731,Conflicting,Uncertain_significance(1)|Likely_benign(1),1
chr1,176876632,G,A,ASTN1,c.3368C>T,p.Thr1123Met,4.6104522499e-5,NA,0.51569,NA,0.73864,VUS,.,1
chr1,177164613,T,G,ASTN1,c.64A>C,p.Thr22Pro,NA,NA,0.19193,NA,0.31486,VUS,.,1
chr1,177032515,G,A,ASTN1,c.806C>T,p.Thr269Met,2.7839865096e-5,NA,0.53644,NA,0.24757,VUS,.,1
chr1,177024699,G,A,ASTN1,c.1154C>T,p.Thr385Ile,NA,NA,0.6229,NA,0.11773,VUS,.,1
chr1,176957814,G,A,ASTN1,c.1751C>T,p.Thr584Ile,NA,NA,0.45073,NA,0.25716,VUS,.,1
chr1,176949212,G,T,ASTN1,c.2027C>A,p.Thr676Asn,1.99489307373e-5,NA,0.27398,NA,0.68038,VUS,.,1
chr1,176894758,G,T,ASTN1,c.2744C>A,p.Thr915Asn,2.78451807948e-5,NA,0.23632,NA,0.25187,VUS,.,1
chr1,176949206,T,C,ASTN1,c.2033A>G,p.Tyr678Cys,NA,NA,0.6173,NA,0.83767,VUS,.,1
chr1,176888072,C,G,ASTN1,c.3073G>C,p.Val1025Leu,NA,NA,0.37795,NA,0.43381,VUS,.,1
chr1,176884474,C,G,ASTN1,c.3091G>C,p.Val1031Leu,7.96216379763e-6,NA,0.14996,NA,0.76039,VUS,.,1
chr1,176882976,A,G,ASTN1,c.3245T>C,p.Val1082Ala,2.38644499244e-5,NA,0.62068,NA,0.57568,VUS,.,1
chr1,176876585,C,T,ASTN1,c.3415G>A,p.Val1139Met,1.09683263042e-4,NA,0.50341,NA,0.66531,VUS,.,1
chr1,176876558,C,T,ASTN1,c.3442G>A,p.Val1148Met,1.59207782076e-5,NA,0.43662,NA,0.58576,VUS,.,1
chr1,177164621,A,C,ASTN1,c.56T>G,p.Val19Gly,NA,NA,0.48754,NA,0.18321,VUS,.,1
chr1,177032702,C,T,ASTN1,c.619G>A,p.Val207Met,2.38794565036e-5,NA,0.4843,NA,0.83652,VUS,.,1
chr1,177164598,C,T,ASTN1,c.79G>A,p.Val27Met,5.057193585e-4,NA,0.10176,NA,0.32385,VUS,.,1
chr1,177024643,C,T,ASTN1,c.1210G>A,p.Val404Ile,4.95119536002e-5,NA,0.11576,NA,0.17857,VUS,.,1
chr1,177024628,C,T,ASTN1,c.1225G>A,p.Val409Ile,1.16696017483e-4,NA,0.04979,NA,0.26476,VUS,.,1
chr1,176957788,C,A,ASTN1,c.1777G>T,p.Val593Phe,NA,NA,0.5262,NA,0.39235,VUS,.,1
chr1,176957680,C,T,ASTN1,c.1885G>A,p.Val629Met,4.56815043026e-4,NA,0.61502,NA,0.74681,VUS,.,1
chr1,176943966,C,T,ASTN1,c.2302G>A,p.Val768Met,3.97908592438e-6,NA,0.42212,NA,0.30573,VUS,.,1
chr1,177164400,C,A,ASTN1,c.277G>T,p.Val93Leu,7.46982191945e-6,NA,0.15993,NA,0.11136,VUS,.,1
chr1,176894615,C,G,ASTN1,c.2887G>C,p.Val963Leu,NA,NA,0.43123,NA,0.17857,VUS,.,1
chr1,176888153,C,T,ASTN1,c.2992G>A,p.Val998Ile,NA,NA,0.48754,NA,0.44653,VUS,.,1
