chrom,pos,ref_base,alt_base,base__gene,base__cchange,base__achange,gnomad__af,VEP_varity_r,VEP_revel__score,VEP_alphamissense__pathogenicity,VEP_esm1b__score,clinvar,conf,stars
chrX,40597276,G,A,ATP6AP2,c.328G>A,p.Ala110Thr,NA,0.46621633,0.41843,0.3137,0.14576,VUS,.,1
chrX,40597330,G,C,ATP6AP2,c.382G>C,p.Ala128Pro,NA,0.6864729,0.53354,0.9517,0.08073,VUS,.,1
chrX,40581100,C,T,ATP6AP2,c.35C>T,p.Ala12Val,NA,0.16701123,0.16321,0.1553,0.34298,VUS,.,1
chrX,40599710,C,G,ATP6AP2,c.707C>G,p.Ala236Gly,1.09153622809e-5,0.6984097,0.77142,0.2274,0.56408,VUS,.,1
chrX,40599730,G,A,ATP6AP2,c.727G>A,p.Ala243Thr,1.63989089259e-5,0.14720468,0.25287,0.07,0.18832,VUS,.,1
chrX,40600798,G,A,ATP6AP2,c.775G>A,p.Ala259Thr,NA,0.7035985,0.54921,0.1846,0.33465,VUS,.,2
chrX,40600880,C,T,ATP6AP2,c.857C>T,p.Ala286Val,3.30755279681e-5,0.0472077,0.17616,0.0653,0.22798,VUS,.,1
chrX,40605570,G,C,ATP6AP2,c.868G>C,p.Ala290Pro,0.00652735752363,0.13264386,0.24469,0.0648,0.21958,B/LB,.,2
chrX,40605648,G,A,ATP6AP2,c.946G>A,p.Ala316Thr,1.63661656802e-5,0.4065936,0.33137,0.0951,0.46836,VUS,.,1
chrX,40605655,C,A,ATP6AP2,c.953C>A,p.Ala318Asp,NA,0.9829449,0.68319,0.9594,0.89983,VUS,.,1
chrX,40591255,G,A,ATP6AP2,c.190G>A,p.Ala64Thr,1.46069987e-5,0.12779301,0.17616,0.1222,0.09978,Conflicting,Uncertain_significance(2)|Likely_benign(1),1
chrX,40591324,G,C,ATP6AP2,c.259G>C,p.Ala87Pro,NA,0.31121838,0.42028,0.0802,0.32806,VUS,.,1
chrX,40597528,G,A,ATP6AP2,c.398G>A,p.Arg133Lys,9.26758797394e-5,0.57517856,0.49236,0.464,0.12153,B/LB,.,1
chrX,40597584,C,T,ATP6AP2,c.454C>T,p.Arg152Cys,5.45086859591e-6,0.3510466,0.54358,0.3714,0.61186,VUS,.,1
chrX,40597585,G,A,ATP6AP2,c.455G>A,p.Arg152His,2.72530060066e-5,0.24667391,0.42395,0.1543,0.17756,Conflicting,Uncertain_significance(2)|Likely_benign(1),1
chrX,40597593,C,T,ATP6AP2,c.463C>T,p.Arg155Cys,5.35365776499e-5,0.45020622,0.39764,0.2992,0.55768,VUS,.,2
chrX,40597593,C,G,ATP6AP2,c.463C>G,p.Arg155Gly,NA,0.48757035,0.37187,0.3724,0.19451,VUS,.,1
chrX,40597594,G,A,ATP6AP2,c.464G>A,p.Arg155His,1.63520709898e-5,0.11262674,0.19503,0.111,0.24757,VUS,.,1
chrX,40597599,C,T,ATP6AP2,c.469C>T,p.Arg157Cys,2.18022859697e-5,0.3536867,0.49555,0.3943,0.5571,VUS,.,1
chrX,40599598,C,T,ATP6AP2,c.595C>T,p.Arg199Cys,1.09382861893e-5,0.26395014,0.46613,0.1826,0.65228,VUS,.,1
chrX,40599599,G,A,ATP6AP2,c.596G>A,p.Arg199His,1.09381067231e-5,0.2796748,0.40909,0.1115,0.24221,VUS,.,2
chrX,40599676,C,T,ATP6AP2,c.673C>T,p.Arg225Cys,5.45452561991e-6,0.2145087,0.38986,0.1088,0.73925,VUS,.,1
chrX,40599677,G,A,ATP6AP2,c.674G>A,p.Arg225His,NA,0.06251295,0.222,0.0601,0.44031,VUS,.,1
chrX,40600855,A,G,ATP6AP2,c.832A>G,p.Arg278Gly,NA,0.92402995,0.7044,0.6702,0.70853,VUS,.,1
chrX,40589040,G,A,ATP6AP2,c.92G>A,p.Arg31Gln,1.09061958098e-5,0.29694426,0.10176,0.0754,0.09497,VUS,.,1
chrX,40605725,G,T,ATP6AP2,c.1023G>T,p.Arg341Ser,NA,0.9969362,0.82003,0.9977,0.85064,VUS,.,1
chrX,40589070,G,A,ATP6AP2,c.122G>A,p.Arg41Gln,1.09119677006e-5,0.1925012,0.37187,0.0923,0.11891,VUS,.,2
chrX,40591277,G,A,ATP6AP2,c.212G>A,p.Arg71His,NA,0.58552897,0.75211,0.4145,0.4135,VUS,.,1
chrX,40591283,G,A,ATP6AP2,c.218G>A,p.Arg73Gln,1.09021531753e-5,0.40266562,0.39182,0.0715,0.25614,VUS,.,1
chrX,40591282,C,T,ATP6AP2,c.217C>T,p.Arg73Trp,5.35616031475e-5,0.64968246,0.78786,0.1876,0.67877,Conflicting,Uncertain_significance(2)|Benign(1)|Likely_benign(2),1
chrX,40597659,A,G,ATP6AP2,c.529A>G,p.Asn177Asp,NA,0.26716974,0.22779,0.1149,0.07847,VUS,.,1
chrX,40597660,A,G,ATP6AP2,c.530A>G,p.Asn177Ser,1.09109556906e-5,0.126556,0.32689,0.0602,0.03907,VUS,.,1
chrX,40588998,A,G,ATP6AP2,c.50A>G,p.Asn17Ser,NA,0.18312153,0.30607,0.0878,0.05436,VUS,.,2
chrX,40605624,A,C,ATP6AP2,c.922A>C,p.Asn308His,7.09382400768e-5,0.92295855,0.71558,0.4654,0.73292,Conflicting,Uncertain_significance(1)|Likely_benign(2),1
chrX,40605681,A,G,ATP6AP2,c.979A>G,p.Asn327Asp,5.45393064782e-6,0.9347905,0.4843,0.5978,0.77266,VUS,.,1
chrX,40605682,A,G,ATP6AP2,c.980A>G,p.Asn327Ser,4.36290656836e-5,0.31854063,0.12962,0.0527,0.56565,Conflicting,Uncertain_significance(3)|Likely_benign(1),1
chrX,40598685,A,G,ATP6AP2,c.539A>G,p.Asp180Gly,1.94992590282e-5,0.94461423,0.85563,0.9746,0.26112,Conflicting,Uncertain_significance(1)|Likely_benign(1),1
chrX,40599621,T,A,ATP6AP2,c.618T>A,p.Asp206Glu,NA,0.5990146,0.57352,0.8654,0.17539,VUS,.,1
chrX,40599632,A,G,ATP6AP2,c.629A>G,p.Asp210Gly,NA,0.8369491,0.85563,0.9573,0.30613,VUS,.,1
chrX,40599631,G,T,ATP6AP2,c.628G>T,p.Asp210Tyr,NA,0.91029304,0.82346,0.9731,0.306,P/LP,.,1
chrX,40599727,G,A,ATP6AP2,c.724G>A,p.Asp242Asn,NA,0.24119678,0.12618,0.0809,0.3392,VUS,.,2
chrX,40600769,A,G,ATP6AP2,c.746A>G,p.Asp249Gly,NA,0.83456,0.72022,0.1244,0.39655,VUS,.,1
chrX,40591234,G,A,ATP6AP2,c.169G>A,p.Asp57Asn,NA,0.43449757,0.53499,0.1169,0.37791,VUS,.,1
chrX,40599737,A,G,ATP6AP2,c.734A>G,p.Gln245Arg,NA,0.6380168,0.40909,0.1184,0.25009,VUS,.,1
chrX,40589000,G,A,ATP6AP2,c.52G>A,p.Glu18Lys,NA,0.31295273,0.28162,0.2682,0.47166,VUS,.,1
chrX,40599695,A,T,ATP6AP2,c.692A>T,p.Glu231Val,5.45559689686e-6,0.19758244,0.10527,0.1304,0.23368,VUS,.,1
chrX,40589114,G,A,ATP6AP2,c.166G>A,p.Glu56Lys,NA,0.477323,0.50028,0.2551,0.38491,VUS,.,1
chrX,40591360,G,A,ATP6AP2,c.295G>A,p.Glu99Lys,NA,0.6387901,0.69612,0.2351,0.27355,VUS,.,1
chrX,40588995,G,A,ATP6AP2,c.47G>A,p.Gly16Glu,NA,0.68047374,0.57482,0.461,0.60249,VUS,.,1
chrX,40600789,G,T,ATP6AP2,c.766G>T,p.Gly256Cys,1.09287228694e-5,0.9746933,0.79704,0.1748,0.66576,VUS,.,1
chrX,40589046,G,A,ATP6AP2,c.98G>A,p.Gly33Glu,NA,0.7611807,0.48915,0.4649,0.13583,VUS,.,2
chrX,40597288,C,T,ATP6AP2,c.340C>T,p.His114Tyr,NA,0.5384774,0.49076,0.2346,0.37314,VUS,.,1
chrX,40591274,A,T,ATP6AP2,c.209A>T,p.His70Leu,NA,0.21115583,0.4384,0.0944,0.0475,VUS,.,1
chrX,40589011,A,G,ATP6AP2,c.63A>G,p.Ile21Met,NA,0.2772785,0.67782,0.3573,0.5489,VUS,.,1
chrX,40599669,T,G,ATP6AP2,c.666T>G,p.Ile222Met,NA,0.34493697,0.41286,0.1258,0.46654,VUS,.,1
chrX,40600863,C,G,ATP6AP2,c.840C>G,p.Ile280Met,NA,0.73311764,0.55478,0.2153,0.41737,VUS,.,1
chrX,40600861,A,G,ATP6AP2,c.838A>G,p.Ile280Val,NA,0.15459174,0.12962,0.0969,0.10486,VUS,.,1
chrX,40605669,A,G,ATP6AP2,c.967A>G,p.Ile323Val,NA,0.09034207,0.38986,0.0585,0.04711,VUS,.,1
chrX,40605718,T,C,ATP6AP2,c.1016T>C,p.Ile339Thr,NA,0.99004304,0.93346,0.9856,0.79959,VUS,.,1
chrX,40605717,A,G,ATP6AP2,c.1015A>G,p.Ile339Val,NA,0.6945943,0.50805,0.5853,0.61009,VUS,.,1
chrX,40597264,C,A,ATP6AP2,c.316C>A,p.Leu106Ile,NA,0.26710063,0.26621,0.2059,0.32447,B/LB,.,1
chrX,40597323,G,T,ATP6AP2,c.375G>T,p.Leu125Phe,NA,0.5764568,0.37187,0.7722,0.33634,VUS,.,2
chrX,40597582,T,C,ATP6AP2,c.452T>C,p.Leu151Ser,NA,0.4048581,0.65913,0.8854,0.0836,VUS,.,1
chrX,40597638,C,A,ATP6AP2,c.508C>A,p.Leu170Ile,NA,0.17622335,0.30369,0.0982,0.3098,VUS,.,1
chrX,40589014,A,C,ATP6AP2,c.66A>C,p.Leu22Phe,NA,0.4802834,0.73662,0.2829,0.37314,VUS,.,1
chrX,40600864,C,T,ATP6AP2,c.841C>T,p.Leu281Phe,NA,0.9301764,0.44724,0.1391,0.39695,VUS,.,1
chrX,40581084,C,T,ATP6AP2,c.19C>T,p.Leu7Phe,1.1632415665e-4,0.14008473,0.13305,0.053900000000000003,0.24935,Conflicting,Uncertain_significance(1)|Likely_benign(2),1
chrX,40581084,C,G,ATP6AP2,c.19C>G,p.Leu7Val,NA,0.15553357,0.25016,0.0576,0.26607,VUS,.,1
chrX,40591327,C,G,ATP6AP2,c.262C>G,p.Leu88Val,1.09017966161e-5,0.15100779,0.28162,0.1042,0.28442,VUS,.,1
chrX,40591358,T,C,ATP6AP2,c.293T>C,p.Leu98Ser,NA,0.605313,0.59253,0.8689,0.14074,P/LP,.,0
chrX,40599618,G,C,ATP6AP2,c.615G>C,p.Lys205Asn,5.46218257891e-6,0.8258236,0.32463,0.5696,0.17669,VUS,.,1
chrX,40597538,G,A,ATP6AP2,c.408G>A,p.Met136Ile,NA,0.62312096,0.56024,0.927,0.0873,VUS,.,1
chrX,40600775,T,C,ATP6AP2,c.752T>C,p.Met251Thr,NA,0.9389052,0.66863,0.2548,0.43156,VUS,.,1
chrX,40605644,G,A,ATP6AP2,c.942G>A,p.Met314Ile,NA,0.8830466,0.51265,0.8163,0.29503,VUS,.,1
chrX,40605642,A,T,ATP6AP2,c.940A>T,p.Met314Leu,2.18185785196e-5,0.8550397,0.44373,0.3156,0.40239,Conflicting,Uncertain_significance(1)|Likely_benign(1),1
chrX,40605693,A,G,ATP6AP2,c.991A>G,p.Met331Val,NA,0.92726547,0.85406,0.6609,0.70122,VUS,.,1
chrX,40597299,T,G,ATP6AP2,c.351T>G,p.Phe117Leu,NA,0.46553782,0.55752,0.9853,0.03741,VUS,.,1
chrX,40597313,C,A,ATP6AP2,c.365C>A,p.Pro122His,NA,0.67332494,0.5787,0.9517,0.32121,VUS,.,1
chrX,40597313,C,T,ATP6AP2,c.365C>T,p.Pro122Leu,NA,0.54603153,0.55201,0.8757,0.3155,Conflicting,Likely_pathogenic(1)|Uncertain_significance(1),1
chrX,40597333,C,G,ATP6AP2,c.385C>G,p.Pro129Ala,NA,0.19725613,0.3358,0.5191,0.23953,VUS,.,1
chrX,40589054,C,T,ATP6AP2,c.106C>T,p.Pro36Ser,1.09054821859e-5,0.5831495,0.59007,0.1614,0.02218,VUS,.,1
chrX,40589075,C,T,ATP6AP2,c.127C>T,p.Pro43Ser,NA,0.45884526,0.58254,0.2827,0.12739,VUS,.,1
chrX,40591330,C,T,ATP6AP2,c.265C>T,p.Pro89Ser,NA,0.14283371,0.25558,0.0915,0.11574,VUS,.,1
chrX,40591333,C,G,ATP6AP2,c.268C>G,p.Pro90Ala,0.0428103715397,0.031259436,0.30843,0.0565,0.10224,B/LB,.,2
chrX,40591354,C,T,ATP6AP2,c.289C>T,p.Pro97Ser,NA,0.4517608,0.72705,0.1602,0.1701,VUS,.,1
chrX,40597263,T,G,ATP6AP2,c.315T>G,p.Ser105Arg,3.41195451377e-5,0.649577,0.4053,0.8288,0.37336,VUS,.,2
chrX,40597271,G,A,ATP6AP2,c.323G>A,p.Ser108Asn,NA,0.59984314,0.22779,0.1053,0.30836,VUS,.,1
chrX,40597626,A,T,ATP6AP2,c.496A>T,p.Ser166Cys,9.73340211604e-6,0.40476567,0.25016,0.1468,0.61268,VUS,.,1
chrX,40597630,C,T,ATP6AP2,c.500C>T,p.Ser167Leu,NA,0.4709779,0.31546,0.0786,0.15573,VUS,.,2
chrX,40598700,C,G,ATP6AP2,c.554C>G,p.Ser185Cys,NA,0.67564106,0.66392,0.423,0.7363,VUS,.,1
chrX,40599625,T,C,ATP6AP2,c.622T>C,p.Ser208Pro,NA,0.51109666,0.30843,0.8606,0.28414,VUS,.,1
chrX,40605713,C,A,ATP6AP2,c.1011C>A,p.Ser337Arg,NA,0.9956671,0.89192,0.9988,0.89252,VUS,.,1
chrX,40589106,C,T,ATP6AP2,c.158C>T,p.Ser53Phe,1.64115581133e-5,0.8874669,0.89559,0.8363,0.55395,VUS,.,2
chrX,40591241,C,G,ATP6AP2,c.176C>G,p.Ser59Cys,NA,0.5152326,0.54781,0.2065,0.65438,VUS,.,1
chrX,40591340,G,A,ATP6AP2,c.275G>A,p.Ser92Asn,NA,0.05313479,0.0279,0.0749,0.24102,VUS,.,2
chrX,40591349,C,T,ATP6AP2,c.284C>T,p.Ser95Leu,5.45458512426e-6,0.6474293,0.56294,0.2207,0.50655,VUS,.,1
chrX,40597579,C,T,ATP6AP2,c.449C>T,p.Thr150Ile,NA,0.525354,0.46781,0.9511,0.34615,VUS,.,1
chrX,40597578,A,T,ATP6AP2,c.448A>T,p.Thr150Ser,NA,0.40052316,0.56694,0.6269,0.04638,VUS,.,1
chrX,40600834,A,T,ATP6AP2,c.811A>T,p.Thr271Ser,2.72879589152e-5,0.09179309,0.18881,0.0813,0.03524,VUS,.,1
chrX,40600858,A,G,ATP6AP2,c.835A>G,p.Thr279Ala,NA,0.13900661,0.19811,0.09,0.01931,VUS,.,1
chrX,40605730,C,G,ATP6AP2,c.1028C>G,p.Thr343Arg,NA,0.9921783,0.90056,0.9663,0.77088,VUS,.,1
chrX,40605580,A,G,ATP6AP2,c.878A>G,p.Tyr293Cys,NA,0.94521457,0.66676,0.177,0.56124,VUS,.,1
chrX,40605580,A,C,ATP6AP2,c.878A>C,p.Tyr293Ser,9.77971198748e-6,0.9316168,0.64215,0.2238,0.01379,VUS,.,1
chrX,40597273,G,C,ATP6AP2,c.325G>C,p.Val109Leu,5.45967755144e-6,0.5427662,0.42943,0.5419,0.06168,VUS,.,1
chrX,40581097,T,C,ATP6AP2,c.32T>C,p.Val11Ala,NA,0.07744825,0.17934,0.0626,0.17929,VUS,.,1
chrX,40597558,T,C,ATP6AP2,c.428T>C,p.Val143Ala,NA,0.21264559,0.41098,0.4786,0.23278,VUS,.,1
chrX,40597575,G,T,ATP6AP2,c.445G>T,p.Val149Phe,NA,0.7191692,0.50496,0.6842,0.29907,VUS,.,1
chrX,40597620,G,A,ATP6AP2,c.490G>A,p.Val164Ile,2.43388355328e-5,0.06849357,0.03083,0.0687,0.31266,Conflicting,Uncertain_significance(3)|Likely_benign(2),1
chrX,40598682,T,C,ATP6AP2,c.536T>C,p.Val179Ala,NA,0.03521394,0.10527,0.1117,0.03723,VUS,.,1
chrX,40598711,G,A,ATP6AP2,c.565G>A,p.Val189Met,NA,0.5642239,0.5262,0.6245,0.32033,VUS,.,1
chrX,40600801,G,A,ATP6AP2,c.778G>A,p.Val260Met,NA,0.34530446,0.47777,0.2158,0.531,VUS,.,1
chrX,40605615,G,A,ATP6AP2,c.913G>A,p.Val305Met,2.92740046838e-5,0.9314582,0.74727,0.4193,0.52051,VUS,.,1
chrX,40605663,G,A,ATP6AP2,c.961G>A,p.Val321Met,NA,0.93875116,0.60219,0.4315,0.0126,VUS,.,1
chrX,40589108,G,T,ATP6AP2,c.160G>T,p.Val54Leu,5.47558164366e-6,0.3141179,0.46781,0.458,0.15123,VUS,.,2
chrX,40591291,G,A,ATP6AP2,c.226G>A,p.Val76Ile,4.54132606721e-5,0.0343762379999999,0.20116,0.0661,0.35077,VUS,.,1
chrX,40591297,G,T,ATP6AP2,c.232G>T,p.Val78Leu,NA,0.40505156,0.35528,0.2736,0.32083,VUS,.,2
chrX,40591303,G,C,ATP6AP2,c.238G>C,p.Val80Leu,NA,0.6768662,0.72855,0.5367,0.43836,VUS,.,1
