chrom,pos,ref_base,alt_base,base__gene,base__cchange,base__achange,gnomad__af,VEP_varity_r,VEP_revel__score,VEP_alphamissense__pathogenicity,VEP_esm1b__score,clinvar,conf,stars
chrX,13319477,G,A,ATXN3L,c.458C>T,p.Ala153Val,NA,0.21748292,0.44899,0.1559,0.5166,VUS,.,1
chrX,13319414,G,C,ATXN3L,c.521C>G,p.Ala174Gly,2.20007480254e-5,0.9296101,0.42028,0.5251,0.68817,VUS,.,1
chrX,13319240,G,A,ATXN3L,c.695C>T,p.Ala232Val,1.43565067154e-4,0.19444701,0.54921,0.1692,0.41044,VUS,.,1
chrX,13319474,C,T,ATXN3L,c.461G>A,p.Arg154Gln,2.75240973472e-5,0.111138225,0.4843,0.0688,2e-5,B/LB,.,1
chrX,13319637,G,C,ATXN3L,c.298C>G,p.Gln100Glu,8.85883447268e-5,0.19818988,0.34888,0.1249,0.60071,VUS,.,1
chrX,13319888,T,C,ATXN3L,c.47A>G,p.Gln16Arg,NA,0.7820376,0.545,0.5585,0.79729,VUS,.,1
chrX,13319407,T,A,ATXN3L,c.528A>T,p.Gln176His,NA,0.6576715,0.25287,0.3151,0.61186,VUS,.,1
chrX,13319385,C,T,ATXN3L,c.550G>A,p.Glu184Lys,1.10318655436e-5,0.1700404,0.17934,0.0751,0.0442,VUS,.,1
chrX,13319859,C,T,ATXN3L,c.76G>A,p.Glu26Lys,1.0935176275e-5,0.4294812,0.37795,0.314,0.67387,VUS,.,1
chrX,13319786,T,C,ATXN3L,c.149A>G,p.Glu50Gly,5.46048248823e-6,0.63731617,0.41473,0.4844,0.75559,VUS,.,1
chrX,13319735,T,C,ATXN3L,c.200A>G,p.Glu67Gly,5.47399305898e-6,0.6472268,0.3358,0.0796,1.5e-4,VUS,.,1
chrX,13319628,C,T,ATXN3L,c.307G>A,p.Gly103Ser,2.75830817198e-4,0.07757554,0.11576,0.2095,0.01801,VUS,.,1
chrX,13319157,C,T,ATXN3L,c.778G>A,p.Gly260Arg,5.53014759964e-6,0.042757567,0.04004,0.06,0.28428,B/LB,.,1
chrX,13319718,C,A,ATXN3L,c.217G>T,p.Gly73Cys,NA,0.9661332,0.64926,0.9433,0.86504,VUS,.,1
chrX,13319002,G,T,ATXN3L,c.933C>A,p.His311Gln,2.95470438183e-5,0.077897675,0.08068,0.0721,0.03449,VUS,.,1
chrX,13319822,T,G,ATXN3L,c.113A>C,p.His38Pro,5.46292856675e-6,0.9207775,0.52174,0.855,0.95633,VUS,.,1
chrX,13319429,A,G,ATXN3L,c.506T>C,p.Leu169Pro,NA,0.9165723,0.52916,0.9614,0.78566,VUS,.,1
chrX,13319172,T,C,ATXN3L,c.763A>G,p.Met255Val,1.52798178251e-4,0.6199657,0.4053,0.0882,0.48524,Conflicting,Uncertain_significance(1)|Likely_benign(1),1
chrX,13319574,A,G,ATXN3L,c.361T>C,p.Phe121Leu,5.52498397755e-6,0.7829973,0.61272,0.9172,0.40736,VUS,.,1
chrX,13319370,G,A,ATXN3L,c.565C>T,p.Pro189Ser,3.86874989637e-5,0.32601124,0.47777,0.1105,0.06481,VUS,.,1
chrX,13319100,G,A,ATXN3L,c.835C>T,p.Pro279Ser,1.6590534547e-5,0.11978242,0.21317,0.088,0.08388,VUS,.,1
chrX,13319741,G,T,ATXN3L,c.194C>A,p.Pro65His,NA,0.87457,0.46948,0.4428,0.69808,VUS,.,1
chrX,13319531,G,A,ATXN3L,c.404C>T,p.Ser135Phe,NA,0.8673373,0.73078,0.9714,0.84058,VUS,.,1
chrX,13318986,T,G,ATXN3L,c.949A>C,p.Ser317Arg,NA,0.43081158,0.12272,0.2354,0.46621,VUS,.,1
chrX,13319571,T,C,ATXN3L,c.364A>G,p.Thr122Ala,1.97101620668e-5,0.4850265,0.53644,0.1704,0.54732,VUS,.,1
chrX,13318988,G,A,ATXN3L,c.947C>T,p.Thr316Ile,9.35122205707e-5,0.12786302,0.0877,0.1043,0.44224,Conflicting,Uncertain_significance(1)|Likely_benign(1),1
