chrom,pos,ref_base,alt_base,base__gene,base__cchange,base__achange,gnomad__af,VEP_varity_r,VEP_revel__score,VEP_alphamissense__pathogenicity,VEP_esm1b__score,clinvar,conf,stars
chr20,56386262,G,A,AURKA,c.314C>T,p.Ala105Val,NA,NA,0.20116,0.0662,NA,VUS,.,1
chr20,56370285,C,A,AURKA,c.1085G>T,p.Arg362Ile,NA,NA,0.67962,0.2589,NA,VUS,.,1
chr20,56388190,C,A,AURKA,c.8G>T,p.Arg3Leu,3.00243626257e-5,NA,0.11576,0.1033,NA,VUS,.,1
chr20,56386298,T,C,AURKA,c.278A>G,p.Asn93Ser,3.1843077315e-5,NA,0.17616,0.0595,NA,B/LB,.,1
chr20,56386431,A,C,AURKA,c.145T>G,p.Cys49Gly,7.95266573355e-6,NA,0.34456,0.0981,NA,VUS,.,1
chr20,56386354,C,G,AURKA,c.222G>C,p.Gln74His,1.59054579579e-5,NA,0.32008,0.081,NA,VUS,.,1
chr20,56381491,C,T,AURKA,c.647G>A,p.Gly216Glu,NA,NA,0.87381,0.9583,NA,VUS,.,1
chr20,56373551,T,C,AURKA,c.711A>G,p.Ile237Met,NA,NA,0.43662,0.1103,NA,VUS,.,1
chr20,56386407,T,C,AURKA,c.169A>G,p.Ile57Val,0.849706179771,NA,0.07369,0.0604,NA,B/LB,.,0
chr20,56370546,A,G,AURKA,c.968T>C,p.Leu323Ser,3.97645936059e-6,NA,0.93148,0.9555,NA,VUS,.,1
chr20,56370238,G,C,AURKA,c.1132C>G,p.Leu378Val,NA,NA,0.40909,0.1117,NA,VUS,.,1
chr20,56386387,C,G,AURKA,c.189G>C,p.Lys63Asn,1.06051286402e-5,NA,0.32008,0.1819,NA,VUS,.,1
chr20,56386485,A,T,AURKA,c.91T>A,p.Phe31Ile,0.272495827558,NA,0.14661,0.0579,NA,B/LB,.,2
chr20,56370332,G,T,AURKA,c.1038C>A,p.Phe346Leu,NA,NA,0.17616,0.9214,NA,P/LP,.,0
chr20,56386367,G,A,AURKA,c.209C>T,p.Pro70Leu,4.37396615345e-5,NA,0.35948,0.0713,NA,B/LB,.,1
chr20,56386265,G,A,AURKA,c.311C>T,p.Ser104Leu,9.96931430915e-4,NA,0.23065,0.0595,NA,B/LB,.,0
chr20,56370199,A,G,AURKA,c.1171T>C,p.Ser391Pro,NA,NA,0.18567,0.0515,NA,VUS,.,1
chr20,56370330,G,A,AURKA,c.1040C>T,p.Thr347Ile,1.19323198816e-5,NA,0.17616,0.0985,NA,VUS,.,1
chr20,56381548,T,C,AURKA,c.590A>G,p.Tyr197Cys,NA,NA,0.85196,0.521,NA,VUS,.,1
chr20,56381522,C,T,AURKA,c.616G>A,p.Val206Ile,NA,NA,0.34456,0.2054,NA,VUS,.,1
