chrom,pos,ref_base,alt_base,base__gene,base__cchange,base__achange,gnomad__af,VEP_varity_r,VEP_revel__score,VEP_alphamissense__pathogenicity,VEP_esm1b__score,clinvar,conf,stars
chr19,48956205,G,C,BAX,c.241G>C,p.Ala81Pro,NA,0.8342944,0.4072,0.9651,0.8107,VUS,.,1
chr19,48960840,A,G,BAX,c.400A>G,p.Arg134Gly,6.36567627353e-5,0.6453279,0.45763,0.3134,0.74728000000000006,VUS,.,1
chr19,48956286,G,A,BAX,c.322G>A,p.Gly108Ser,NA,0.9659715,0.87234,0.9973,0.77117,VUS,.,1
chr19,48954935,G,T,BAX,c.7G>T,p.Gly3Trp,2.58881631353e-4,0.32140398,0.32913,0.5027,0.57829,VUS,.,1
chr19,48955799,G,A,BAX,c.199G>A,p.Gly67Arg,NA,0.96658874,0.72099,0.9973,0.89475,P/LP,.,0
chr19,48955796,A,G,BAX,c.196A>G,p.Ile66Val,7.14290816363e-6,0.70487183,0.48592,0.8722,0.42674,VUS,.,1
chr19,48955773,A,G,BAX,c.173A>G,p.Lys58Arg,NA,0.13261981,0.10877,0.0683,0.0456,B/LB,.,1
chr19,48955714,G,C,BAX,c.114G>C,p.Met38Ile,4.79050742529e-5,0.10413423,0.25558,0.1784,0.23488,VUS,.,1
chr19,48956261,G,C,BAX,c.297G>C,p.Met99Ile,2.17300604965e-5,0.8032824,0.42943,0.8992,0.57315,VUS,.,1
chr19,48956242,T,C,BAX,c.278T>C,p.Phe93Ser,NA,0.7834334,0.5709,0.9268,0.81172,VUS,.,1
chr19,48955556,A,G,BAX,c.43A>G,p.Ser15Gly,4.39493703254e-5,0.33880275,0.35528,0.0939,0.18524,VUS,.,1
chr19,48954938,T,C,BAX,c.10T>C,p.Ser4Pro,NA,0.5679023,0.38789,0.1331,0.1534,VUS,.,1
chr19,48956223,T,A,BAX,c.259T>A,p.Ser87Thr,NA,0.51173764,0.50805,0.2059,0.05455,VUS,.,1
chr19,48960844,C,T,BAX,c.404C>T,p.Thr135Ile,NA,0.64473474,0.3739,0.8553,0.63398,VUS,.,1
chr19,48955767,C,A,BAX,c.167C>A,p.Thr56Asn,NA,0.513414,0.2072,0.3175,0.51637,VUS,.,1
chr19,48955767,C,T,BAX,c.167C>T,p.Thr56Ile,NA,0.2583981,0.27141,0.3525,0.39953,VUS,.,1
