chrom,pos,ref_base,alt_base,base__gene,base__cchange,base__achange,gnomad__af,VEP_varity_r,VEP_revel__score,VEP_alphamissense__pathogenicity,VEP_esm1b__score,clinvar,conf,stars
chr16,56511272,C,T,BBS2,c.358G>A,p.Ala120Thr,9.19911122433e-5,NA,0.86485,0.1495,NA,VUS,.,2
chr16,56511265,G,C,BBS2,c.365C>G,p.Ala122Gly,NA,NA,0.85563,0.2154,NA,VUS,.,1
chr16,56511265,G,A,BBS2,c.365C>T,p.Ala122Val,NA,NA,0.75483,0.1342,NA,VUS,.,1
chr16,56511223,G,T,BBS2,c.407C>A,p.Ala136Glu,7.95506976596e-6,NA,0.93543,0.9669,NA,VUS,.,2
chr16,56511223,G,C,BBS2,c.407C>G,p.Ala136Gly,1.19326046489e-5,NA,0.89145,0.2684,NA,VUS,.,1
chr16,56511223,G,A,BBS2,c.407C>T,p.Ala136Val,7.95506976596e-6,NA,0.67142,0.1118,NA,VUS,.,1
chr16,56511202,G,A,BBS2,c.428C>T,p.Ala143Val,NA,NA,0.51569,0.1689,NA,VUS,.,2
chr16,56519805,C,T,BBS2,c.58G>A,p.Ala20Thr,3.18572793883e-5,NA,0.3739,0.0824,NA,VUS,.,1
chr16,56502801,G,A,BBS2,c.812C>T,p.Ala271Val,NA,NA,0.64112,0.2849,NA,VUS,.,1
chr16,56502751,C,T,BBS2,c.862G>A,p.Ala288Thr,NA,NA,0.25016,0.1032,NA,VUS,.,1
chr16,56519765,G,T,BBS2,c.98C>A,p.Ala33Asp,8.05321564901e-6,NA,0.9617,0.9902,NA,Conflicting,Pathogenic(1)|Likely_pathogenic(1)|Uncertain_significance(1),1
chr16,56501470,C,T,BBS2,c.1108G>A,p.Ala370Thr,NA,NA,0.43123,0.0631,NA,VUS,.,1
chr16,56501385,G,C,BBS2,c.1193C>G,p.Ala398Gly,NA,NA,0.72705,0.108,NA,VUS,.,1
chr16,56501011,C,T,BBS2,c.1240G>A,p.Ala414Thr,1.59053314671e-5,NA,0.83471,0.2106,NA,VUS,.,2
chr16,56499851,G,C,BBS2,c.1454C>G,p.Ala485Gly,1.41410713276e-5,NA,0.58126,0.1433,NA,VUS,.,2
chr16,56499851,G,A,BBS2,c.1454C>T,p.Ala485Val,8.48464279654e-5,NA,0.58126,0.0922,NA,VUS,.,2
chr16,56499794,G,A,BBS2,c.1511C>T,p.Ala504Val,0.00632414700018,NA,0.4053,0.1008,NA,B/LB,.,2
chr16,56498511,C,T,BBS2,c.1585G>A,p.Ala529Thr,NA,NA,0.41658,0.0709,NA,VUS,.,1
chr16,56497850,C,A,BBS2,c.1690G>T,p.Ala564Ser,3.6023054755e-5,NA,0.9628,0.2524,NA,VUS,.,1
chr16,56497850,C,T,BBS2,c.1690G>A,p.Ala564Thr,NA,NA,0.96243,0.2698,NA,VUS,.,1
chr16,56497790,C,T,BBS2,c.1750G>A,p.Ala584Thr,NA,NA,0.91668,0.2704,NA,VUS,.,1
chr16,56497789,G,A,BBS2,c.1751C>T,p.Ala584Val,2.12476627571e-5,NA,0.84613,0.2588,NA,VUS,.,2
chr16,56496986,C,T,BBS2,c.1891G>A,p.Ala631Thr,2.82833425254e-5,NA,0.92419,0.2918,NA,VUS,.,2
chr16,56485616,G,A,BBS2,c.2033C>T,p.Ala678Val,NA,NA,0.75004,0.3141,NA,VUS,.,1
chr16,56485605,C,T,BBS2,c.2044G>A,p.Ala682Thr,3.97772474145e-6,NA,0.97852,0.3461,NA,VUS,.,2
chr16,56484826,C,G,BBS2,c.2101G>C,p.Ala701Pro,NA,NA,0.99058,0.998,NA,VUS,.,1
chr16,56514559,G,A,BBS2,c.239C>T,p.Ala80Val,NA,NA,0.59497,0.1297,NA,VUS,.,1
chr16,56514526,G,T,BBS2,c.272C>A,p.Ala91Asp,NA,NA,0.52023,0.5311,NA,VUS,.,1
chr16,56519814,G,C,BBS2,c.49C>G,p.Arg17Gly,4.00634605215e-6,NA,0.66582,0.1162,NA,VUS,.,1
chr16,56510003,C,T,BBS2,c.566G>A,p.Arg189Gln,7.95766522102e-6,NA,0.96317,0.6501,NA,VUS,.,1
chr16,56510003,C,A,BBS2,c.566G>T,p.Arg189Leu,2.82949465226e-5,NA,0.98563,0.925,NA,VUS,.,1
chr16,56506136,C,T,BBS2,c.701G>A,p.Arg234Gln,2.38802168324e-5,NA,0.92746,0.9123,NA,VUS,.,1
chr16,56506127,C,T,BBS2,c.710G>A,p.Arg237Lys,7.96019900498e-6,NA,0.9366,0.9328,NA,VUS,.,2
chr16,56519795,C,A,BBS2,c.68G>T,p.Arg23Leu,4.01303433552e-6,NA,0.53208,0.1658,NA,VUS,.,1
chr16,56519795,C,G,BBS2,c.68G>C,p.Arg23Pro,NA,NA,0.77271,0.7918,NA,VUS,.,2
chr16,56502798,C,T,BBS2,c.815G>A,p.Arg272Gln,2.47591290446e-5,NA,0.84506,0.9891,NA,VUS,.,1
chr16,56502798,C,G,BBS2,c.815G>C,p.Arg272Pro,NA,NA,0.85718,0.999,NA,VUS,.,1
chr16,56502789,C,T,BBS2,c.824G>A,p.Arg275Gln,1.19338387977e-5,NA,0.68407,0.1099,NA,VUS,.,1
chr16,56502721,G,A,BBS2,c.892C>T,p.Arg298Trp,1.02544518465e-4,NA,0.92908,0.232,NA,VUS,.,2
chr16,56502453,C,T,BBS2,c.944G>A,p.Arg315Gln,NA,NA,0.95802,0.3316,NA,P/LP,.,2
chr16,56502454,G,A,BBS2,c.943C>T,p.Arg315Trp,2.12237621241e-5,NA,0.97776,0.5597,NA,P/LP,.,2
chr16,56502423,C,T,BBS2,c.974G>A,p.Arg325Lys,NA,NA,0.52916,0.0625,NA,VUS,.,2
chr16,56502340,G,A,BBS2,c.1057C>T,p.Arg353Cys,1.76798393256e-5,NA,0.79947,0.1594,NA,VUS,.,1
chr16,56501457,C,T,BBS2,c.1121G>A,p.Arg374Gln,2.38585664183e-5,NA,0.45247,0.0822,NA,VUS,.,2
chr16,56501458,G,A,BBS2,c.1120C>T,p.Arg374Trp,3.18196603074e-5,NA,0.48915,0.119,NA,VUS,.,2
chr16,56501371,G,A,BBS2,c.1207C>T,p.Arg403Cys,6.71805388586e-5,NA,0.80605,0.0598,NA,Conflicting,Likely_pathogenic(1)|Uncertain_significance(4),1
chr16,56501370,C,T,BBS2,c.1208G>A,p.Arg403His,4.77163738737e-5,NA,0.52916,0.0594,NA,VUS,.,2
chr16,56501370,C,A,BBS2,c.1208G>T,p.Arg403Leu,3.97636448947e-6,NA,0.5709,0.1039,NA,VUS,.,2
chr16,56501370,C,G,BBS2,c.1208G>C,p.Arg403Pro,3.97636448947e-6,NA,0.70844,0.7897,NA,VUS,.,1
chr16,56501013,C,T,BBS2,c.1238G>A,p.Arg413Gln,1.02523492021e-4,NA,0.91371,0.1539,NA,Conflicting,Uncertain_significance(2)|Likely_benign(1),1
chr16,56500859,T,G,BBS2,c.1392A>C,p.Arg464Ser,NA,NA,0.83691,0.2938,NA,VUS,.,1
chr16,56499866,C,T,BBS2,c.1439G>A,p.Arg480Gln,7.07058565661e-6,NA,0.94765,0.1475,NA,VUS,.,2
chr16,56514655,C,T,BBS2,c.143G>A,p.Arg48Gln,7.96508108453e-6,NA,0.44549,0.0819,NA,VUS,.,1
chr16,56514656,G,A,BBS2,c.142C>T,p.Arg48Trp,NA,NA,0.74866,0.12,NA,VUS,.,1
chr16,56499788,C,T,BBS2,c.1517G>A,p.Arg506Gln,3.97664911639e-6,NA,0.95286,0.1641,NA,VUS,.,1
chr16,56499789,G,A,BBS2,c.1516C>T,p.Arg506Trp,2.82813427982e-5,NA,0.95949,0.2644,NA,VUS,.,2
chr16,56498480,C,T,BBS2,c.1616G>A,p.Arg539Gln,2.4757552822e-5,NA,0.94877,0.3084,NA,VUS,.,2
chr16,56498481,G,A,BBS2,c.1615C>T,p.Arg539Trp,1.59143173156e-5,NA,0.98744,0.4413,NA,VUS,.,2
chr16,56497012,C,T,BBS2,c.1865G>A,p.Arg622Gln,1.41419712494e-5,NA,0.96539,0.2061,NA,VUS,.,2
chr16,56496983,G,A,BBS2,c.1894C>T,p.Arg632Cys,6.01050778184e-5,NA,0.99315,0.5244,NA,Conflicting,Likely_pathogenic(1)|Uncertain_significance(3),1
chr16,56496982,C,T,BBS2,c.1895G>A,p.Arg632His,1.98832455819e-5,NA,0.98851,0.5864,NA,VUS,.,2
chr16,56496982,C,G,BBS2,c.1895G>C,p.Arg632Pro,1.1313257016e-4,NA,0.99124,0.988,NA,P/LP,.,2
chr16,56485722,G,A,BBS2,c.1927C>T,p.Arg643Cys,8.49491367044e-5,NA,0.89192,0.1507,NA,VUS,.,2
chr16,56485721,C,T,BBS2,c.1928G>A,p.Arg643His,3.89319893539e-5,NA,0.89786,0.1069,NA,VUS,.,2
chr16,56485668,G,A,BBS2,c.1981C>T,p.Arg661Cys,1.76852172806e-5,NA,0.98563,0.2677,NA,VUS,.,1
chr16,56485668,G,C,BBS2,c.1981C>G,p.Arg661Gly,NA,NA,0.98636,0.7662,NA,VUS,.,1
chr16,56485667,C,T,BBS2,c.1982G>A,p.Arg661His,3.58092085369e-5,NA,0.98816,0.2828,NA,VUS,.,2
chr16,56485668,G,T,BBS2,c.1981C>A,p.Arg661Ser,NA,NA,0.98599,0.8831,NA,VUS,.,1
chr16,56485598,C,T,BBS2,c.2051G>A,p.Arg684His,2.82875428733e-5,NA,0.63055,0.0877,NA,VUS,.,2
chr16,56485592,C,T,BBS2,c.2057G>A,p.Arg686Gln,2.12170075533e-5,NA,0.96022,0.8201,NA,VUS,.,2
chr16,56485593,G,A,BBS2,c.2056C>T,p.Arg686Trp,2.7844294704e-5,NA,0.97248,0.7888,NA,VUS,.,2
chr16,56484832,G,A,BBS2,c.2095C>T,p.Arg699Trp,1.06097793873e-5,NA,0.98526,0.7897,NA,VUS,.,2
chr16,56484819,C,T,BBS2,c.2108G>A,p.Arg703Gln,NA,NA,0.67326,0.1115,NA,VUS,.,1
chr16,56484819,C,A,BBS2,c.2108G>T,p.Arg703Leu,NA,NA,0.84613,0.3056,NA,VUS,.,1
chr16,56484783,C,T,BBS2,c.2144G>A,p.Arg715Gln,1.98902060625e-5,NA,0.77783,0.0983,NA,VUS,.,2
chr16,56514478,T,C,BBS2,c.320A>G,p.Asn107Ser,1.06063284426e-5,NA,0.50959,0.0849,NA,VUS,.,2
chr16,56511208,T,A,BBS2,c.422A>T,p.Asn141Ile,NA,NA,0.94238,0.4414,NA,VUS,.,1
chr16,56511208,T,C,BBS2,c.422A>G,p.Asn141Ser,1.34353476927e-4,NA,0.86786,0.1159,NA,VUS,.,2
chr16,56511187,T,C,BBS2,c.443A>G,p.Asn148Ser,2.38661585827e-5,NA,0.68757,0.0695,NA,VUS,.,1
chr16,56510908,T,C,BBS2,c.485A>G,p.Asn162Ser,3.97633286678e-6,NA,0.4542,0.1004,NA,VUS,.,2
chr16,56510901,A,C,BBS2,c.492T>G,p.Asn164Lys,NA,NA,0.01968,0.1457,NA,VUS,.,2
chr16,56506169,T,C,BBS2,c.668A>G,p.Asn223Ser,3.53721861426e-5,NA,0.93306,0.2659,NA,VUS,.,1
chr16,56506029,T,C,BBS2,c.725A>G,p.Asn242Ser,1.06145093266e-4,NA,0.71714,0.2462,NA,VUS,.,2
chr16,56502763,T,G,BBS2,c.850A>C,p.Asn284His,NA,NA,0.82912,0.1324,NA,VUS,.,0
chr16,56502762,T,A,BBS2,c.851A>T,p.Asn284Ile,NA,NA,0.93699,0.1632,NA,VUS,.,1
chr16,56502762,T,C,BBS2,c.851A>G,p.Asn284Ser,1.41436714142e-5,NA,0.76222,0.0641,NA,VUS,.,1
chr16,56502335,G,C,BBS2,c.1062C>G,p.Asn354Lys,NA,NA,0.81135,0.8841,NA,P/LP,.,2
chr16,56501439,T,C,BBS2,c.1139A>G,p.Asn380Ser,1.1929188338e-5,NA,0.79583,0.0789,NA,VUS,.,2
chr16,56501355,T,C,BBS2,c.1223A>G,p.Asn408Ser,1.98819805634e-5,NA,0.8743,0.1179,NA,VUS,.,2
chr16,56500944,T,C,BBS2,c.1307A>G,p.Asn436Ser,NA,NA,0.601,0.0622,NA,VUS,.,2
chr16,56514666,A,T,BBS2,c.132T>A,p.Asn44Lys,NA,NA,0.68844,0.7602,NA,VUS,.,1
chr16,56514653,T,C,BBS2,c.145A>G,p.Asn49Asp,NA,NA,0.4384,0.0866,NA,VUS,.,1
chr16,56498513,T,C,BBS2,c.1583A>G,p.Asn528Ser,NA,NA,0.53208,0.0713,NA,VUS,.,1
chr16,56497871,T,G,BBS2,c.1669A>C,p.Asn557His,3.18897888896e-5,NA,0.68052,0.0523,NA,VUS,.,0
chr16,56485697,T,C,BBS2,c.1952A>G,p.Asn651Ser,NA,NA,0.95175,0.3896,NA,VUS,.,1
chr16,56485658,T,C,BBS2,c.1991A>G,p.Asn664Ser,NA,NA,0.95655,0.1508,NA,VUS,.,1
chr16,56485636,G,T,BBS2,c.2013C>A,p.Asn671Lys,NA,NA,0.67326,0.3248,NA,VUS,.,1
chr16,56484812,A,T,BBS2,c.2115T>A,p.Asn705Lys,NA,NA,0.8882,0.3443,NA,VUS,.,1
chr16,56484813,T,C,BBS2,c.2114A>G,p.Asn705Ser,3.97766145328e-6,NA,0.89053,0.0842,NA,VUS,.,1
chr16,56484810,T,A,BBS2,c.2117A>T,p.Asn706Ile,NA,NA,0.94877,0.5724,NA,VUS,.,1
chr16,56514487,T,G,BBS2,c.311A>C,p.Asp104Ala,4.37438360958e-5,NA,0.95839,0.7781,NA,P/LP,.,2
chr16,56511277,T,A,BBS2,c.353A>T,p.Asp118Val,3.98063817591e-6,NA,0.97738,0.6956,NA,VUS,.,1
chr16,56510911,T,C,BBS2,c.482A>G,p.Asp161Gly,3.97645936059e-6,NA,0.98003,0.5315,NA,VUS,.,2
chr16,56510885,C,T,BBS2,c.508G>A,p.Asp170Asn,NA,NA,0.84613,0.2718,NA,Conflicting,Likely_pathogenic(1)|Uncertain_significance(1),1
chr16,56510884,T,C,BBS2,c.509A>G,p.Asp170Gly,NA,NA,0.9706,0.7523,NA,P/LP,.,0
chr16,56510871,A,T,BBS2,c.522T>A,p.Asp174Glu,1.1929188338e-5,NA,0.86986,0.733,NA,P/LP,.,2
chr16,56509988,T,C,BBS2,c.581A>G,p.Asp194Gly,7.95601912627e-6,NA,0.96799,0.4552,NA,VUS,.,2
chr16,56505990,T,G,BBS2,c.764A>C,p.Asp255Ala,3.18369945877e-5,NA,0.93699,0.9152,NA,VUS,.,1
chr16,56505990,T,A,BBS2,c.764A>T,p.Asp255Val,NA,NA,0.94691,0.9472,NA,VUS,.,0
chr16,56502715,C,A,BBS2,c.898G>T,p.Asp300Tyr,1.06061784525e-5,NA,0.87527,0.4599,NA,VUS,.,1
chr16,56502409,C,T,BBS2,c.988G>A,p.Asp330Asn,1.59108989658e-5,NA,0.72705,0.1175,NA,VUS,.,1
chr16,56502391,C,T,BBS2,c.1006G>A,p.Asp336Asn,NA,NA,0.71321,0.169,NA,VUS,.,1
chr16,56501466,T,A,BBS2,c.1112A>T,p.Asp371Val,NA,NA,0.82061,0.1028,NA,VUS,.,2
chr16,56500903,C,T,BBS2,c.1348G>A,p.Asp450Asn,NA,NA,0.8131,0.3494,NA,VUS,.,1
chr16,56499836,T,C,BBS2,c.1469A>G,p.Asp490Gly,NA,NA,0.68495,0.0855,NA,VUS,.,1
chr16,56497865,C,T,BBS2,c.1675G>A,p.Asp559Asn,NA,NA,0.91626,0.0834,NA,VUS,.,1
chr16,56497843,T,C,BBS2,c.1697A>G,p.Asp566Gly,NA,NA,0.98079,0.4334,NA,VUS,.,1
chr16,56497787,C,G,BBS2,c.1753G>C,p.Asp585His,NA,NA,0.68052,0.2165,NA,VUS,.,0
chr16,56497030,T,A,BBS2,c.1847A>T,p.Asp616Val,3.97702868233e-6,NA,0.9899,0.2951,NA,VUS,.,2
chr16,56496989,C,T,BBS2,c.1888G>A,p.Asp630Asn,NA,NA,0.96947,0.61,NA,VUS,.,1
chr16,56485692,C,G,BBS2,c.1957G>C,p.Asp653His,3.58183294331e-5,NA,0.94803,0.4671,NA,VUS,.,1
chr16,56514604,T,A,BBS2,c.194A>T,p.Asp65Val,1.06097043429e-5,NA,0.89786,0.3288,NA,VUS,.,2
chr16,56514530,C,T,BBS2,c.268G>A,p.Asp90Asn,NA,NA,0.87283,0.2791,NA,VUS,.,1
chr16,56514529,T,C,BBS2,c.269A>G,p.Asp90Gly,NA,NA,0.98378,0.6229,NA,P/LP,.,2
chr16,56511205,C,T,BBS2,c.425G>A,p.Cys142Tyr,3.1847133758e-5,NA,0.96096,0.8342,NA,VUS,.,2
chr16,56510888,A,G,BBS2,c.505T>C,p.Cys169Arg,NA,NA,0.86786,0.7644,NA,VUS,.,2
chr16,56500926,C,T,BBS2,c.1325G>A,p.Cys442Tyr,NA,NA,0.6104,0.0808,NA,VUS,.,1
chr16,56498494,A,C,BBS2,c.1602T>G,p.Cys534Trp,1.19337438541e-5,NA,0.80723,0.2487,NA,VUS,.,2
chr16,56498495,C,T,BBS2,c.1601G>A,p.Cys534Tyr,NA,NA,0.74935,0.1219,NA,VUS,.,2
chr16,56502702,T,C,BBS2,c.911A>G,p.Gln304Arg,NA,NA,0.95249,0.686,NA,VUS,.,1
chr16,56499782,T,G,BBS2,c.1523A>C,p.Gln508Pro,2.54515889568e-4,NA,0.91668,0.0905,NA,Conflicting,Uncertain_significance(1)|Likely_benign(1),1
chr16,56497797,T,A,BBS2,c.1743A>T,p.Gln581His,NA,NA,0.69273,0.2008,NA,VUS,.,0
chr16,56514581,G,C,BBS2,c.217C>G,p.Gln73Glu,1.80316508507e-4,NA,0.69946,0.0787,NA,B/LB,.,1
chr16,56510017,C,G,BBS2,c.552G>C,p.Glu184Asp,NA,NA,0.81831,0.191,NA,VUS,.,1
chr16,56499791,T,C,BBS2,c.1514A>G,p.Glu505Gly,3.53499289466e-5,NA,0.92087,0.2823,NA,VUS,.,2
chr16,56497073,C,T,BBS2,c.1804G>A,p.Glu602Lys,NA,NA,0.91456,0.1832,NA,VUS,.,2
chr16,56496992,C,T,BBS2,c.1885G>A,p.Glu629Lys,3.57926887468e-5,NA,0.99189,0.8284,NA,VUS,.,2
chr16,56485650,C,G,BBS2,c.1999G>C,p.Glu667Gln,1.19335539715e-5,NA,0.84237,0.161,NA,VUS,.,2
chr16,56511214,C,T,BBS2,c.416G>A,p.Gly139Asp,NA,NA,0.9974,0.9927,NA,P/LP,.,1
chr16,56511214,C,A,BBS2,c.416G>T,p.Gly139Val,NA,NA,0.99346,0.9586,NA,P/LP,.,0
chr16,56511179,C,T,BBS2,c.451G>A,p.Gly151Arg,NA,NA,0.97323,0.9559,NA,VUS,.,1
chr16,56510025,C,G,BBS2,c.544G>C,p.Gly182Arg,NA,NA,0.99253,0.9971,NA,VUS,.,1
chr16,56506184,C,T,BBS2,c.653G>A,p.Gly218Asp,7.07628947685e-6,NA,0.84506,0.9979,NA,Conflicting,Likely_pathogenic(1)|Uncertain_significance(2),1
chr16,56519798,C,T,BBS2,c.65G>A,p.Gly22Glu,NA,NA,0.94503,0.9863,NA,VUS,.,0
chr16,56505988,C,T,BBS2,c.766G>A,p.Gly256Arg,NA,NA,0.90011,0.4944,NA,VUS,.,2
chr16,56519787,C,T,BBS2,c.76G>A,p.Gly26Arg,NA,NA,0.92212,0.5332,NA,VUS,.,1
chr16,56502784,C,T,BBS2,c.829G>A,p.Gly277Arg,3.97762980995e-6,NA,0.9706,0.9961,NA,VUS,.,0
chr16,56502783,C,A,BBS2,c.830G>T,p.Gly277Val,NA,NA,0.977,0.9978,NA,VUS,.,1
chr16,56502742,C,T,BBS2,c.871G>A,p.Gly291Ser,1.09603377198e-4,NA,0.94914,0.2086,NA,VUS,.,2
chr16,56502450,C,T,BBS2,c.947G>A,p.Gly316Asp,NA,NA,0.98489,0.9926,NA,VUS,.,1
chr16,56502451,C,A,BBS2,c.946G>T,p.Gly316Cys,NA,NA,0.98851,0.6707,NA,VUS,.,1
chr16,56502420,C,T,BBS2,c.977G>A,p.Gly326Asp,NA,NA,0.84074,0.1966,NA,VUS,.,1
chr16,56501455,C,G,BBS2,c.1123G>C,p.Gly375Arg,NA,NA,0.92948,0.7385,NA,VUS,.,1
chr16,56519751,C,G,BBS2,c.112G>C,p.Gly38Arg,NA,NA,0.86027,0.5354,NA,VUS,.,1
chr16,56519750,C,T,BBS2,c.113G>A,p.Gly38Asp,4.02378863843e-6,NA,0.64926,0.2988,NA,VUS,.,2
chr16,56519751,C,T,BBS2,c.112G>A,p.Gly38Ser,4.99942863673e-5,NA,0.68319,0.1491,NA,VUS,.,2
chr16,56501403,C,T,BBS2,c.1175G>A,p.Gly392Glu,3.97630124458e-6,NA,0.72328,0.1545,NA,VUS,.,1
chr16,56498553,C,A,BBS2,c.1543G>T,p.Gly515Cys,3.98530220547e-6,NA,0.65126,0.0995,NA,VUS,.,2
chr16,56498553,C,T,BBS2,c.1543G>A,p.Gly515Ser,4.25094760707e-5,NA,0.55615,0.0643,NA,VUS,.,2
chr16,56498475,C,G,BBS2,c.1621G>C,p.Gly541Arg,NA,NA,0.63269,0.1027,NA,VUS,.,0
chr16,56498474,C,A,BBS2,c.1622G>T,p.Gly541Val,7.95690540035e-6,NA,0.70924,0.1653,NA,VUS,.,1
chr16,56498472,C,A,BBS2,c.1624G>T,p.Gly542Cys,3.97851601353e-6,NA,0.82403,0.1285,NA,VUS,.,2
chr16,56498472,C,T,BBS2,c.1624G>A,p.Gly542Ser,3.97851601353e-6,NA,0.5913,0.0802,NA,VUS,.,0
chr16,56496998,C,T,BBS2,c.1879G>A,p.Gly627Arg,4.95003995389e-5,NA,0.4542,0.0697,NA,VUS,.,2
chr16,56484777,C,T,BBS2,c.2150G>A,p.Gly717Glu,NA,NA,0.98154,0.9352,NA,VUS,.,1
chr16,56514557,C,A,BBS2,c.241G>T,p.Gly81Cys,1.06061784525e-5,NA,0.98041,0.5075,NA,P/LP,.,2
chr16,56514556,C,A,BBS2,c.242G>T,p.Gly81Val,NA,NA,0.98041,0.7354,NA,VUS,.,0
chr16,56519828,T,C,BBS2,c.35A>G,p.His12Arg,6.37186185803e-5,NA,0.90413,0.226,NA,VUS,.,1
chr16,56511184,T,A,BBS2,c.446A>T,p.His149Leu,NA,NA,0.35738,0.0917,NA,VUS,.,0
chr16,56506011,T,A,BBS2,c.743A>T,p.His248Leu,NA,NA,0.66769,0.1659,NA,VUS,.,1
chr16,56501460,T,C,BBS2,c.1118A>G,p.His373Arg,3.97639611268e-6,NA,0.52023,0.066,NA,VUS,.,2
chr16,56501428,G,T,BBS2,c.1150C>A,p.His384Asn,NA,NA,0.66392,0.0745,NA,VUS,.,1
chr16,56500960,G,A,BBS2,c.1291C>T,p.His431Tyr,NA,NA,0.92623,0.2155,NA,VUS,.,1
chr16,56500947,T,C,BBS2,c.1304A>G,p.His435Arg,NA,NA,0.64112,0.0718,NA,VUS,.,1
chr16,56514646,T,C,BBS2,c.152A>G,p.His51Arg,NA,NA,0.48105,0.0616,NA,VUS,.,1
chr16,56498523,G,C,BBS2,c.1573C>G,p.His525Asp,3.18451054073e-5,NA,0.42761,0.0573,NA,VUS,.,1
chr16,56498462,T,G,BBS2,c.1634A>C,p.His545Pro,NA,NA,0.58381,0.3975,NA,VUS,.,2
chr16,56497067,G,A,BBS2,c.1810C>T,p.His604Tyr,NA,NA,0.89468,0.1417,NA,VUS,.,1
chr16,56497028,G,A,BBS2,c.1849C>T,p.His617Tyr,NA,NA,0.71714,0.1195,NA,VUS,.,1
chr16,56511263,T,C,BBS2,c.367A>G,p.Ile123Val,0.214429779555,NA,0.43123,0.0561,NA,Conflicting,Uncertain_significance(1)|Benign(9),1
chr16,56511217,A,C,BBS2,c.413T>G,p.Ile138Ser,NA,NA,0.94579,0.3599,NA,Conflicting,Pathogenic(1)|Uncertain_significance(1),1
chr16,56519802,T,C,BBS2,c.61A>G,p.Ile21Val,3.18593092902e-5,NA,0.12618,0.0518,NA,VUS,.,2
chr16,56502775,T,C,BBS2,c.838A>G,p.Ile280Val,NA,NA,0.64008,0.0882,NA,VUS,.,1
chr16,56502748,T,C,BBS2,c.865A>G,p.Ile289Val,0.00808259378425,NA,0.60574,0.0486,NA,B/LB,.,2
chr16,56502697,T,C,BBS2,c.916A>G,p.Ile306Val,NA,NA,0.60691,0.1252,NA,VUS,.,1
chr16,56502673,T,C,BBS2,c.940A>G,p.Ile314Val,NA,NA,0.55888,0.0795,NA,VUS,.,1
chr16,56500987,T,C,BBS2,c.1264A>G,p.Ile422Val,NA,NA,0.5534,0.1137,NA,VUS,.,1
chr16,56514672,A,C,BBS2,c.126T>G,p.Ile42Met,7.99153252731e-4,NA,0.87722,0.2648,NA,Conflicting,Uncertain_significance(1)|Likely_benign(1),1
chr16,56500918,T,G,BBS2,c.1333A>C,p.Ile445Leu,3.97639611268e-6,NA,0.3402,0.0801,NA,VUS,.,1
chr16,56500918,T,C,BBS2,c.1333A>G,p.Ile445Val,4.37403572394e-5,NA,0.39182,0.0602,NA,VUS,.,2
chr16,56499819,T,C,BBS2,c.1486A>G,p.Ile496Val,5.96487879366e-5,NA,0.53499,0.0526,NA,VUS,.,2
chr16,56497878,G,C,BBS2,c.1662C>G,p.Ile554Met,8.09126952019e-6,NA,0.80723,0.0832,NA,VUS,.,1
chr16,56497879,A,C,BBS2,c.1661T>G,p.Ile554Ser,1.21317998738e-5,NA,0.94162,0.653,NA,VUS,.,1
chr16,56497874,T,C,BBS2,c.1666A>G,p.Ile556Val,4.2960247451e-5,NA,0.51417,0.0624,NA,Conflicting,Uncertain_significance(1)|Likely_benign(2),1
chr16,56497858,A,G,BBS2,c.1682T>C,p.Ile561Thr,4.62920099991e-5,NA,0.90369,0.1645,NA,VUS,.,2
chr16,56497840,A,G,BBS2,c.1700T>C,p.Ile567Thr,2.39708514446e-5,NA,0.94653,0.5369,NA,VUS,.,1
chr16,56485614,T,C,BBS2,c.2035A>G,p.Ile679Val,NA,NA,0.82686,0.231,NA,VUS,.,1
chr16,56484843,A,G,BBS2,c.2084T>C,p.Ile695Thr,3.97870596567e-6,NA,0.9617,0.6909,NA,VUS,.,1
chr16,56484823,T,C,BBS2,c.2104A>G,p.Ile702Val,3.18240765051e-5,NA,0.87035,0.1445,NA,VUS,.,2
chr16,56511256,A,G,BBS2,c.374T>C,p.Leu125Pro,NA,NA,0.96465,0.5851,NA,VUS,.,1
chr16,56511247,A,G,BBS2,c.383T>C,p.Leu128Ser,NA,NA,0.96096,0.736,NA,VUS,.,1
chr16,56511226,A,T,BBS2,c.404T>A,p.Leu135His,NA,NA,0.98744,0.691,NA,VUS,.,1
chr16,56510890,A,G,BBS2,c.503T>C,p.Leu168Ser,NA,NA,0.98229,0.7217,NA,VUS,.,1
chr16,56506176,G,A,BBS2,c.661C>T,p.Leu221Phe,NA,NA,0.69946,0.9725,NA,VUS,.,1
chr16,56506175,A,G,BBS2,c.662T>C,p.Leu221Pro,NA,NA,0.90011,0.9981,NA,VUS,.,2
chr16,56519859,G,T,BBS2,c.4C>A,p.Leu2Met,NA,NA,0.79643,0.1505,NA,VUS,.,1
chr16,56502700,A,C,BBS2,c.913T>G,p.Leu305Val,NA,NA,0.79094,0.1826,NA,VUS,.,1
chr16,56502414,A,T,BBS2,c.983T>A,p.Leu328His,NA,NA,0.84074,0.1406,NA,VUS,.,1
chr16,56502414,A,G,BBS2,c.983T>C,p.Leu328Pro,1.06079786143e-5,NA,0.89422,0.2242,NA,VUS,.,1
chr16,56502351,A,C,BBS2,c.1046T>G,p.Leu349Trp,1.76780890693e-5,NA,0.98708,0.4997,NA,VUS,.,1
chr16,56502349,G,C,BBS2,c.1048C>G,p.Leu350Val,3.97728176655e-6,NA,0.7835,0.1266,NA,VUS,.,0
chr16,56519855,A,T,BBS2,c.8T>A,p.Leu3Gln,NA,NA,0.52916,0.078,NA,VUS,.,1
chr16,56519855,A,G,BBS2,c.8T>C,p.Leu3Pro,NA,NA,0.75687,0.2396,NA,VUS,.,2
chr16,56500942,G,C,BBS2,c.1309C>G,p.Leu437Val,1.19289986003e-5,NA,0.82686,0.0886,NA,VUS,.,1
chr16,56498556,G,A,BBS2,c.1540C>T,p.Leu514Phe,NA,NA,0.91583,0.2155,NA,VUS,.,1
chr16,56498541,G,C,BBS2,c.1555C>G,p.Leu519Val,3.97740832074e-6,NA,0.85301,0.147,NA,VUS,.,2
chr16,56498447,A,G,BBS2,c.1649T>C,p.Leu550Pro,NA,NA,0.53931,0.0482,NA,VUS,.,1
chr16,56497801,A,T,BBS2,c.1739T>A,p.Leu580His,3.98368283511e-6,NA,0.96428,0.8777,NA,VUS,.,0
chr16,56497049,G,A,BBS2,c.1828C>T,p.Leu610Phe,NA,NA,0.95286,0.381,NA,VUS,.,0
chr16,56497003,A,G,BBS2,c.1874T>C,p.Leu625Pro,NA,NA,0.97852,0.9643,NA,VUS,.,1
chr16,56514614,G,C,BBS2,c.184C>G,p.Leu62Val,1.41493749514e-5,NA,0.50341,0.0696,NA,VUS,.,2
chr16,56485685,A,G,BBS2,c.1964T>C,p.Leu655Pro,NA,NA,0.9628,0.8939,NA,VUS,.,1
chr16,56485643,A,C,BBS2,c.2006T>G,p.Leu669Trp,NA,NA,0.93385,0.5078,NA,VUS,.,1
chr16,56514596,G,A,BBS2,c.202C>T,p.Leu68Phe,NA,NA,0.601,0.1031,NA,VUS,.,0
chr16,56484798,A,G,BBS2,c.2129T>C,p.Leu710Pro,NA,NA,0.98886,0.985,NA,VUS,.,1
chr16,56514539,G,A,BBS2,c.259C>T,p.Leu87Phe,7.07063565014e-6,NA,0.54074,0.0792,NA,VUS,.,1
chr16,56519840,A,G,BBS2,c.23T>C,p.Leu8Pro,NA,NA,0.99253,0.9437,NA,P/LP,.,1
chr16,56514519,T,A,BBS2,c.279A>T,p.Leu93Phe,NA,NA,0.05988,0.1264,NA,VUS,.,1
chr16,56510866,T,C,BBS2,c.527A>G,p.Lys176Arg,1.59059639412e-5,NA,0.4542,0.0727,NA,VUS,.,1
chr16,56506146,T,C,BBS2,c.691A>G,p.Lys231Glu,1.98978048742e-5,NA,0.29158,0.193,NA,VUS,.,1
chr16,56506033,T,C,BBS2,c.721A>G,p.Lys241Glu,NA,NA,0.97022,0.9865,NA,VUS,.,1
chr16,56506032,T,G,BBS2,c.722A>C,p.Lys241Thr,6.72366446791e-5,NA,0.96096,0.9711,NA,VUS,.,2
chr16,56502364,T,G,BBS2,c.1033A>C,p.Lys345Gln,7.95475336287e-6,NA,0.86936,0.5189,NA,VUS,.,1
chr16,56519747,T,C,BBS2,c.116A>G,p.Lys39Arg,8.04932627139e-6,NA,0.85563,0.1066,NA,VUS,.,2
chr16,56519746,C,G,BBS2,c.117G>C,p.Lys39Asn,NA,NA,0.85872,0.7527,NA,B/LB,.,0
chr16,56519748,T,G,BBS2,c.115A>C,p.Lys39Gln,NA,NA,0.87868,0.271,NA,VUS,.,1
chr16,56500905,T,C,BBS2,c.1346A>G,p.Lys449Arg,3.97661748916e-6,NA,0.89145,0.0759,NA,VUS,.,0
chr16,56500906,T,C,BBS2,c.1345A>G,p.Lys449Glu,NA,NA,0.95802,0.5765,NA,VUS,.,1
chr16,56506201,C,T,BBS2,c.636G>A,p.Met212Ile,NA,NA,0.45247,0.3389,NA,VUS,.,1
chr16,56506202,A,G,BBS2,c.635T>C,p.Met212Thr,1.2741378334e-4,NA,0.71321,0.5642,NA,VUS,.,2
chr16,56506203,T,C,BBS2,c.634A>G,p.Met212Val,NA,NA,0.26093,0.0882,NA,VUS,.,1
chr16,56502716,C,G,BBS2,c.897G>C,p.Met299Ile,1.59077351362e-5,NA,0.49555,0.6742,NA,VUS,.,1
chr16,56502427,T,A,BBS2,c.970A>T,p.Met324Leu,1.02548144586e-4,NA,0.53499,0.0823,NA,VUS,.,2
chr16,56502411,A,G,BBS2,c.986T>C,p.Met329Thr,3.5799237874e-5,NA,0.74518,0.1199,NA,VUS,.,2
chr16,56499857,A,G,BBS2,c.1448T>C,p.Met483Thr,NA,NA,0.9691,0.3353,NA,VUS,.,1
chr16,56499858,T,C,BBS2,c.1447A>G,p.Met483Val,3.97664911639e-6,NA,0.91837,0.2154,NA,VUS,.,2
chr16,56497827,C,T,BBS2,c.1713G>A,p.Met571Ile,2.83748315244e-5,NA,0.55888,0.2711,NA,VUS,.,2
chr16,56497036,A,G,BBS2,c.1841T>C,p.Met614Thr,1.19314656612e-5,NA,0.98636,0.3513,NA,VUS,.,1
chr16,56497037,T,C,BBS2,c.1840A>G,p.Met614Val,NA,NA,0.90235,0.1323,NA,VUS,.,1
chr16,56496975,C,A,BBS2,c.1902G>T,p.Met634Ile,NA,NA,0.77142,0.5884,NA,VUS,.,1
chr16,56496968,T,A,BBS2,c.1909A>T,p.Met637Leu,1.06054285654e-5,NA,0.56428,0.1265,NA,VUS,.,2
chr16,56485730,A,G,BBS2,c.1919T>C,p.Met640Thr,NA,NA,0.9789,0.4716,NA,VUS,.,1
chr16,56485714,C,A,BBS2,c.1935G>T,p.Met645Ile,3.18451054073e-5,NA,0.57221,0.2133,NA,VUS,.,0
chr16,56485715,A,G,BBS2,c.1934T>C,p.Met645Thr,1.59242008042e-5,NA,0.5913,0.0939,NA,VUS,.,2
chr16,56514464,A,G,BBS2,c.334T>C,p.Phe112Leu,7.9552596199e-6,NA,0.99346,0.9643,NA,VUS,.,2
chr16,56506187,A,C,BBS2,c.650T>G,p.Phe217Cys,NA,NA,0.98816,0.9366,NA,P/LP,.,1
chr16,56506186,A,C,BBS2,c.651T>G,p.Phe217Leu,NA,NA,0.9536,0.9879,NA,VUS,.,1
chr16,56506188,A,C,BBS2,c.649T>G,p.Phe217Val,NA,NA,0.97852,0.8503,NA,VUS,.,1
chr16,56500984,A,G,BBS2,c.1267T>C,p.Phe423Leu,7.95241276203e-6,NA,0.98154,0.9878,NA,VUS,.,1
chr16,56498505,A,T,BBS2,c.1591T>A,p.Phe531Ile,1.06087288621e-5,NA,0.68844,0.1439,NA,VUS,.,1
chr16,56511229,G,C,BBS2,c.401C>G,p.Pro134Arg,3.18190134515e-5,NA,0.98452,0.1516,NA,P/LP,.,2
chr16,56511230,G,A,BBS2,c.400C>T,p.Pro134Ser,7.9545635331e-6,NA,0.87965,0.1218,NA,VUS,.,1
chr16,56506205,G,A,BBS2,c.632C>T,p.Pro211Leu,NA,NA,0.47777,0.1329,NA,VUS,.,1
chr16,56519777,G,A,BBS2,c.86C>T,p.Pro29Leu,2.00919407207e-5,NA,0.75211,0.3311,NA,VUS,.,2
chr16,56500957,G,C,BBS2,c.1294C>G,p.Pro432Ala,NA,NA,0.89877,0.4789,NA,VUS,.,1
chr16,56514665,G,T,BBS2,c.133C>A,p.Pro45Thr,NA,NA,0.86686,0.4741,NA,VUS,.,1
chr16,56498534,G,A,BBS2,c.1562C>T,p.Pro521Leu,NA,NA,0.80007,0.0973,NA,VUS,.,1
chr16,56497781,G,A,BBS2,c.1759C>T,p.Pro587Ser,7.96457357673e-6,NA,0.92294,0.3858,NA,VUS,.,1
chr16,56514472,G,A,BBS2,c.326C>T,p.Ser109Leu,7.42590012518e-5,NA,0.77464,0.1106,NA,VUS,.,2
chr16,56506035,G,A,BBS2,c.719C>T,p.Ser240Leu,1.59307966195e-5,NA,0.86283,0.9699,NA,VUS,.,2
chr16,56506035,G,C,BBS2,c.719C>G,p.Ser240Trp,3.98269915487e-6,NA,0.90369,0.9885,NA,VUS,.,1
chr16,56502687,G,A,BBS2,c.926C>T,p.Ser309Leu,NA,NA,0.95323,0.3972,NA,VUS,.,1
chr16,56502402,C,T,BBS2,c.995G>A,p.Ser332Asn,3.2531824611e-4,NA,0.545,0.0892,NA,B/LB,.,1
chr16,56502403,T,A,BBS2,c.994A>T,p.Ser332Cys,7.95551277258e-6,NA,0.50028,0.0856,NA,VUS,.,0
chr16,56502403,T,C,BBS2,c.994A>G,p.Ser332Gly,NA,NA,0.61157,0.0586,NA,VUS,.,1
chr16,56501409,C,A,BBS2,c.1169G>T,p.Ser390Ile,NA,NA,0.27654,0.0966,NA,VUS,.,1
chr16,56501364,G,C,BBS2,c.1214C>G,p.Ser405Cys,NA,NA,0.88348,0.0862,NA,VUS,.,1
chr16,56501358,G,A,BBS2,c.1220C>T,p.Ser407Phe,1.1929188338e-5,NA,0.87135,0.5007,NA,VUS,.,2
chr16,56500972,T,C,BBS2,c.1279A>G,p.Ser427Gly,3.97620638102e-6,NA,0.96022,0.3833,NA,VUS,.,0
chr16,56500954,T,C,BBS2,c.1297A>G,p.Ser433Gly,1.19288088687e-5,NA,0.65522,0.0646,NA,VUS,.,1
chr16,56500935,C,A,BBS2,c.1316G>T,p.Ser439Ile,NA,NA,0.77783,0.3669,NA,VUS,.,1
chr16,56499884,G,A,BBS2,c.1421C>T,p.Ser474Leu,7.95361452012e-6,NA,0.6251,0.0446,NA,VUS,.,1
chr16,56514639,A,C,BBS2,c.159T>G,p.Ser53Arg,3.9795926489e-6,NA,0.35103,0.1363,NA,VUS,.,2
chr16,56498444,C,G,BBS2,c.1652G>C,p.Ser551Thr,NA,NA,0.48268,0.0713,NA,VUS,.,1
chr16,56497025,A,C,BBS2,c.1852T>G,p.Ser618Ala,NA,NA,0.89238,0.106,NA,VUS,.,1
chr16,56485725,T,G,BBS2,c.1924A>C,p.Ser642Arg,7.07814269536e-6,NA,0.57352,0.1304,NA,VUS,.,1
chr16,56514589,C,T,BBS2,c.209G>A,p.Ser70Asn,0.994363986083,NA,0.59007,0.0573,NA,B/LB,.,2
chr16,56514571,C,G,BBS2,c.227G>C,p.Ser76Thr,NA,NA,0.20419,0.0686,NA,VUS,.,1
chr16,56511250,G,C,BBS2,c.380C>G,p.Thr127Arg,1.06082787007e-5,NA,0.59375,0.072,NA,VUS,.,2
chr16,56511160,G,A,BBS2,c.470C>T,p.Thr157Met,8.84436048198e-5,NA,0.93699,0.1582,NA,VUS,.,2
chr16,56506218,T,C,BBS2,c.619A>G,p.Thr207Ala,7.97289216663e-6,NA,0.83024,0.1335,NA,VUS,.,1
chr16,56506217,G,A,BBS2,c.620C>T,p.Thr207Ile,NA,NA,0.76222,0.2121,NA,VUS,.,1
chr16,56506163,G,C,BBS2,c.674C>G,p.Thr225Arg,NA,NA,0.96022,0.9923,NA,VUS,.,1
chr16,56502786,G,C,BBS2,c.827C>G,p.Thr276Ser,7.95570264766e-6,NA,0.56294,0.1587,NA,VUS,.,2
chr16,56519784,T,G,BBS2,c.79A>C,p.Thr27Pro,NA,NA,0.56294,0.2297,NA,P/LP,.,2
chr16,56502435,G,T,BBS2,c.962C>A,p.Thr321Lys,NA,NA,0.11227,0.0998,NA,VUS,.,2
chr16,56502435,G,A,BBS2,c.962C>T,p.Thr321Met,3.97797791427e-5,NA,0.39377,0.0713,NA,Conflicting,Uncertain_significance(2)|Likely_benign(1),1
chr16,56502405,G,T,BBS2,c.992C>A,p.Thr331Asn,NA,NA,0.6601,0.0946,NA,VUS,.,1
chr16,56502405,G,A,BBS2,c.992C>T,p.Thr331Ile,NA,NA,0.59619,0.117,NA,VUS,.,1
chr16,56502405,G,C,BBS2,c.992C>G,p.Thr331Ser,NA,NA,0.55201,0.0789,NA,VUS,.,1
chr16,56519754,T,C,BBS2,c.109A>G,p.Thr37Ala,4.02158788376e-6,NA,0.43123,0.0447,NA,VUS,.,1
chr16,56501436,G,A,BBS2,c.1142C>T,p.Thr381Ile,1.19292832091e-5,NA,0.91285,0.9215,NA,VUS,.,2
chr16,56501424,G,A,BBS2,c.1154C>T,p.Thr385Ile,NA,NA,0.92004,0.2237,NA,VUS,.,0
chr16,56501421,G,A,BBS2,c.1157C>T,p.Thr386Met,2.10742290013e-4,NA,0.65424,0.0773,NA,VUS,.,2
chr16,56501388,G,A,BBS2,c.1190C>T,p.Thr397Ile,NA,NA,0.34888,0.0752,NA,VUS,.,2
chr16,56501388,G,C,BBS2,c.1190C>G,p.Thr397Ser,NA,NA,0.44373,0.075,NA,VUS,.,2
chr16,56501361,G,T,BBS2,c.1217C>A,p.Thr406Asn,NA,NA,0.90677,0.8459,NA,VUS,.,1
chr16,56501361,G,C,BBS2,c.1217C>G,p.Thr406Ser,NA,NA,0.89605,0.4437,NA,VUS,.,0
chr16,56514658,G,A,BBS2,c.140C>T,p.Thr47Ile,NA,NA,0.12272,0.0947,NA,VUS,.,0
chr16,56499845,G,A,BBS2,c.1460C>T,p.Thr487Ile,1.19300422323e-5,NA,0.36365,0.1036,NA,VUS,.,0
chr16,56497867,G,A,BBS2,c.1673C>T,p.Thr558Ile,NA,NA,0.98563,0.6189,NA,Conflicting,Likely_pathogenic(1)|Uncertain_significance(1),1
chr16,56484840,G,A,BBS2,c.2087C>T,p.Thr696Ile,3.97851601353e-6,NA,0.6442,0.1467,NA,VUS,.,1
chr16,56484802,T,A,BBS2,c.2125A>T,p.Thr709Ser,4.95003995389e-5,NA,0.38195,0.0881,NA,VUS,.,2
chr16,56514563,T,G,BBS2,c.235A>C,p.Thr79Pro,NA,NA,0.85459,0.5919,NA,VUS,.,1
chr16,56514511,G,T,BBS2,c.287C>A,p.Thr96Lys,NA,NA,0.81544,0.8057,NA,VUS,.,1
chr16,56511164,A,C,BBS2,c.466T>G,p.Trp156Gly,3.97851601353e-6,NA,0.98489,0.9453,NA,VUS,.,1
chr16,56506131,A,G,BBS2,c.706T>C,p.Trp236Arg,NA,NA,0.99463,0.9996,NA,VUS,.,1
chr16,56514491,A,G,BBS2,c.307T>C,p.Tyr103His,7.9537410421e-6,NA,0.98921,0.8538,NA,VUS,.,1
chr16,56514481,T,C,BBS2,c.317A>G,p.Tyr106Cys,7.9538043046e-6,NA,0.55478,0.0712,NA,VUS,.,1
chr16,56506152,A,C,BBS2,c.685T>G,p.Tyr229Asp,NA,NA,0.99376,0.9972,NA,VUS,.,1
chr16,56506152,A,G,BBS2,c.685T>C,p.Tyr229His,2.47614061649e-5,NA,0.98708,0.9769,NA,Conflicting,Likely_pathogenic(1)|Uncertain_significance(3),1
chr16,56502723,T,A,BBS2,c.890A>T,p.Tyr297Phe,3.1841049481e-5,NA,0.84074,0.1959,NA,VUS,.,1
chr16,56502447,T,C,BBS2,c.950A>G,p.Tyr317Cys,NA,NA,0.97248,0.7557,NA,P/LP,.,1
chr16,56502447,T,G,BBS2,c.950A>C,p.Tyr317Ser,NA,NA,0.98041,0.9616,NA,P/LP,.,1
chr16,56502333,T,C,BBS2,c.1064A>G,p.Tyr355Cys,NA,NA,0.91626,0.4287,NA,VUS,.,0
chr16,56502333,T,A,BBS2,c.1064A>T,p.Tyr355Phe,NA,NA,0.8336,0.2187,NA,VUS,.,1
chr16,56499813,A,T,BBS2,c.1492T>A,p.Tyr498Asn,3.97652261051e-6,NA,0.64215,0.0922,NA,VUS,.,1
chr16,56497069,T,C,BBS2,c.1808A>G,p.Tyr603Cys,1.59091270662e-5,NA,0.76554,0.0971,NA,VUS,.,2
chr16,56485706,T,C,BBS2,c.1943A>G,p.Tyr648Cys,2.12288684305e-5,NA,0.92087,0.1111,NA,VUS,.,2
chr16,56485706,T,A,BBS2,c.1943A>T,p.Tyr648Phe,NA,NA,0.66582,0.1351,NA,VUS,.,1
chr16,56485676,T,C,BBS2,c.1973A>G,p.Tyr658Cys,1.59160903716e-5,NA,0.97549,0.255,NA,VUS,.,2
chr16,56485676,T,A,BBS2,c.1973A>T,p.Tyr658Phe,7.95804518578e-6,NA,0.93148,0.1955,NA,VUS,.,1
chr16,56514532,T,C,BBS2,c.266A>G,p.Tyr89Cys,4.17548157221e-4,NA,0.6562,0.054,NA,Conflicting,Uncertain_significance(1)|Benign(2),1
chr16,56514533,A,G,BBS2,c.265T>C,p.Tyr89His,NA,NA,0.23632,0.0992,NA,VUS,.,1
chr16,56510001,C,T,BBS2,c.568G>A,p.Val190Ile,NA,NA,0.32913,0.0998,NA,VUS,.,0
chr16,56519808,C,G,BBS2,c.55G>C,p.Val19Leu,NA,NA,0.55201,0.487,NA,VUS,.,1
chr16,56519808,C,T,BBS2,c.55G>A,p.Val19Met,NA,NA,0.71084,0.4528,NA,VUS,.,1
chr16,56506154,A,T,BBS2,c.683T>A,p.Val228Asp,NA,NA,0.98154,0.9968,NA,VUS,.,0
chr16,56505984,A,T,BBS2,c.770T>A,p.Val257Glu,NA,NA,0.92212,0.465,NA,VUS,.,1
chr16,56502807,A,G,BBS2,c.806T>C,p.Val269Ala,NA,NA,0.83802,0.5929,NA,VUS,.,1
chr16,56502807,A,C,BBS2,c.806T>G,p.Val269Gly,3.98257226377e-6,NA,0.95433,0.8223,NA,P/LP,.,0
chr16,56502735,A,G,BBS2,c.878T>C,p.Val293Ala,3.88895959725e-5,NA,0.65226,0.1336,NA,VUS,.,2
chr16,56514679,A,C,BBS2,c.119T>G,p.Val40Gly,NA,NA,0.98599,0.8418,NA,VUS,.,1
chr16,56514680,C,A,BBS2,c.118G>T,p.Val40Phe,NA,NA,0.96354,0.7621,NA,Conflicting,Likely_pathogenic(3)|Uncertain_significance(4),1
chr16,56500870,C,T,BBS2,c.1381G>A,p.Val461Met,6.01063528879e-5,NA,0.97097,0.6735,NA,VUS,.,2
chr16,56498567,A,G,BBS2,c.1529T>C,p.Val510Ala,NA,NA,0.57612,0.1783,NA,VUS,.,1
chr16,56498568,C,A,BBS2,c.1528G>T,p.Val510Phe,NA,NA,0.85511,0.1563,NA,P/LP,.,0
chr16,56498562,C,A,BBS2,c.1534G>T,p.Val512Leu,NA,NA,0.4053,0.0745,NA,VUS,.,1
chr16,56514643,A,T,BBS2,c.155T>A,p.Val52Asp,NA,NA,0.37187,0.1013,NA,VUS,.,1
chr16,56498498,A,T,BBS2,c.1598T>A,p.Val533Glu,7.95576594137e-6,NA,0.94276,0.4552,NA,VUS,.,1
chr16,56497796,C,T,BBS2,c.1744G>A,p.Val582Ile,NA,NA,0.75889,0.2201,NA,VUS,.,1
chr16,56497754,C,A,BBS2,c.1786G>T,p.Val596Leu,NA,NA,0.69102,0.2081,NA,VUS,.,1
chr16,56497754,C,T,BBS2,c.1786G>A,p.Val596Met,1.41576883326e-5,NA,0.77077,0.1439,NA,VUS,.,2
chr16,56497061,C,A,BBS2,c.1816G>T,p.Val606Leu,NA,NA,0.91328,0.3104,NA,VUS,.,1
chr16,56485590,C,G,BBS2,c.2059G>C,p.Val687Leu,1.19333640949e-5,NA,0.90545,0.5274,NA,VUS,.,1
chr16,56514574,A,G,BBS2,c.224T>C,p.Val75Ala,NA,NA,0.91753,0.614,NA,VUS,.,1
chr16,56514574,A,C,BBS2,c.224T>G,p.Val75Gly,3.97677563032e-6,NA,0.97248,0.8022,NA,P/LP,.,2
chr16,56514554,C,T,BBS2,c.244G>A,p.Val82Ile,7.95336148823e-6,NA,0.54358,0.0644,NA,VUS,.,0
