chrom,pos,ref_base,alt_base,base__gene,base__cchange,base__achange,gnomad__af,VEP_varity_r,VEP_revel__score,VEP_alphamissense__pathogenicity,VEP_esm1b__score,clinvar,conf,stars
chr3,15644340,G,C,BTD,c.424G>C,p.Ala142Pro,NA,0.98847884,0.9691,0.9675,0.94336,P/LP,.,1
chr3,15644341,C,T,BTD,c.425C>T,p.Ala142Val,3.98108189882e-6,0.94415814,0.98267,0.749,0.65083,P/LP,.,2
chr3,15644367,G,A,BTD,c.451G>A,p.Ala151Thr,3.07733665356e-4,0.91704893,0.92664,0.2799,0.67788,Conflicting,Pathogenic(18)|Uncertain_significance(1),1
chr3,15644565,G,A,BTD,c.649G>A,p.Ala217Thr,1.76765891254e-5,0.210591,0.86636,0.2682,0.62351,P/LP,.,2
chr3,15635503,G,C,BTD,c.64G>C,p.Ala22Pro,NA,0.25856268,0.75889,0.0953,0.44861,VUS,.,1
chr3,15644667,G,T,BTD,c.751G>T,p.Ala251Ser,7.95399409814e-6,0.7083865,0.84986,0.2384,0.64277,Conflicting,Likely_pathogenic(1)|Uncertain_significance(1),1
chr3,15644698,C,T,BTD,c.782C>T,p.Ala261Val,NA,0.85809845,0.88157,0.7899,0.74508,P/LP,.,1
chr3,15644721,G,C,BTD,c.805G>C,p.Ala269Pro,NA,0.912365,0.9706,0.914,0.76738,P/LP,.,1
chr3,15644722,C,T,BTD,c.806C>T,p.Ala269Val,NA,0.6350424,0.94579,0.7423,0.73762,P/LP,.,2
chr3,15644751,G,C,BTD,c.835G>C,p.Ala279Pro,7.95557606326e-6,0.8839506,0.95433,0.9527,0.65352,P/LP,.,2
chr3,15644752,C,T,BTD,c.836C>T,p.Ala279Val,NA,0.47100425,0.89559,0.6041,0.69972,Conflicting,Pathogenic(1)|Uncertain_significance(1),1
chr3,15644860,C,T,BTD,c.944C>T,p.Ala315Val,7.96222719419e-6,0.30451372,0.84019,0.1958,0.52433,VUS,.,1
chr3,15635542,G,A,BTD,c.103G>A,p.Ala35Thr,NA,0.03754253,0.35316,0.0727,0.37207,VUS,.,1
chr3,15645172,C,A,BTD,c.1256C>A,p.Ala419Asp,NA,0.8560136,0.96502,0.9413,0.84944,P/LP,.,2
chr3,15645288,G,C,BTD,c.1372G>C,p.Ala458Pro,1.59081147293e-5,0.84663415,0.98378,0.9137,0.18016,P/LP,.,2
chr3,15645288,G,A,BTD,c.1372G>A,p.Ala458Thr,7.95405736466e-6,0.33551368,0.93425,0.352,0.1951,Conflicting,Pathogenic(1)|Likely_pathogenic(2)|Uncertain_significance(2),1
chr3,15645454,C,T,BTD,c.1538C>T,p.Ala513Val,2.89687137891e-5,0.12717658,0.73152,0.2454,0.45042,VUS,.,2
chr3,15645457,C,T,BTD,c.1541C>T,p.Ala514Val,NA,0.13707827,0.78786,0.3129,0.51577,P/LP,.,0
chr3,15635603,C,A,BTD,c.164C>A,p.Ala55Asp,NA,0.10424318,0.82289,0.1099,0.39386,VUS,.,1
chr3,15635602,G,T,BTD,c.163G>T,p.Ala55Ser,NA,0.04978274,0.59981,0.0772,0.2532,VUS,.,1
chr3,15635624,C,T,BTD,c.185C>T,p.Ala62Val,7.95519633425e-6,0.95952797,0.93306,0.6302,0.74734,Conflicting,Pathogenic(2)|Likely_pathogenic(1)|Uncertain_significance(2),1
chr3,15635677,G,A,BTD,c.238G>A,p.Ala80Thr,NA,0.59890205,0.95765,0.3301,0.73972,P/LP,.,1
chr3,15635678,C,T,BTD,c.239C>T,p.Ala80Val,NA,0.7769056,0.96022,0.32,0.63878,Conflicting,Likely_pathogenic(1)|Uncertain_significance(1),1
chr3,15641962,A,G,BTD,c.304A>G,p.Arg102Gly,NA,0.93429494,0.96428,0.8992,0.86928,Conflicting,Pathogenic(1)|Uncertain_significance(2),1
chr3,15642040,C,T,BTD,c.382C>T,p.Arg128Cys,1.52126229392e-4,0.66982573,0.7772,0.1757,0.65942,Conflicting,Likely_pathogenic(1)|Uncertain_significance(2),1
chr3,15642040,C,G,BTD,c.382C>G,p.Arg128Gly,NA,0.555573,0.70764,0.2658,0.62747,VUS,.,1
chr3,15642041,G,A,BTD,c.383G>A,p.Arg128His,5.66023051289e-5,0.5584857,0.82175,0.1043,0.44277,Conflicting,Likely_pathogenic(4)|Uncertain_significance(2),1
chr3,15644325,C,T,BTD,c.409C>T,p.Arg137Cys,2.12755395122e-5,0.8097876,0.92868,0.3622,0.82941,P/LP,.,2
chr3,15644326,G,A,BTD,c.410G>A,p.Arg137His,1.0278803689e-4,0.556592,0.83582,0.1377,0.54789,P/LP,.,2
chr3,15644410,G,A,BTD,c.494G>A,p.Arg165Lys,NA,0.06938269,0.62729,0.0759,0.13176,VUS,.,1
chr3,15644481,C,T,BTD,c.565C>T,p.Arg189Cys,5.30286425375e-5,0.7734262,0.91413,0.1343,0.77885,Conflicting,Pathogenic(2)|Likely_pathogenic(5)|Uncertain_significance(2),1
chr3,15644482,G,A,BTD,c.566G>A,p.Arg189His,2.47475747377e-5,0.29126477,0.94989,0.0854,0.62627,P/LP,.,2
chr3,15644487,C,T,BTD,c.571C>T,p.Arg191Cys,2.12119069504e-5,0.74960464,0.96243,0.3465,0.76732,Conflicting,Pathogenic(4)|Uncertain_significance(1),1
chr3,15644488,G,A,BTD,c.572G>A,p.Arg191His,3.53534282219e-5,0.070504576,0.794,0.1297,0.13038,Conflicting,Pathogenic(1)|Likely_pathogenic(2)|Uncertain_significance(1),1
chr3,15645241,G,A,BTD,c.1325G>A,p.Arg442Lys,NA,0.051236548,0.49555,0.0685,0.06011,VUS,.,1
chr3,15645468,C,T,BTD,c.1552C>T,p.Arg518Cys,7.34473235795e-5,0.8489044,0.98955,0.8335,0.68613,P/LP,.,2
chr3,15645469,G,A,BTD,c.1553G>A,p.Arg518His,4.16174193871e-6,0.7863556,0.99315,0.6754,0.53365,P/LP,.,2
chr3,15645469,G,T,BTD,c.1553G>T,p.Arg518Leu,NA,0.8512583,0.99405,0.9198,0.42064,Conflicting,Pathogenic(1)|Uncertain_significance(1),1
chr3,15645468,C,A,BTD,c.1552C>A,p.Arg518Ser,3.32079732344e-5,0.93649936,0.9878,0.9834,0.68472,P/LP,.,2
chr3,15645481,G,T,BTD,c.1565G>T,p.Arg522Met,8.42623254717e-6,0.16780639,0.77012,0.1988,0.38972,VUS,.,1
chr3,15635614,C,T,BTD,c.175C>T,p.Arg59Cys,3.97762980995e-6,0.65838075,0.93464,0.7114,0.81559,P/LP,.,2
chr3,15635615,G,A,BTD,c.176G>A,p.Arg59His,3.97781967748e-6,0.23066047,0.89376,0.3029,0.49448,Conflicting,Pathogenic(2)|Likely_pathogenic(2)|Uncertain_significance(1),1
chr3,15635453,G,T,BTD,c.14G>T,p.Arg5Ile,NA,0.14192289,0.6442,0.1392,0.13647,VUS,.,1
chr3,15644371,A,G,BTD,c.455A>G,p.Asn152Ser,3.97861098733e-6,0.7689518,0.92746,0.2383,0.62674,VUS,.,2
chr3,15644439,A,G,BTD,c.523A>G,p.Asn175Asp,NA,0.96953773,0.95286,0.9259,0.69127,Conflicting,Pathogenic(1)|Likely_pathogenic(2)|Uncertain_significance(1),1
chr3,15644440,A,G,BTD,c.524A>G,p.Asn175Ser,3.97687052105e-6,0.8090315,0.94914,0.359,0.71244,P/LP,.,1
chr3,15644461,A,T,BTD,c.545A>T,p.Asn182Ile,NA,0.38739592,0.63904,0.1988,0.65726,Conflicting,Pathogenic(1)|Likely_pathogenic(2)|Uncertain_significance(1),1
chr3,15644461,A,G,BTD,c.545A>G,p.Asn182Ser,3.88893209925e-5,0.021334846,0.37795,0.0506,0.02628,VUS,.,2
chr3,15644497,A,G,BTD,c.581A>G,p.Asn194Ser,5.65694850056e-5,0.7788342,0.95581,0.2393,0.71151,Conflicting,Pathogenic(1)|Likely_pathogenic(3)|Uncertain_significance(3),1
chr3,15644741,C,A,BTD,c.825C>A,p.Asn275Lys,NA,0.623722,0.78786,0.8683,0.76933,VUS,.,1
chr3,15644754,A,C,BTD,c.838A>C,p.Asn280His,3.97785132383e-6,0.83100015,0.97928,0.7741,0.74887,P/LP,.,1
chr3,15644902,A,C,BTD,c.986A>C,p.Asn329Thr,6.01259107307e-5,0.045083173,0.21907,0.0952,0.2617,VUS,.,2
chr3,15645060,A,G,BTD,c.1144A>G,p.Asn382Asp,3.97797791427e-5,0.12061182,0.75755,0.1893,0.29961,VUS,.,1
chr3,15645061,A,G,BTD,c.1145A>G,p.Asn382Ser,1.73275904748e-4,0.06104966,0.75551,0.1179,0.36479,VUS,.,2
chr3,15645115,A,G,BTD,c.1199A>G,p.Asn400Ser,1.19351681665e-5,0.0474809859999999,0.62068,0.0646,0.39655,VUS,.,1
chr3,15645322,A,G,BTD,c.1406A>G,p.Asn469Ser,NA,0.07454804,0.6978,0.1198,0.29271,P/LP,.,2
chr3,15645322,A,C,BTD,c.1406A>C,p.Asn469Thr,1.59081147293e-5,0.066686235,0.68407,0.2436,0.39356,Conflicting,Likely_pathogenic(1)|Uncertain_significance(2),1
chr3,15641954,A,G,BTD,c.296A>G,p.Asn99Ser,3.98485754134e-6,0.2636936,0.75551,0.1354,0.42692,VUS,.,1
chr3,15642050,A,G,BTD,c.392A>G,p.Asp131Gly,3.97975102678e-6,0.72025126,0.88773,0.2362,0.57842,VUS,.,1
chr3,15644352,G,A,BTD,c.436G>A,p.Asp146Asn,3.97946595567e-6,0.06317672,0.48268,0.0645,0.02512,VUS,.,1
chr3,15644422,A,G,BTD,c.506A>G,p.Asp169Gly,3.97709195037e-6,0.8734428,0.91668,0.5288,0.74348,VUS,.,1
chr3,15644520,G,A,BTD,c.604G>A,p.Asp202Asn,1.13126970884e-4,0.15082146,0.92623,0.1475,0.37045,Conflicting,Uncertain_significance(3)|Likely_benign(2),1
chr3,15644522,T,A,BTD,c.606T>A,p.Asp202Glu,NA,0.5579552,0.76023,0.7596,0.58038,VUS,.,1
chr3,15644520,G,C,BTD,c.604G>C,p.Asp202His,NA,0.72485214,0.8743,0.7798,0.70516,P/LP,.,1
chr3,15644539,A,G,BTD,c.623A>G,p.Asp208Gly,NA,0.8990145,0.96391,0.4619,0.60783,P/LP,.,0
chr3,15644538,G,T,BTD,c.622G>T,p.Asp208Tyr,3.97655423622e-6,0.7881174,0.94728,0.6278,0.76155,Conflicting,Pathogenic(2)|Likely_pathogenic(2)|Uncertain_significance(1),1
chr3,15644611,A,G,BTD,c.695A>G,p.Asp232Gly,4.95010996316e-5,0.41871968,0.80842,0.2453,0.69013,P/LP,.,2
chr3,15644635,A,C,BTD,c.719A>C,p.Asp240Ala,3.97712358514e-6,0.2570413,0.624,0.1335,0.50724,VUS,.,1
chr3,15644828,C,G,BTD,c.912C>G,p.Asp304Glu,3.18369945877e-5,0.15795825,0.6562,0.275,0.25054,VUS,.,2
chr3,15644959,A,C,BTD,c.1043A>C,p.Asp348Ala,3.18451054073e-5,0.082078345,0.50496,0.0874,0.21268,VUS,.,2
chr3,15644958,G,A,BTD,c.1042G>A,p.Asp348Asn,2.82839424987e-5,0.045124434,0.46781,0.0682,0.22122,VUS,.,2
chr3,15645187,A,G,BTD,c.1271A>G,p.Asp424Gly,NA,0.38452888,0.90146,0.3247,0.64488,P/LP,.,1
chr3,15645186,G,C,BTD,c.1270G>C,p.Asp424His,0.0318389138352,0.3162185,0.92212,0.3312,0.6423,Conflicting,Pathogenic(36)|Likely_pathogenic(3)|Uncertain_significance(1),1
chr3,15645186,G,T,BTD,c.1270G>T,p.Asp424Tyr,3.1847133758e-5,0.56616396,0.90633,0.4053,0.77665,P/LP,.,2
chr3,15645262,A,G,BTD,c.1346A>G,p.Asp449Gly,2.38646397633e-5,0.09076203,0.48592,0.0899,0.15218,Conflicting,Uncertain_significance(1)|Likely_benign(1),1
chr3,15645384,G,A,BTD,c.1468G>A,p.Asp490Asn,NA,0.122345865,0.73372,0.1158,0.30176,VUS,.,1
chr3,15645485,C,A,BTD,c.1569C>A,p.Asp523Glu,6.34759426177e-5,0.5581193,0.87576,0.4102,0.20954,P/LP,.,2
chr3,15645484,A,G,BTD,c.1568A>G,p.Asp523Gly,NA,0.7806205,0.95765,0.304,0.26853,P/LP,.,1
chr3,15645484,A,T,BTD,c.1568A>T,p.Asp523Val,7.46329922606e-6,0.8814281,0.94691,0.4966,0.27126,Conflicting,Likely_pathogenic(1)|Uncertain_significance(1),1
chr3,15641909,A,G,BTD,c.251A>G,p.Asp84Gly,NA,0.15590994,0.65026,0.0425,0.00413,VUS,.,1
chr3,15642027,C,G,BTD,c.369C>G,p.Cys123Trp,NA,0.93060267,0.95323,0.9417,0.91867,VUS,.,2
chr3,15635477,G,T,BTD,c.38G>T,p.Cys13Phe,1.23782510592e-4,0.031215305,0.66676,0.0719,0.24876,VUS,.,2
chr3,15644335,G,T,BTD,c.419G>T,p.Cys140Phe,3.98273087891e-6,0.98508483,0.97738,0.8777,0.86005,Conflicting,Pathogenic(1)|Uncertain_significance(1),1
chr3,15644335,G,C,BTD,c.419G>C,p.Cys140Ser,3.98273087891e-6,0.97236824,0.89877,0.9382,0.80658,P/LP,.,1
chr3,15644335,G,A,BTD,c.419G>A,p.Cys140Tyr,NA,0.98964465,0.98003,0.9006,0.74342,P/LP,.,2
chr3,15644412,T,C,BTD,c.496T>C,p.Cys166Arg,NA,0.9830536,0.96022,0.9564,0.85311,P/LP,.,1
chr3,15644412,T,G,BTD,c.496T>G,p.Cys166Gly,NA,0.9731318,0.96502,0.875,0.94475,P/LP,.,2
chr3,15644414,C,G,BTD,c.498C>G,p.Cys166Trp,NA,0.97092515,0.91962,0.9311,0.88302,VUS,.,1
chr3,15644413,G,A,BTD,c.497G>A,p.Cys166Tyr,1.98862506463e-5,0.98893565,0.96725,0.8845,0.8432,P/LP,.,2
chr3,15644590,G,A,BTD,c.674G>A,p.Cys225Tyr,7.95361452012e-6,0.9778576,0.98117,0.9613,0.94651,P/LP,.,2
chr3,15644967,T,C,BTD,c.1051T>C,p.Cys351Arg,1.19299473492e-5,0.65770185,0.81252,0.3181,0.26097,VUS,.,2
chr3,15645108,T,C,BTD,c.1192T>C,p.Cys398Arg,NA,0.9565885,0.95876,0.7524,0.66622,P/LP,.,2
chr3,15645109,G,C,BTD,c.1193G>C,p.Cys398Ser,7.95747525225e-6,0.7830154,0.94616,0.8289,0.62236,P/LP,.,2
chr3,15645123,T,C,BTD,c.1207T>C,p.Cys403Arg,3.1847133758e-5,0.9286709,0.9899,0.7255,0.76195,P/LP,.,2
chr3,15645127,G,C,BTD,c.1211G>C,p.Cys404Ser,NA,0.91091233,0.9899,0.9712,0.58122,P/LP,.,2
chr3,15645127,G,A,BTD,c.1211G>A,p.Cys404Tyr,3.97810451276e-6,0.94340676,0.98563,0.975,0.68114,P/LP,.,2
chr3,15645244,G,A,BTD,c.1328G>A,p.Cys443Tyr,3.97734504264e-6,0.9055867,0.97776,0.9629,0.85608,VUS,.,0
chr3,15645268,G,T,BTD,c.1352G>T,p.Cys451Phe,NA,0.97097486,0.98563,0.9551,0.85546,P/LP,.,1
chr3,15645268,G,C,BTD,c.1352G>C,p.Cys451Ser,NA,0.9606156,0.97776,0.9812,0.79267,VUS,.,1
chr3,15642005,A,G,BTD,c.347A>G,p.Gln116Arg,NA,0.090616025,0.3013,0.0581,0.45791,VUS,.,1
chr3,15642006,G,T,BTD,c.348G>T,p.Gln116His,2.8292144686e-5,0.14551985,0.38592,0.1008,0.4517,VUS,.,1
chr3,15644681,G,C,BTD,c.765G>C,p.Gln255His,7.07123562771e-6,0.44426814,0.83965,0.8934,0.55975,VUS,.,2
chr3,15644711,G,C,BTD,c.795G>C,p.Gln265His,NA,0.122146256,0.85196,0.7632,0.39983,VUS,.,1
chr3,15644984,G,C,BTD,c.1068G>C,p.Gln356His,NA,0.059455782,0.55061,0.1394,0.20954,VUS,.,1
chr3,15645224,A,C,BTD,c.1308A>C,p.Gln436His,4.06639180215e-4,0.6429142,0.92378,0.7936,0.59306,P/LP,.,2
chr3,15645274,A,G,BTD,c.1358A>G,p.Gln453Arg,7.95462680868e-6,0.20247532,0.55201,0.1115,0.27412,VUS,.,1
chr3,15645387,C,G,BTD,c.1471C>G,p.Gln491Glu,3.53839512551e-5,0.1478924,0.75483,0.0759,0.05534,Conflicting,Likely_pathogenic(1)|Uncertain_significance(2),1
chr3,15645389,G,C,BTD,c.1473G>C,p.Gln491His,3.980923415e-6,0.043901104,0.44899,0.1188,0.18103,VUS,.,2
chr3,15635618,A,C,BTD,c.179A>C,p.Gln60Pro,NA,0.33982423,0.56024,0.1017,0.27284,VUS,.,1
chr3,15635641,C,G,BTD,c.202C>G,p.Gln68Glu,0.00192020708532,0.26920435,0.545,0.0948,0.36959,Conflicting,Uncertain_significance(3)|Benign(1)|Likely_benign(1),1
chr3,15635643,G,C,BTD,c.204G>C,p.Gln68His,3.88989476067e-5,0.48620722,0.74022,0.1853,0.30243,VUS,.,2
chr3,15642031,G,C,BTD,c.373G>C,p.Glu125Gln,3.97895926342e-6,0.31910914,0.85975,0.1362,0.44356,VUS,.,1
chr3,15644510,G,C,BTD,c.594G>C,p.Glu198Asp,NA,0.70892656,0.93931,0.9741,0.68523,P/LP,.,2
chr3,15635518,G,C,BTD,c.79G>C,p.Glu27Gln,NA,0.03409145,0.60924,0.0707,0.24027,VUS,.,1
chr3,15644833,A,G,BTD,c.917A>G,p.Glu306Gly,3.97870596567e-6,0.10568243,0.32008,0.0784,0.24668,VUS,.,2
chr3,15644898,G,A,BTD,c.982G>A,p.Glu328Lys,NA,0.0250805339999999,0.17616,0.0643,0.01822,VUS,.,1
chr3,15644913,G,A,BTD,c.997G>A,p.Glu333Lys,1.59154570919e-4,0.02660051,0.44373,0.0559,0.156,B/LB,.,1
chr3,15645142,A,C,BTD,c.1226A>C,p.Glu409Ala,NA,0.0852824,0.54217,0.1199,0.4653,VUS,.,1
chr3,15645141,G,A,BTD,c.1225G>A,p.Glu409Lys,8.48740327897e-5,0.036242317,0.57482,0.0585,0.10084,VUS,.,1
chr3,15645163,A,C,BTD,c.1247A>C,p.Glu416Ala,NA,0.7112006,0.96539,0.5555,0.59574,VUS,.,1
chr3,15645162,G,A,BTD,c.1246G>A,p.Glu416Lys,3.18212353711e-5,0.7419771,0.94428,0.7071,0.55309,Conflicting,Likely_pathogenic(2)|Uncertain_significance(1),1
chr3,15635571,G,C,BTD,c.132G>C,p.Glu44Asp,NA,0.7168881,0.90235,0.9505,0.74597,P/LP,.,2
chr3,15645277,A,G,BTD,c.1361A>G,p.Glu454Gly,NA,0.45275223,0.91198,0.2751,0.29706,VUS,.,1
chr3,15645375,G,A,BTD,c.1459G>A,p.Glu487Lys,1.98952712919e-5,0.13289566,0.49871,0.1463,0.32941,VUS,.,1
chr3,15635620,G,A,BTD,c.181G>A,p.Glu61Lys,NA,0.0367640029999999,0.53208,0.0848,0.38481,VUS,.,1
chr3,15635629,G,A,BTD,c.190G>A,p.Glu64Lys,NA,0.10484821,0.68844,0.0779,0.3081,P/LP,.,1
chr3,15641932,G,C,BTD,c.274G>C,p.Glu92Gln,NA,0.7420773,0.99157,0.8492,0.63844,P/LP,.,2
chr3,15641932,G,A,BTD,c.274G>A,p.Glu92Lys,3.99491846371e-6,0.9720133,0.9974,0.8408,0.78499,P/LP,.,2
chr3,15635479,G,C,BTD,c.40G>C,p.Gly14Arg,NA,0.09263247,0.74235,0.3463,0.50039,VUS,.,1
chr3,15635479,G,A,BTD,c.40G>A,p.Gly14Ser,2.78482825566e-5,0.043931164,0.61502,0.1015,0.09861,P/LP,.,2
chr3,15644466,G,A,BTD,c.550G>A,p.Gly184Arg,NA,0.9485869,0.96096,0.9317,0.65543,P/LP,.,1
chr3,15644569,G,C,BTD,c.653G>C,p.Gly218Ala,3.5353678196700003e-05,0.7022422,0.9366,0.2994,0.57392,VUS,.,2
chr3,15644578,G,A,BTD,c.662G>A,p.Gly221Asp,NA,0.9550921,0.95765,0.9094,0.84276,VUS,.,0
chr3,15635512,G,A,BTD,c.73G>A,p.Gly25Arg,0.0103782124722,0.03221775,0.73445,0.0764,0.16854,Conflicting,Uncertain_significance(3)|Benign(4)|Likely_benign(4),1
chr3,15644733,G,C,BTD,c.817G>C,p.Gly273Arg,1.59102660992e-5,0.09755483,0.79583,0.1413,0.69051,VUS,.,2
chr3,15644733,G,A,BTD,c.817G>A,p.Gly273Ser,1.19326995744e-5,0.10506032,0.63588,0.1104,0.53924,VUS,.,1
chr3,15644785,G,A,BTD,c.869G>A,p.Gly290Glu,NA,0.8502623,0.97587,0.9525,0.86206,P/LP,.,1
chr3,15644791,G,A,BTD,c.875G>A,p.Gly292Asp,NA,0.8407007,0.98117,0.942,0.7789,Conflicting,Pathogenic(1)|Uncertain_significance(1),1
chr3,15644790,G,A,BTD,c.874G>A,p.Gly292Ser,NA,0.7627065,0.95876,0.356,0.70597,VUS,.,0
chr3,15644791,G,T,BTD,c.875G>T,p.Gly292Val,NA,0.9252842,0.98708,0.7984,0.74881,P/LP,.,1
chr3,15644884,G,T,BTD,c.968G>T,p.Gly323Val,3.53796948855e-5,0.0820156,0.57612,0.0908,0.17944,VUS,.,1
chr3,15644911,G,A,BTD,c.995G>A,p.Gly332Asp,2.12203092506e-5,0.04481698,0.44899,0.0672,0.17338,VUS,.,1
chr3,15645093,G,C,BTD,c.1177G>C,p.Gly393Arg,3.18451054073e-5,0.80294377,0.97097,0.5367,0.59727,VUS,.,1
chr3,15645093,G,A,BTD,c.1177G>A,p.Gly393Ser,1.19364978315e-5,0.7283044,0.94353,0.1632,0.48429,VUS,.,2
chr3,15645190,G,A,BTD,c.1274G>A,p.Gly425Glu,NA,0.77114457,0.95949,0.6431,0.8233,P/LP,.,1
chr3,15645190,G,T,BTD,c.1274G>T,p.Gly425Val,NA,0.87046874,0.94765,0.8399,0.91735,P/LP,.,2
chr3,15645208,G,A,BTD,c.1292G>A,p.Gly431Asp,7.9545635331e-6,0.80157703,0.93854,0.8404,0.6497,VUS,.,2
chr3,15645208,G,T,BTD,c.1292G>T,p.Gly431Val,NA,0.8407905,0.92542,0.9134,0.73425,VUS,.,1
chr3,15645249,G,T,BTD,c.1333G>T,p.Gly445Cys,7.95469008527e-6,0.46229097,0.93854,0.4908,0.54136,P/LP,.,1
chr3,15645250,G,T,BTD,c.1334G>T,p.Gly445Val,NA,0.6149793,0.94765,0.3492,0.26968,VUS,.,1
chr3,15645295,G,A,BTD,c.1379G>A,p.Gly460Glu,4.37473155056e-5,0.04511971,0.50959,0.211,0.00343,Conflicting,Likely_pathogenic(1)|Uncertain_significance(3),1
chr3,15645466,G,A,BTD,c.1550G>A,p.Gly517Glu,NA,0.9515046,0.98744,0.9671,0.87949,P/LP,.,1
chr3,15641939,G,T,BTD,c.281G>T,p.Gly94Val,1.19752830159e-5,0.95163304,0.94503,0.8277,0.83742,P/LP,.,2
chr3,15642038,A,G,BTD,c.380A>G,p.His127Arg,NA,0.08048142,0.42028,0.0694,0.37463,VUS,.,1
chr3,15635507,A,G,BTD,c.68A>G,p.His23Arg,3.96011597482e-4,0.0281813629999999,0.6562,0.0563,0.05857,Conflicting,Uncertain_significance(3)|Likely_benign(1),1
chr3,15644761,A,G,BTD,c.845A>G,p.His282Arg,NA,0.32189444,0.82855,0.1827,0.40072,P/LP,.,1
chr3,15644762,C,G,BTD,c.846C>G,p.His282Gln,NA,0.62077093,0.80723,0.4986,0.48952,VUS,.,1
chr3,15644760,C,T,BTD,c.844C>T,p.His282Tyr,3.97807286238e-6,0.7213585,0.8613,0.267,0.63978,VUS,.,2
chr3,15644763,C,T,BTD,c.847C>T,p.His283Tyr,1.23324183475e-4,0.15307885,0.66956,0.106,0.35259,VUS,.,2
chr3,15644797,A,G,BTD,c.881A>G,p.His294Arg,NA,0.5325081,0.83416,0.7093,0.79844,VUS,.,1
chr3,15644797,A,T,BTD,c.881A>T,p.His294Leu,NA,0.346512,0.77973,0.3389,0.79631,P/LP,.,1
chr3,15644824,A,G,BTD,c.908A>G,p.His303Arg,0.00183896339048,0.6734031,0.94123,0.276,0.36414,Conflicting,Pathogenic(3)|Likely_pathogenic(3)|Uncertain_significance(7),1
chr3,15644929,A,G,BTD,c.1013A>G,p.His338Arg,7.95608242501e-6,0.07654947,0.36984,0.0863,0.11147,VUS,.,1
chr3,15644992,A,G,BTD,c.1076A>G,p.His359Arg,9.54448925052e-5,0.053820617,0.28911,0.0613,0.1819,VUS,.,1
chr3,15645041,C,G,BTD,c.1125C>G,p.His375Gln,NA,0.07041208,0.30369,0.1337,0.11504,VUS,.,1
chr3,15645196,A,G,BTD,c.1280A>G,p.His427Arg,NA,0.87215286,0.95986,0.8551,0.50007,P/LP,.,1
chr3,15645195,C,T,BTD,c.1279C>T,p.His427Tyr,3.97709195037e-6,0.6398618,0.98599,0.8813,0.58241,P/LP,.,2
chr3,15645205,A,C,BTD,c.1289A>C,p.His430Pro,3.97718685619e-6,0.5919402,0.92908,0.658,0.48896,VUS,.,2
chr3,15635573,A,G,BTD,c.134A>G,p.His45Arg,NA,0.74783975,0.96207,0.774,0.83828,P/LP,.,1
chr3,15645311,C,G,BTD,c.1395C>G,p.His465Gln,1.7677839061e-5,0.032193672,0.32463,0.2026,0.06526,P/LP,.,2
chr3,15641944,C,T,BTD,c.286C>T,p.His96Tyr,3.98879945114e-6,0.12875956,0.71636,0.2072,0.4911,VUS,.,1
chr3,15644598,A,C,BTD,c.682A>C,p.Ile228Leu,NA,0.43414658,0.84719,0.1568,0.45977,P/LP,.,1
chr3,15644600,A,G,BTD,c.684A>G,p.Ile228Met,NA,0.4619127,0.82629,0.1656,0.51486,VUS,.,1
chr3,15644599,T,C,BTD,c.683T>C,p.Ile228Thr,1.98841944515e-5,0.6962243,0.96354,0.7174,0.752,P/LP,.,2
chr3,15644598,A,G,BTD,c.682A>G,p.Ile228Val,NA,0.28366965,0.82742,0.1431,0.49307,VUS,.,1
chr3,15644621,C,G,BTD,c.705C>G,p.Ile235Met,NA,0.123802006,0.60574,0.1196,0.37078,P/LP,.,1
chr3,15644620,T,C,BTD,c.704T>C,p.Ile235Thr,7.95418390073e-6,0.19419377,0.80007,0.2691,0.42838,P/LP,.,2
chr3,15644700,A,T,BTD,c.784A>T,p.Ile262Phe,NA,0.89596105,0.87868,0.4262,0.69044,VUS,.,1
chr3,15644736,A,G,BTD,c.820A>G,p.Ile274Val,0.00402050919378,0.016312392,0.63904,0.0676,0.01752,B/LB,.,2
chr3,15644857,T,A,BTD,c.941T>A,p.Ile314Asn,NA,0.6294472,0.86283,0.43,0.80792,Conflicting,Pathogenic(1)|Uncertain_significance(1),1
chr3,15635581,A,G,BTD,c.142A>G,p.Ile48Val,0.00199060913347,0.016402895,0.44019,0.0673,0.27427,B/LB,.,2
chr3,15641919,T,G,BTD,c.261T>G,p.Ile87Met,6.368615463e-5,0.67053497,0.84932,0.1551,0.62559,VUS,.,1
chr3,15641920,A,G,BTD,c.262A>G,p.Ile88Val,1.42183801e-5,0.33687907,0.69443,0.1506,0.4511,Conflicting,Likely_pathogenic(1)|Uncertain_significance(2),1
chr3,15644320,T,C,BTD,c.404T>C,p.Leu135Pro,NA,0.9014792,0.97135,0.8552,0.9278,P/LP,.,1
chr3,15644374,T,G,BTD,c.458T>G,p.Leu153Arg,NA,0.9609022,0.95433,0.7725,0.86089,VUS,.,1
chr3,15644473,T,G,BTD,c.557T>G,p.Leu186Arg,NA,0.9727571,0.98599,0.8223,0.8158,VUS,.,1
chr3,15644499,C,T,BTD,c.583C>T,p.Leu195Phe,1.98818224474e-5,0.8173425,0.97549,0.8377,0.75265,P/LP,.,2
chr3,15644541,C,T,BTD,c.625C>T,p.Leu209Phe,NA,0.06898096,0.44197,0.0848,0.13815,VUS,.,1
chr3,15635498,T,C,BTD,c.59T>C,p.Leu20Pro,NA,0.5381233,0.95986,0.1117,0.49587,P/LP,.,2
chr3,15644689,T,C,BTD,c.773T>C,p.Leu258Pro,NA,0.93915117,0.98267,0.9636,0.86795,P/LP,.,2
chr3,15644688,C,G,BTD,c.772C>G,p.Leu258Val,NA,0.813345,0.91795,0.3835,0.69707,P/LP,.,2
chr3,15645070,T,C,BTD,c.1154T>C,p.Leu385Pro,7.95627232729e-6,0.9342782,0.97662,0.9748,0.57603,P/LP,.,1
chr3,15645121,T,C,BTD,c.1205T>C,p.Leu402Pro,NA,0.93530923,0.98117,0.8845,0.70803,VUS,.,2
chr3,15645165,C,G,BTD,c.1249C>G,p.Leu417Val,NA,0.038567375,0.58381,0.1198,0.36808,VUS,.,1
chr3,15645175,T,C,BTD,c.1259T>C,p.Leu420Pro,NA,0.9604863,0.99124,0.9563,0.88688,Conflicting,Likely_pathogenic(1)|Uncertain_significance(1),1
chr3,15645348,T,A,BTD,c.1432T>A,p.Leu478Met,NA,0.06405727,0.52916,0.0876,0.16897,VUS,.,1
chr3,15645372,C,A,BTD,c.1456C>A,p.Leu486Ile,NA,0.2563337,0.84986,0.1166,0.48157,VUS,.,1
chr3,15645373,T,C,BTD,c.1457T>C,p.Leu486Pro,NA,0.8892594,0.90457,0.1831,0.51084,VUS,.,1
chr3,15645444,C,G,BTD,c.1528C>G,p.Leu510Val,1.72343221526e-4,0.09615754,0.81717,0.1874,0.41793,B/LB,.,1
chr3,15645459,C,T,BTD,c.1543C>T,p.Leu515Phe,NA,0.67187864,0.94428,0.3799,0.6137,Conflicting,Pathogenic(1)|Uncertain_significance(1),1
chr3,15645459,C,G,BTD,c.1543C>G,p.Leu515Val,8.22023657841e-6,0.6189019,0.91541,0.2071,0.46646,Conflicting,Pathogenic(1)|Likely_pathogenic(2)|Uncertain_significance(1),1
chr3,15635591,T,C,BTD,c.152T>C,p.Leu51Pro,0.0015352063381,0.03588842,0.73517,0.0376,0.00357,Conflicting,Uncertain_significance(1)|Benign(2)|Likely_benign(1),1
chr3,15635600,T,C,BTD,c.161T>C,p.Leu54Pro,NA,0.099821866,0.68319,0.1227,0.33549,VUS,.,1
chr3,15635627,T,C,BTD,c.188T>C,p.Leu63Ser,NA,0.86847585,0.98489,0.5978,0.80533,P/LP,.,1
chr3,15644384,G,T,BTD,c.468G>T,p.Lys156Asn,9.19436173448e-5,0.6818998,0.85924,0.9594,0.77716,P/LP,.,2
chr3,15644532,A,G,BTD,c.616A>G,p.Lys206Glu,7.07048567166e-6,0.048662763,0.51265,0.0545,0.07161,VUS,.,0
chr3,15644945,A,C,BTD,c.1029A>C,p.Lys343Asn,NA,0.058999,0.14996,0.137,0.17525,VUS,.,1
chr3,15644339,G,A,BTD,c.423G>A,p.Met141Ile,NA,0.477531,0.76816,0.6381,0.55589,VUS,.,1
chr3,15644778,A,C,BTD,c.862A>C,p.Met288Leu,7.9558925318e-6,0.59568805,0.85924,0.5495,0.56968,VUS,.,1
chr3,15645053,G,A,BTD,c.1137G>A,p.Met379Ile,NA,0.39719945,0.86181,0.9624,0.08092,Conflicting,Pathogenic(1)|Uncertain_significance(1),1
chr3,15645051,A,T,BTD,c.1135A>T,p.Met379Leu,NA,0.33849147,0.81659,0.5061,0.01438,VUS,.,1
chr3,15635636,T,G,BTD,c.197T>G,p.Met66Arg,3.97769309711e-6,0.9884925,0.99221,0.8498,0.89106,Conflicting,Pathogenic(1)|Likely_pathogenic(1)|Uncertain_significance(1),1
chr3,15635635,A,G,BTD,c.196A>G,p.Met66Val,NA,0.49394566,0.91413,0.3278,0.58171,VUS,.,2
chr3,15635671,A,T,BTD,c.232A>T,p.Met78Leu,NA,0.041555386,0.31079,0.1024,0.04644,VUS,.,1
chr3,15641980,T,G,BTD,c.322T>G,p.Phe108Val,3.18390219052e-5,0.79640895,0.94276,0.7101,0.74336,Conflicting,Likely_pathogenic(1)|Uncertain_significance(1),1
chr3,15635472,C,A,BTD,c.33C>A,p.Phe11Leu,3.97800956313e-6,0.12879933,0.6442,0.331,0.02367,VUS,.,1
chr3,15642043,T,C,BTD,c.385T>C,p.Phe129Leu,3.1843077315e-5,0.61156106,0.91371,0.9357,0.5882,Conflicting,Likely_pathogenic(1)|Uncertain_significance(1),1
chr3,15644360,C,A,BTD,c.444C>A,p.Phe148Leu,NA,0.5912161,0.84719,0.9355,0.47842,VUS,.,1
chr3,15644359,T,A,BTD,c.443T>A,p.Phe148Tyr,NA,0.18338785,0.67326,0.1703,0.00213,VUS,.,1
chr3,15644438,C,G,BTD,c.522C>G,p.Phe174Leu,7.95393083262e-6,0.86265177,0.9366,0.9782,0.87314,P/LP,.,2
chr3,15644507,T,G,BTD,c.591T>G,p.Phe197Leu,3.97639611268e-6,0.2408708,0.80545,0.9714,0.64825,VUS,.,1
chr3,15644551,T,G,BTD,c.635T>G,p.Phe212Cys,7.95298197059e-6,0.9589092,0.98341,0.9151,0.92184,VUS,.,1
chr3,15644592,T,C,BTD,c.676T>C,p.Phe226Leu,NA,0.90154797,0.97852,0.9917,0.76732,VUS,.,1
chr3,15644606,C,G,BTD,c.690C>G,p.Phe230Leu,NA,0.81953937,0.93504,0.9846,0.7322,VUS,.,1
chr3,15644937,T,G,BTD,c.1021T>G,p.Phe341Val,NA,0.12193731,0.76816,0.2774,0.07245,P/LP,.,0
chr3,15645064,T,G,BTD,c.1148T>G,p.Phe383Cys,NA,0.77847946,0.95876,0.9428,0.70585,VUS,.,1
chr3,15645063,T,G,BTD,c.1147T>G,p.Phe383Val,1.59119116571e-5,0.8845704,0.96502,0.8293,0.33137,Conflicting,Pathogenic(2)|Likely_pathogenic(4)|Uncertain_significance(1),1
chr3,15645184,T,G,BTD,c.1268T>G,p.Phe423Cys,NA,0.9058343,0.99157,0.8547,0.82251,VUS,.,1
chr3,15645184,T,A,BTD,c.1268T>A,p.Phe423Tyr,NA,0.63791674,0.94466,0.3324,0.40464,VUS,.,1
chr3,15645343,T,C,BTD,c.1427T>C,p.Phe476Ser,NA,0.93434167,0.94008,0.8664,0.46522,VUS,.,1
chr3,15645415,T,G,BTD,c.1499T>G,p.Phe500Cys,NA,0.20373552,0.82629,0.5379,0.54962,VUS,.,1
chr3,15641978,C,T,BTD,c.320C>T,p.Pro107Leu,1.19421046765e-5,0.6923413,0.82686,0.4258,0.65877,Conflicting,Pathogenic(1)|Likely_pathogenic(1)|Uncertain_significance(1),1
chr3,15641996,C,T,BTD,c.338C>T,p.Pro113Leu,3.97956097483e-6,0.7054253,0.84826,0.1993,0.69707,VUS,.,1
chr3,15642022,C,T,BTD,c.364C>T,p.Pro122Ser,NA,0.6696928,0.95912,0.73740000000000006,0.68645,Conflicting,Likely_pathogenic(1)|Uncertain_significance(1),1
chr3,15642022,C,A,BTD,c.364C>A,p.Pro122Thr,NA,0.866688,0.9899,0.6935,0.72675,Conflicting,Pathogenic(1)|Likely_pathogenic(3)|Uncertain_significance(1),1
chr3,15642035,C,G,BTD,c.377C>G,p.Pro126Arg,2.8295146675e-5,0.5391389,0.85563,0.147,0.67181,VUS,.,1
chr3,15644406,C,T,BTD,c.490C>T,p.Pro164Ser,NA,0.060080137,0.63588,0.0867,0.47623,VUS,.,1
chr3,15644415,C,T,BTD,c.499C>T,p.Pro167Ser,NA,0.663718,0.92004,0.3309,0.55373000000000006,Conflicting,Likely_pathogenic(1)|Uncertain_significance(1),1
chr3,15644614,C,T,BTD,c.698C>T,p.Pro233Leu,NA,0.939826,0.92046,0.7613,0.79582,Conflicting,Likely_pathogenic(1)|Uncertain_significance(1),1
chr3,15644613,C,T,BTD,c.697C>T,p.Pro233Ser,NA,0.9545718,0.93854,0.738,0.69776,P/LP,.,2
chr3,15644686,C,T,BTD,c.770C>T,p.Pro257Leu,NA,0.939786,0.942,0.9196,0.85369,VUS,.,1
chr3,15644802,C,A,BTD,c.886C>A,p.Pro296Thr,NA,0.79656404,0.9721,0.3046,0.65444,VUS,.,0
chr3,15644878,C,T,BTD,c.962C>T,p.Pro321Leu,NA,0.3134527,0.71791,0.1656,0.40707,VUS,.,1
chr3,15644962,C,T,BTD,c.1046C>T,p.Pro349Leu,3.88884960758e-5,0.052701537,0.77464,0.0639,0.10191,VUS,.,2
chr3,15645028,C,T,BTD,c.1112C>T,p.Pro371Leu,NA,0.029955897,0.50341,0.0636,0.09559,VUS,.,1
chr3,15645027,C,T,BTD,c.1111C>T,p.Pro371Ser,0.0140017396101,0.022680078,0.4072,0.0712,0.06183,B/LB,.,2
chr3,15645030,C,T,BTD,c.1114C>T,p.Pro372Ser,NA,0.07748927,0.57999,0.0784,0.1001,VUS,.,1
chr3,15645075,C,T,BTD,c.1159C>T,p.Pro387Ser,3.97838938884e-6,0.2652709,0.84506,0.1805,0.01902,VUS,.,1
chr3,15635575,C,A,BTD,c.136C>A,p.Pro46Thr,7.95431044083e-6,0.027973933,0.6173,0.0995,0.1082,VUS,.,2
chr3,15645345,C,T,BTD,c.1429C>T,p.Pro477Ser,3.88967468175e-5,0.8739271,0.97022,0.4798,0.71894,P/LP,.,2
chr3,15645382,C,G,BTD,c.1466C>G,p.Pro489Arg,NA,0.5828802,0.8882,0.5227,0.36237,P/LP,.,1
chr3,15645382,C,A,BTD,c.1466C>A,p.Pro489His,NA,0.7493385,0.88867,0.5566,0.28442,VUS,.,1
chr3,15645382,C,T,BTD,c.1466C>T,p.Pro489Leu,NA,0.581028,0.87576,0.2069,0.26185,VUS,.,1
chr3,15645381,C,T,BTD,c.1465C>T,p.Pro489Ser,NA,0.39859,0.85872,0.2316,0.10409,P/LP,.,1
chr3,15641929,C,G,BTD,c.271C>G,p.Pro91Ala,NA,0.93109304,0.99671,0.6309,0.7706,VUS,.,2
chr3,15641969,C,T,BTD,c.311C>T,p.Ser104Phe,NA,0.7170616,0.91837,0.7537,0.79543,P/LP,.,1
chr3,15641998,T,C,BTD,c.340T>C,p.Ser114Pro,3.97851601353e-6,0.20829062,0.59007,0.0834,0.76519,VUS,.,1
chr3,15644332,G,A,BTD,c.416G>A,p.Ser139Asn,3.98307987668e-6,0.94880867,0.88773,0.9653,0.88272,Conflicting,Likely_pathogenic(3)|Uncertain_significance(1),1
chr3,15644397,A,G,BTD,c.481A>G,p.Ser161Gly,4.24307141796e-5,0.077369444,0.44197,0.0659,0.54797,VUS,.,2
chr3,15644788,G,A,BTD,c.872G>A,p.Ser291Asn,NA,0.69969463,0.94503,0.8854,0.85783,P/LP,.,2
chr3,15644788,G,C,BTD,c.872G>C,p.Ser291Thr,NA,0.7248801,0.92378,0.3727,0.63411,VUS,.,1
chr3,15644812,C,T,BTD,c.896C>T,p.Ser299Phe,NA,0.39904678,0.92868,0.6443,0.5533,P/LP,.,1
chr3,15644811,T,C,BTD,c.895T>C,p.Ser299Pro,NA,0.41298592,0.8336,0.5585,0.02358,VUS,.,1
chr3,15635444,C,T,BTD,c.5C>T,p.Ser2Phe,3.980574795e-6,0.088110454,0.61616,0.1267,0.27255,VUS,.,1
chr3,15644844,A,C,BTD,c.928A>C,p.Ser310Arg,3.97940261208e-6,0.4099477,0.60691,0.5408,0.28107,VUS,.,1
chr3,15645157,C,G,BTD,c.1241C>G,p.Ser414Cys,3.97759816712e-6,0.16867198,0.71004,0.2509,0.67607,VUS,.,1
chr3,15645327,A,G,BTD,c.1411A>G,p.Ser471Gly,NA,0.046979327,0.57352,0.1163,0.44818,VUS,.,1
chr3,15635579,C,G,BTD,c.140C>G,p.Ser47Cys,7.95431044083e-6,0.049317732,0.71558,0.1172,0.72827,VUS,.,1
chr3,15645438,T,C,BTD,c.1522T>C,p.Ser508Pro,NA,0.24641794,0.82855,0.2891,0.28177,VUS,.,1
chr3,15641960,C,T,BTD,c.302C>T,p.Thr101Ile,NA,0.8830816,0.82855,0.8542,0.77128,VUS,.,1
chr3,15642053,C,G,BTD,c.395C>G,p.Thr132Arg,NA,0.85827935,0.98378,0.42,0.76015,Conflicting,Likely_pathogenic(1)|Uncertain_significance(1),1
chr3,15644469,A,G,BTD,c.553A>G,p.Thr185Ala,NA,0.05701606,0.63694,0.1512,0.45859,VUS,.,1
chr3,15644556,A,G,BTD,c.640A>G,p.Thr214Ala,NA,0.83117294,0.97361,0.44,0.75986,P/LP,.,1
chr3,15644557,C,T,BTD,c.641C>T,p.Thr214Ile,3.1811421891e-5,0.8676481,0.99463,0.7342,0.70516,P/LP,.,2
chr3,15644587,C,T,BTD,c.671C>T,p.Thr224Ile,NA,0.30730903,0.93227,0.2763,0.36546,P/LP,.,1
chr3,15644664,A,G,BTD,c.748A>G,p.Thr250Ala,7.9538675681e-6,0.16880699,0.64215,0.0653,0.71101,VUS,.,1
chr3,15644917,C,T,BTD,c.1001C>T,p.Thr334Met,3.97838938884e-5,0.01012533,0.5709,0.0564,0.30388,VUS,.,2
chr3,15645067,C,T,BTD,c.1151C>T,p.Thr384Ile,7.95620902552e-6,0.6175298,0.96243,0.2988,0.51901,VUS,.,2
chr3,15645292,C,T,BTD,c.1376C>T,p.Thr459Met,1.37897870715e-4,0.028157078,0.38986,0.0837,0.49165,VUS,.,1
chr3,15645331,C,T,BTD,c.1415C>T,p.Thr472Ile,NA,0.6777829,0.97361,0.5652,0.52663,Conflicting,Likely_pathogenic(1)|Uncertain_significance(1),1
chr3,15645370,C,T,BTD,c.1454C>T,p.Thr485Ile,NA,0.10910451,0.48105,0.1055,0.35077,VUS,.,1
chr3,15645451,C,T,BTD,c.1535C>T,p.Thr512Met,7.94809173543e-5,0.28040475,0.97512,0.214,0.58534,P/LP,.,2
chr3,15644670,T,G,BTD,c.754T>G,p.Trp252Gly,7.95405736466e-6,0.9831125,0.98415,0.9075,0.90244,P/LP,.,2
chr3,15645315,T,C,BTD,c.1399T>C,p.Trp467Arg,NA,0.27020875,0.77206,0.4901,0.01516,Conflicting,Pathogenic(1)|Uncertain_significance(1),1
chr3,15644485,A,G,BTD,c.569A>G,p.Tyr190Cys,NA,0.94788355,0.99695,0.8657,0.87101,P/LP,.,2
chr3,15635552,A,G,BTD,c.113A>G,p.Tyr38Cys,NA,0.5701431,0.88679,0.5529,0.84167,VUS,.,1
chr3,15645096,T,C,BTD,c.1180T>C,p.Tyr394His,NA,0.03134068,0.3358,0.0674,0.36622,Conflicting,Uncertain_significance(1)|Likely_benign(1),1
chr3,15645097,A,C,BTD,c.1181A>C,p.Tyr394Ser,NA,0.10883935,0.49396,0.0677,0.37121,VUS,.,1
chr3,15645169,A,G,BTD,c.1253A>G,p.Tyr418Cys,NA,0.8872466,0.98378,0.7457,0.8338,P/LP,.,1
chr3,15645168,T,C,BTD,c.1252T>C,p.Tyr418His,3.1847133758e-5,0.85147464,0.98229,0.612,0.69645,Conflicting,Likely_pathogenic(1)|Uncertain_significance(1),1
chr3,15645214,A,C,BTD,c.1298A>C,p.Tyr433Ser,NA,0.8952643,0.89831,0.7365,0.64773,VUS,.,1
chr3,15645216,T,G,BTD,c.1300T>G,p.Tyr434Asp,3.97731340434e-6,0.731215,0.92827,0.2591,0.458,P/LP,.,1
chr3,15645217,A,G,BTD,c.1301A>G,p.Tyr434Cys,2.62506860975e-4,0.5714416,0.96096,0.2979,0.61879,Conflicting,Pathogenic(2)|Likely_pathogenic(4)|Uncertain_significance(2),1
chr3,15645337,A,G,BTD,c.1421A>G,p.Tyr474Cys,3.97737668144e-6,0.41047508,0.77206,0.1917,0.79499,VUS,.,2
chr3,15645412,A,G,BTD,c.1496A>G,p.Tyr499Cys,3.98771782909e-6,0.07450686,0.81077,0.1453,0.49314,VUS,.,2
chr3,15645475,A,G,BTD,c.1559A>G,p.Tyr520Cys,1.2546106943e-5,0.77818656,0.99376,0.7667,0.77008,P/LP,.,2
chr3,15635657,A,G,BTD,c.218A>G,p.Tyr73Cys,3.97804121251e-6,0.7340219,0.9721,0.6359,0.86546,P/LP,.,2
chr3,15644365,T,C,BTD,c.449T>C,p.Val150Ala,NA,0.7772903,0.96614,0.3611,0.7206,VUS,.,1
chr3,15644451,G,A,BTD,c.535G>A,p.Val179Met,2.12129568741e-5,0.6998081,0.9366,0.5565,0.70622,P/LP,.,2
chr3,15635488,G,A,BTD,c.49G>A,p.Val17Met,5.6575485842e-5,0.04128431,0.6442,0.0844,0.37569,VUS,.,2
chr3,15644626,T,A,BTD,c.710T>A,p.Val237Asp,3.9770603161e-6,0.8315333,0.88679,0.4833,0.62371,Conflicting,Likely_pathogenic(1)|Uncertain_significance(1),1
chr3,15644643,G,T,BTD,c.727G>T,p.Val243Leu,1.98849852453e-5,0.4766156,0.84826,0.3487,0.34475,VUS,.,2
chr3,15644653,T,A,BTD,c.737T>A,p.Val246Asp,NA,0.9510774,0.89007,0.9277,0.9668,VUS,.,1
chr3,15644656,T,C,BTD,c.740T>C,p.Val247Ala,7.07113562438e-6,0.07274041,0.82003,0.1593,0.53004,VUS,.,1
chr3,15644655,G,T,BTD,c.739G>T,p.Val247Leu,NA,0.07168607,0.69863,0.2586,0.26141,VUS,.,2
chr3,15644724,G,A,BTD,c.808G>A,p.Val270Ile,3.18205321984e-5,0.015797375,0.43483,0.0656,0.10685,VUS,.,1
chr3,15644743,T,G,BTD,c.827T>G,p.Val276Gly,NA,0.75684613,0.87722,0.6237,0.77636,Conflicting,Pathogenic(1)|Likely_pathogenic(1)|Uncertain_significance(1),1
chr3,15644742,G,A,BTD,c.826G>A,p.Val276Ile,1.47180498982e-4,0.025914943,0.32236,0.0673,0.04807,VUS,.,2
chr3,15644881,T,C,BTD,c.965T>C,p.Val322Ala,3.98025792071e-6,0.0148289239999999,0.6262,0.0601,0.13051,VUS,.,1
chr3,15645018,G,A,BTD,c.1102G>A,p.Val368Met,6.36370144695e-5,0.024990164,0.59375,0.0566,0.30613,VUS,.,1
chr3,15645079,T,C,BTD,c.1163T>C,p.Val388Ala,NA,0.12884873,0.57612,0.108,0.24965,VUS,.,2
chr3,15645105,G,A,BTD,c.1189G>A,p.Val397Ile,NA,0.16016324,0.81485,0.0843,0.45042,VUS,.,2
chr3,15645180,G,A,BTD,c.1264G>A,p.Val422Ile,8.35229170975e-5,0.07809548,0.71946,0.1029,0.37261,VUS,.,2
chr3,15645202,T,C,BTD,c.1286T>C,p.Val429Ala,NA,0.21915756,0.92253,0.5118,0.37389,VUS,.,1
chr3,15635564,T,C,BTD,c.125T>C,p.Val42Ala,3.97731340434e-6,0.5639643,0.9484,0.5212,0.55445,P/LP,.,1
chr3,15635563,G,A,BTD,c.124G>A,p.Val42Met,1.19322249622e-5,0.4163918,0.93621,0.7445,0.78308,P/LP,.,2
chr3,15645226,T,C,BTD,c.1310T>C,p.Val437Ala,4.94993494371e-5,0.06669837,0.38394,0.1062,0.40833,VUS,.,2
chr3,15645225,G,T,BTD,c.1309G>T,p.Val437Leu,3.97721849248e-6,0.10777643,0.93148,0.5583,0.50007,P/LP,.,1
chr3,15645225,G,A,BTD,c.1309G>A,p.Val437Met,3.97721849248e-6,0.085035376,0.89007,0.4547,0.55424,P/LP,.,1
chr3,15635668,G,A,BTD,c.229G>A,p.Val77Met,3.97889593596e-6,0.16012979,0.92336,0.3917,0.62452,P/LP,.,1
chr3,15641911,G,A,BTD,c.253G>A,p.Val85Ile,4.02229962914e-6,0.43456212,0.74235,0.1216,0.47305,P/LP,.,1
chr3,15641923,G,C,BTD,c.265G>C,p.Val89Leu,7.99974400819e-6,0.7123775,0.93068,0.6209,0.68395,Conflicting,Likely_pathogenic(1)|Uncertain_significance(2),1
